Actual,Predicted,Residual,Residual_Absolute,Residual_Standardized
41.9136,76.2032340234963,-34.28963402349629,34.28963402349629,-0.17164724768079187
219.582,157.84222495395045,61.739775046049544,61.739775046049544,0.3090573218665425
6.8714,31.679525038119287,-24.808125038119286,24.808125038119286,-0.12418465533916859
-383.031,87.47926031157084,-470.51026031157085,470.51026031157085,-2.3552829736448526
2.5164,-13.617156592518125,16.133556592518126,16.133556592518126,0.08076145060371413
14.1694,23.032189931037948,-8.862789931037948,8.862789931037948,-0.04436540493238501
1.9656,24.433897608788847,-22.46829760878885,22.46829760878885,-0.11247193370389576
90.7152,133.80423259678395,-43.08903259678395,43.08903259678395,-0.2156953277890878
5.7825,-17.274892275094565,23.057392275094564,23.057392275094564,0.11542082718072676
34.47,40.844412805672945,-6.3744128056729465,6.3744128056729465,-0.03190907237228635
85.3092,268.75156841540155,-183.44236841540155,183.44236841540155,-0.9182768653924215
68.3568,140.49758890471412,-72.14078890471411,72.14078890471411,-0.36112277700398143
5.4432,-17.806282219805624,23.249482219805625,23.249482219805625,0.11638239213339484
132.5922,52.834018479141534,79.75818152085846,79.75818152085846,0.39925396487753007
-123.858,-154.21785562684204,30.359855626842034,30.359855626842034,0.15197554032693308
-3.816,-160.2220548473768,156.4060548473768,156.4060548473768,0.7829383310643402
13.3176,137.06422538978416,-123.74662538978416,123.74662538978416,-0.6194515707979745
9.99,39.038339719619294,-29.048339719619293,29.048339719619293,-0.14541034643742984
2.4824,30.588663566253093,-28.10626356625309,28.10626356625309,-0.14069449619766902
16.011,17.822765536552836,-1.8117655365528371,1.8117655365528371,-0.009069346368033896
7.384,-19.478145995182757,26.862145995182757,26.862145995182757,0.13446668528784114
5.0596,17.73989170119205,-12.68029170119205,12.68029170119205,-0.06347507730201415
15.6884,25.098706382692058,-9.410306382692058,9.410306382692058,-0.04710616594260703
-1.0196,-28.14163961487949,27.12203961487949,27.12203961487949,0.13576766226765302
240.2649,214.12959684138292,26.13530315861709,26.13530315861709,0.13082825122617964
4.2224,-15.546865334829281,19.76926533482928,19.76926533482928,0.0989611023864972
11.7741,42.38911897856734,-30.61501897856734,30.61501897856734,-0.1532528385040627
-1665.0522,452.5570716582318,-2117.609271658232,2117.609271658232,-10.60034070046922
-7.0532,-132.6407864902902,125.58758649029019,125.58758649029019,0.6286670644883631
15.525,1.7514598916330506,13.77354010836695,13.77354010836695,0.06894766648142608
1.1016,-17.05607038105472,18.15767038105472,18.15767038105472,0.09089377107575461
9.7092,-13.956733980513519,23.66593398051352,23.66593398051352,0.11846706875806652
-5.715,-144.98632043399314,139.27132043399314,139.27132043399314,0.6971651787529652
3.546,-14.806663623226346,18.352663623226345,18.352663623226345,0.09186986937158881
9.9468,-15.300541017103079,25.24734101710308,25.24734101710308,0.1263832852189256
123.4737,165.11454742226684,-41.640847422266845,41.640847422266845,-0.20844599409343922
-147.963,-85.54541673323426,-62.41758326676573,62.41758326676573,-0.3124502981654912
35.415,-17.978669312469762,53.39366931246976,53.39366931246976,0.2672783376685719
-46.9764,47.216616476978615,-94.19301647697861,94.19301647697861,-0.47151194492032417
-15.147,-5.778909000713611,-9.36809099928639,9.36809099928639,-0.04689484393297557
41.7564,43.246028616835716,-1.4896286168357165,1.4896286168357165,-0.007456791518136026
16.5564,2.923756389438406,13.632643610561594,13.632643610561594,0.06824236598041811
3.894,43.06696673948158,-39.17296673948158,39.17296673948158,-0.19609226274377195
9.5616,-0.4317735741592017,9.993373574159202,9.993373574159202,0.05002488705114162
19.7714,37.32464314995491,-17.55324314995491,17.55324314995491,-0.0878681257576823
8.2062,32.190753846716646,-23.984553846716643,23.984553846716643,-0.12006201792120759
8.4784,61.27837385657314,-52.79997385657314,52.79997385657314,-0.26430641353268236
4.95,34.186056722306205,-29.236056722306206,29.236056722306206,-0.14635002129170263
6.104,32.97199787112247,-26.86799787112247,26.86799787112247,-0.1344959786421573
17.9634,24.079058486890418,-6.115658486890418,6.115658486890418,-0.03061379851155908
35.3346,30.732233404410977,4.602366595589025,4.602366595589025,0.023038553237679695
2.9568,30.156639220959548,-27.199839220959547,27.199839220959547,-0.13615711198429745
17.0981,48.20906606842909,-31.11096606842909,31.11096606842909,-0.1557354533057178
6.2566,16.98384909692835,-10.72724909692835,10.72724909692835,-0.05369852537394523
298.6855,205.5626949560297,93.12280504397029,93.12280504397029,0.46615467435900765
52.14,54.741986394099605,-2.6019863940996046,2.6019863940996046,-0.013025038492508413
15.552,25.993575936207417,-10.441575936207418,10.441575936207418,-0.05226850101905068
7.098,54.31258721631893,-47.21458721631893,47.21458721631893,-0.2363470528881284
6.9888,31.668724429486947,-24.679924429486945,24.679924429486945,-0.123542907993377
3.3,34.4480810508754,-31.1480810508754,31.1480810508754,-0.15592124369882218
16.362,-14.841084689032066,31.203084689032064,31.203084689032064,0.15619658122781277
0.84,32.312370263065446,-31.472370263065446,31.472370263065446,-0.15754457250678938
6.1512,31.564318546041008,-25.41311854604101,25.41311854604101,-0.1272131353290207
9.3612,-24.84374748191079,34.20494748191079,34.20494748191079,0.17122332330268988
68.9631,52.498488658436244,16.464611341563753,16.464611341563753,0.08241864637507755
22.3328,37.48103283665384,-15.14823283665384,15.14823283665384,-0.0758291112660381
-15.2225,-11.512991251948268,-3.709508748051732,3.709508748051732,-0.018569080276989697
111.3024,164.9389279627563,-53.636527962756304,53.636527962756304,-0.26849404090030055
62.988,6.667967381982439,56.320032618017564,56.320032618017564,0.2819271439744996
35.6636,42.70694645173696,-7.043346451736959,7.043346451736959,-0.03525762427427767
1.731,-13.850520179885514,15.581520179885514,15.581520179885514,0.07799806354676753
8.763,29.514793488819777,-20.75179348881978,20.75179348881978,-0.10387944748419627
-114.3912,114.34023664197663,-228.73143664197664,228.73143664197664,-1.1449851442207233
1.213,-0.17543912928503147,1.3884391292850315,1.3884391292850315,0.0069502565979790145
-18.196,-1.5795886923979268,-16.616411307602075,16.616411307602075,-0.08317852752022659
-1.9344,-160.45534799383532,158.5209479938353,158.5209479938353,0.7935250753696257
-5.8248,-112.24106195131552,106.41626195131552,106.41626195131552,0.5326991375849923
2.724,-15.70232365822607,18.42632365822607,18.42632365822607,0.09223859719945393
-14.475,-116.43875762460002,101.96375762460002,101.96375762460002,0.5104107657568229
56.2032,69.4808647698199,-13.2776647698199,13.2776647698199,-0.06646541085291578
8.0352,29.09897005647474,-21.06377005647474,21.06377005647474,-0.10544114158516511
4.172,22.843398418442003,-18.671398418442003,18.671398418442003,-0.09346539384704339
6.2031,35.860370198788665,-29.657270198788666,29.657270198788666,-0.1484585341406508
62.8075,3.724652832109083,59.08284716789092,59.08284716789092,0.2957572569763838
-48.9549,20.864216927419378,-69.81911692741937,69.81911692741937,-0.3495009380351784
33.2156,83.40363977838868,-50.18803977838868,50.18803977838868,-0.25123157886583175
6.7966,35.60835599736743,-28.811755997367435,28.811755997367435,-0.14422605427663332
2.9568,30.156639220959548,-27.199839220959547,27.199839220959547,-0.13615711198429745
13.8572,-3.946659459153258,17.80385945915326,17.80385945915326,0.08912266232311597
6.633,29.7038041398857,-23.070804139885702,23.070804139885702,-0.11548796437082008
8.2782,-4.397757063953922,12.675957063953922,12.675957063953922,0.06345337894993755
3.1104,33.17641895365253,-30.06601895365253,30.06601895365253,-0.15050465101425922
6.2208,31.380708199291252,-25.15990819929125,25.15990819929125,-0.12594561351545708
16.5354,35.68734132220126,-19.151941322201264,19.151941322201264,-0.0958708982850987
16.1504,34.98091107673744,-18.83051107673744,18.83051107673744,-0.0942618809092521
-3.788,-130.38712992991776,126.59912992991777,126.59912992991777,0.6337306544701826
40.5426,31.613273489430938,8.929326510569062,8.929326510569062,0.04469847412579733
17.9592,-11.369119474931843,29.328319474931842,29.328319474931842,0.1468118707107076
22.5852,31.21826079286621,-8.63306079286621,8.63306079286621,-0.04321542548809467
22.6184,-20.821530386319033,43.439930386319034,43.439930386319034,0.21745185396693203
-10.7973,-3.329146409019014,-7.468153590980986,7.468153590980986,-0.03738412630099581
-3.0396,-160.35814251614426,157.31854251614425,157.31854251614425,0.7875060670973136
11.7208,27.429266402824076,-15.708466402824076,15.708466402824076,-0.07863353168142143
-26.8758,13.51137389324992,-40.38717389324992,40.38717389324992,-0.2021703479142305
-3.8385,-2.179961650538189,-1.6585383494618107,1.6585383494618107,-0.008302320831511046
-25.8174,-130.69516641440939,104.8777664144094,104.8777664144094,0.5249977277566411
17.6016,-22.0757706279124,39.6773706279124,39.6773706279124,0.19861721063645907
2.0994,-9.642603056726408,11.742003056726407,11.742003056726407,0.058778186596143416
1.0738,-14.086693488645984,15.160493488645985,15.160493488645985,0.07589048570846527
67.992,34.66609556021484,33.32590443978516,33.32590443978516,0.16682300457457444
10.9096,36.60100237158822,-25.691402371588225,25.691402371588225,-0.1286061701073018
22.788,42.72134726324674,-19.93334726324674,19.93334726324674,-0.09978246464973146
13.3476,22.10254710717246,-8.754947107172459,8.754947107172459,-0.04382556470294565
14.5348,-45.972054601795946,60.50685460179595,60.50685460179595,0.30288556159868735
1.652,-16.793975611576638,18.44597561157664,18.44597561157664,0.09233697106083329
7.4925,-16.28987676782529,23.78237676782529,23.78237676782529,0.11904995873410563
44.0316,-6.007486027112336,50.03908602711233,50.03908602711233,0.2504859453189472
165.3813,167.84898885181212,-2.467688851812113,2.467688851812113,-0.012352771081075943
-115.7156,-103.00542692521303,-12.710173074786965,12.710173074786965,-0.06362465765422713
18.3456,34.55327741580572,-16.207677415805716,16.207677415805716,-0.08113248504824717
13.878,28.67493659842046,-14.796936598420459,14.796936598420459,-0.07407059053140276
63.4368,57.982168983801174,5.4546310161988245,5.4546310161988245,0.027304823387827557
51.759,29.01730807632225,22.74169192367775,22.74169192367775,0.11384049254153454
19.7316,26.484784490508844,-6.753184490508843,6.753184490508843,-0.033805129855925514
-8.5794,64.1550318936786,-72.73443189367859,72.73443189367859,-0.3640944385005996
-407.682,11.662836094616154,-419.3448360946162,419.3448360946162,-2.0991587981216484
-1.8308,-133.942259830487,132.11145983048698,132.11145983048698,0.661324307266036
30.499,11.466529099769364,19.032470900230635,19.032470900230635,0.09527285255802943
-9.1602,-2.986477535995018,-6.173722464004982,6.173722464004982,-0.030904455502948548
26.2416,69.02882017023042,-42.78722017023042,42.78722017023042,-0.2141845134042426
-11.994,-62.42634484795313,50.43234484795313,50.43234484795313,0.2524545225915206
29.364,-3.548109184876619,32.91210918487662,32.91210918487662,0.1647516259019484
6.9732,-34.516561250306566,41.489761250306564,41.489761250306564,0.20768968606280122
9.6192,29.69300353125336,-20.07380353125336,20.07380353125336,-0.10048556144587494
16.6568,38.38951272019461,-21.73271272019461,21.73271272019461,-0.1087897386277901
3.456,25.19714061880744,-21.74114061880744,21.74114061880744,-0.10883192705125457
1.9698,29.771417513072805,-27.801617513072806,27.801617513072806,-0.13916949722831926
26.6616,-6.893347257690735,33.554947257690735,33.554947257690735,0.16796954843291964
18.4464,29.058139066398496,-10.611739066398496,10.611739066398496,-0.05312030459718256
20.6976,1.2636962986339855,19.433903701366017,19.433903701366017,0.097282347188286
10.35,-2.7387835780267196,13.08878357802672,13.08878357802672,0.06551990829410308
2.3814,27.67328971700605,-25.29188971700605,25.29188971700605,-0.12660628735773127
5.1042,28.04051041050556,-22.936310410505563,22.936310410505563,-0.11481471488490817
68.976,51.95305792250315,17.02294207749685,17.02294207749685,0.08521354159188965
218.2518,177.19151531878498,41.06028468121502,41.06028468121502,0.20553980977723227
20.1579,135.19111027355777,-115.03321027355777,115.03321027355777,-0.5758339071747463
12.9096,-6.6671840760782395,19.57678407607824,19.57678407607824,0.09799757859175179
103.8015,71.59308816653089,32.208411833469114,32.208411833469114,0.16122905364332954
5.9988,53.08172152458253,-47.082921524582524,47.082921524582524,-0.23568796000935766
585.552,362.6257170305115,222.9262829694885,222.9262829694885,1.1159256724992157
80.6285,51.04198745603928,29.586512543960723,29.586512543960723,0.14810433506418236
17.766,1.8970489696996324,15.868951030300366,15.868951030300366,0.0794368865548653
15.2388,18.93155758189738,-3.6927575818973803,3.6927575818973803,-0.018485227192880725
26.271,24.745886500702333,1.5251134992976674,1.5251134992976674,0.007634421947340858
48.5392,42.11809414280452,6.421105857195478,6.421105857195478,0.03214280871879177
21.0288,31.758291224483138,-10.729491224483137,10.729491224483137,-0.05370974902898526
1.7901,27.27906750192569,-25.488967501925693,25.488967501925693,-0.12759282046967127
51.4764,64.72325802071094,-13.246858020710945,13.246858020710945,-0.06631119825061967
6.8714,31.679525038119287,-24.808125038119286,24.808125038119286,-0.12418465533916859
236.2325,184.33387955069824,51.898620449301745,51.898620449301745,0.25979441345009696
2.691,33.086413881716375,-30.395413881716376,30.395413881716376,-0.15215353804418286
1.3596,-7.853951826302261,9.213551826302261,9.213551826302261,0.0461212508499052
13.348,25.27353536071818,-11.92553536071818,11.92553536071818,-0.05969691366156253
9.688,-12.660942708268411,22.34894270826841,22.34894270826841,0.11187446625476785
2.7324,-18.817219187792517,21.549619187792516,21.549619187792516,0.10787320796772419
-1359.992,1386.7660508752022,-2746.758050875202,2746.758050875202,-13.749737286630621
-58.6347,29.064039001090812,-87.69873900109081,87.69873900109081,-0.4390028532908347
-24.858,251.50389193653984,-276.36189193653985,276.36189193653985,-1.383413951932482
6.8136,-23.72048418414758,30.53408418414758,30.53408418414758,0.1528476946435525
-453.849,-134.566148220302,-319.282851779698,319.282851779698,-1.5982679401624995
8.9985,5.311340496851841,3.687159503148159,3.687159503148159,0.01845720429800393
9.8418,29.85501266073844,-20.01321266073844,20.01321266073844,-0.10018225531693395
53.2608,49.021702298777576,4.239097701222427,4.239097701222427,0.021220099711948156
21.259,28.774864453379667,-7.515864453379667,7.515864453379667,-0.03762295761105292
-131.12,-148.27665214091923,17.15665214091922,17.15665214091922,0.08588286819823217
6.552,-19.938971963495867,26.490971963495866,26.490971963495866,0.13260866018013714
-243.16,-146.1336705064455,-97.0263294935545,97.0263294935545,-0.4856949595532644
-11.3372,15.628179072216959,-26.965379072216958,26.965379072216958,-0.1349834500200164
-3.7715,-23.671591865923194,19.900091865923194,19.900091865923194,0.09961599459008584
1.4104,32.60038649326114,-31.18998649326114,31.18998649326114,-0.1561310142039092
1.8612,-13.176491760318708,15.037691760318708,15.037691760318708,0.0752757641088303
76.6395,41.123560323020094,35.515939676979905,35.515939676979905,0.17778589559087518
131.0296,113.84133586728748,17.188264132712504,17.188264132712504,0.08604111168899987
41.986,47.15376834839739,-5.167768348397395,5.167768348397395,-0.02586884459153173
7.25,34.26807090700309,-27.018070907003093,27.018070907003093,-0.13524721511036686
3.4368,30.336649364831857,-26.89984936483186,26.89984936483186,-0.1346554210329974
22.984,43.10051125140737,-20.116511251407367,20.116511251407367,-0.10069934799763962
3.7224,-13.905102381804937,17.627502381804938,17.627502381804938,0.08823985304859513
6.255,-17.002716937559633,23.257716937559632,23.257716937559632,0.1164236135310025
112.392,138.2856242568112,-25.893624256811194,25.893624256811194,-0.12961845358619686
20.0928,30.116598712367676,-10.023798712367675,10.023798712367675,-0.05017718938339205
24.8832,20.606443673123586,4.276756326876413,4.276756326876413,0.021408611477355705
46.9764,92.14391365740099,-45.16751365740099,45.16751365740099,-0.22609980026514573
6.567,23.74344913780355,-17.17644913780355,17.17644913780355,-0.08598196811936905
6.7116,16.807439155933487,-10.095839155933486,10.095839155933486,-0.050537809851120045
1.2038,-16.310108344847873,17.513908344847874,17.513908344847874,0.08767122336350519
1.5876,-19.517098627168053,21.10469862716805,21.10469862716805,0.10564602206030234
12.0276,34.41286950358531,-22.385269503585313,22.385269503585313,-0.11205631113619578
-2.2586,-133.84181417020625,131.58321417020625,131.58321417020625,0.6586800120943704
5.8203,-17.715557107293982,23.53585710729398,23.53585710729398,0.11781592919618734
6.795,-16.691659408948283,23.486659408948285,23.486659408948285,0.11756965507417479
-161.875,-48.30350485662633,-113.57149514337367,113.57149514337367,-0.5685168451490171
0.2925,-14.213420629932095,14.505920629932096,14.505920629932096,0.07261382111858375
-178.9668,-145.78603179030196,-33.180768209698044,33.180768209698044,-0.1660964807972676
9.6712,-26.12390918422178,35.79510918422178,35.79510918422178,0.17918336391968953
44.4768,56.49477520583768,-12.017975205837686,12.017975205837686,-0.06015964957119427
5.8744,38.22987503516264,-32.35547503516264,32.35547503516264,-0.1619652234662131
35.6346,52.80551552297352,-17.170915522973523,17.170915522973523,-0.08595426791835059
7.4824,25.9891852518456,-18.5067852518456,18.5067852518456,-0.09264137230867028
16.2099,17.72527175121228,-1.5153717512122782,1.5153717512122782,-0.007585656648612068
3.6796,48.56908635617371,-44.88948635617371,44.88948635617371,-0.2247080495977843
6.5,-13.8994124981099,20.3994124981099,20.3994124981099,0.10211549668936028
8.88,-13.380983283757654,22.260983283757653,22.260983283757653,0.11143415846044982
-244.323,-15.121663693629149,-229.20133630637085,229.20133630637085,-1.1473373706698047
-14.6958,-55.959801321302045,41.26400132130205,41.26400132130205,0.20655957570864336
-950.4,58.74469145967264,-1009.1446914596726,1009.1446914596726,-5.051582314411442
4.4792,-1.5175947619969712,5.996794761996971,5.996794761996971,0.03001878979221648
26.0568,33.950814776847864,-7.894014776847865,7.894014776847865,-0.03951590468037539
22.6782,33.82494728622565,-11.14674728622565,11.14674728622565,-0.05579845182841299
1.8148,-16.638446847270966,18.453246847270968,18.453246847270968,0.09237336945439197
8.2302,-25.405379130792397,33.635579130792394,33.635579130792394,0.16837317592814932
-13.8432,-136.73659642214295,122.89339642214296,122.89339642214296,0.6151804723127361
19.0848,-10.480518963869244,29.565318963869245,29.565318963869245,0.14799824411877557
-383.9904,-53.89376809037969,-330.0966319096203,330.0966319096203,-1.6523996230802733
2.7168,-12.753107901931035,15.469907901931034,15.469907901931034,0.07743935416231791
0.968,32.405975537879044,-31.437975537879044,31.437975537879044,-0.15737239919315943
136.939,132.2085613280636,4.730438671936383,4.730438671936383,0.023679657175818103
0.2198,35.966576183673325,-35.746776183673326,35.746776183673326,-0.17894141830689553
-28.2744,11.440255434507353,-39.71465543450735,39.71465543450735,-0.19880385113626575
43.8408,34.73255061588651,9.108249384113492,9.108249384113492,0.04559412727770893
-12.432,-145.82617732439246,133.39417732439247,133.39417732439247,0.6677453418921278
-102.048,-33.91070152637573,-68.13729847362427,68.13729847362427,-0.3410820815231817
-248.2458,32.74685517523353,-280.99265517523355,280.99265517523355,-1.4065946532499267
-3.552,-133.41303000750239,129.8610300075024,129.8610300075024,0.6500590926840027
0.0,25.849777872106856,-25.849777872106856,25.849777872106856,-0.12939896710086152
-7.7247,90.63614869232651,-98.36084869232651,98.36084869232651,-0.49237530345222313
4.752,30.94868385399771,-26.196683853997712,26.196683853997712,-0.13113551106498683
9.396,-21.86429002144521,31.26029002144521,31.26029002144521,0.15648294001060564
-356.728,-44.366296221004745,-312.36170377899526,312.36170377899526,-1.5636220175989053
-4.6752,-111.88464186644833,107.20944186644833,107.20944186644833,0.5366696421769905
11.1944,-11.886179049041996,23.080579049041994,23.080579049041994,0.11553689566742877
-120.513,-64.66495554088552,-55.84804445911449,55.84804445911449,-0.27956446292756504
-2.8308,-113.26063940620827,110.42983940620827,110.42983940620827,0.5527903267476981
1.2038,-16.310108344847873,17.513908344847874,17.513908344847874,0.08767122336350519
580.5394,374.59200091365824,205.94739908634176,205.94739908634176,1.0309326776706074
41.68,59.05906792109755,-17.37906792109755,17.37906792109755,-0.08699623839291627
23.94,25.817956476696928,-1.8779564766969266,1.8779564766969266,-0.009400685357809984
496.0725,290.76149605079377,205.31100394920622,205.31100394920622,1.0277470072242005
12.4416,27.789286690568694,-15.347686690568695,15.347686690568695,-0.07682753851785282
28.1372,40.24187845407686,-12.104678454076861,12.104678454076861,-0.06059366919108992
3.5767,33.37983041622824,-29.80313041622824,29.80313041622824,-0.1491886820580205
636.0003,599.0243906753662,36.97590932463379,36.97590932463379,0.18509422007009144
22.5624,31.704288181321445,-9.141888181321445,9.141888181321445,-0.04576251656270629
162.864,88.27269503166465,74.59130496833535,74.59130496833535,0.37338958444292725
-8.4924,-129.5777762824921,121.08537628249209,121.08537628249209,0.606129874674107
-19.5624,-2.816547960179559,-16.74585203982044,16.74585203982044,-0.08382648268381464
4.044,-16.824005993020545,20.868005993020546,20.868005993020546,0.10446118470771068
56.6916,87.13696281817546,-30.44536281817546,30.44536281817546,-0.15240357271827445
6.9258,29.75240687873122,-22.826606878731223,22.826606878731223,-0.11426556031309137
6.6465,65.96684762296243,-59.32034762296243,59.32034762296243,-0.29694613812361403
6.132,-23.376375229972606,29.508375229972607,29.508375229972607,0.14771319484734483
-4.466,-157.42548769308547,152.95948769308546,152.95948769308546,0.7656854853333024
-509.997,483.5305998640093,-993.5275998640093,993.5275998640093,-4.973406187266498
-251.9958,374.4720959828939,-626.4678959828939,626.4678959828939,-3.135976605412485
28.7196,35.51567299838326,-6.796072998383259,6.796072998383259,-0.03401982139590331
35.156,43.43058723010365,-8.274587230103648,8.274587230103648,-0.04142097646095258
4.7304,-18.082777800793494,22.813177800793493,22.813177800793493,0.11419833695732962
0.3024,18.55994747576541,-18.25754747576541,18.25754747576541,-0.09139373641226697
-7.4416,-7.983629570799209,0.5420295707992091,0.5420295707992091,0.0027132947504056996
21.591,-10.241535933715696,31.832535933715697,31.832535933715697,0.15934749189735098
210.4936,153.7819865896755,56.711613410324475,56.711613410324475,0.28388732136216394
92.3692,52.026423804550824,40.34277619544918,40.34277619544918,0.20194810166261876
2.3232,27.036053807698075,-24.712853807698075,24.712853807698075,-0.12370774606467012
4.095,-18.640089206222164,22.735089206222163,22.735089206222163,0.11380744062042951
4.0572,30.63546620365989,-26.578266203659894,26.578266203659894,-0.13304563819081738
1.5548,33.086413881716375,-31.531613881716375,31.531613881716375,-0.15784113455458243
4.0768,-15.546865334829281,19.623665334829283,19.623665334829283,0.09823225706708674
5.9072,-20.29611208893853,26.203312088938528,26.203312088938528,0.13116869072166654
5.9712,-18.74356372636597,24.71476372636597,24.71476372636597,0.12371730674654889
8.694,-16.134348003519612,24.828348003519615,24.828348003519615,0.12428588757595863
-3.432,-166.22993252744124,162.79793252744125,162.79793252744125,0.8149348292055437
376.11,168.14879840737848,207.96120159262153,207.96120159262153,1.0410133818664802
51.942,160.47158490969443,-108.52958490969442,108.52958490969442,-0.5432780218337364
47.844,-1.011914955276886,48.85591495527689,48.85591495527689,0.24456322074635695
47.96,16.636279549964335,31.323720450035665,31.323720450035665,0.1568004604157317
10.8864,-23.893293922264995,34.779693922265,34.779693922265,0.17410039234733266
-169.372,-103.4499893554121,-65.92201064458791,65.92201064458791,-0.3299927809370544
24.316,17.373389776538673,6.942610223461326,6.942610223461326,0.034753358282012835
-204.3145,146.5460001797326,-350.86050017973264,350.86050017973264,-1.756339514574277
6.6836,-29.017032216537537,35.700632216537535,35.700632216537535,0.17871043057017882
6.2424,-32.08721478951476,38.329614789514764,38.329614789514764,0.19187060669055075
54.3966,28.436093178355318,25.96050682164468,25.96050682164468,0.1299532547148305
-48.7032,-74.98741810277312,26.284218102773117,26.284218102773117,0.13157369051215762
78.8592,18.661244970966713,60.19795502903329,60.19795502903329,0.3013392703364898
20.1558,20.85989668396644,-0.7040966839664407,0.7040966839664407,-0.0035245712398445993
-24.5646,18.699774957498725,-43.264374957498724,43.264374957498724,-0.21657305758923437
-62.88,-129.10985620565208,66.22985620565208,66.22985620565208,0.3315337960214151
9.2988,-15.64616049333791,24.94496049333791,24.94496049333791,0.12486962704978324
15.552,25.993575936207417,-10.441575936207418,10.441575936207418,-0.05226850101905068
10.8248,206.13209835368056,-195.30729835368055,195.30729835368055,-0.9776704000809368
27.3168,36.32997753582541,-9.013177535825406,9.013177535825406,-0.045118216071441945
38.024,37.092210925889646,0.9317890741103554,0.9317890741103554,0.004664355119115032
6.5688,34.580498075856546,-28.011698075856547,28.011698075856547,-0.14022111972065474
-131.445,-51.20717804652168,-80.23782195347832,80.23782195347832,-0.40165495172035287
12.864,33.87204859048401,-21.008048590484012,21.008048590484012,-0.10516221074946434
2.8536,27.856900063755806,-25.003300063755805,25.003300063755805,-0.12516166360771938
20.9208,34.272461591364916,-13.351661591364916,13.351661591364916,-0.06683582456881096
83.868,69.25800439596264,14.609995604037351,14.609995604037351,0.07313480022397098
2.0049,32.89020282489556,-30.88530282489556,30.88530282489556,-0.15460582694024805
3.5948,-20.84334292631035,24.43814292631035,24.43814292631035,0.12233259675086126
52.5114,66.37935134433619,-13.867951344336184,13.867951344336184,-0.06942027079073881
1.7136,-11.939532492537083,13.653132492537082,13.653132492537082,0.06834492934393314
2.0358,-19.478216436091635,21.514016436091637,21.514016436091637,0.1076949875080036
37.6422,41.84368824263425,-4.201488242634248,4.201488242634248,-0.021031834067322085
22.298,14.467306013864102,7.830693986135897,7.830693986135897,0.039198933101173554
5.4432,-17.806282219805624,23.249482219805625,23.249482219805625,0.11638239213339484
8.6744,-5.722490841036361,14.396890841036361,14.396890841036361,0.07206803917275292
24.1568,33.12439147833709,-8.967591478337088,8.967591478337088,-0.04489002112205501
1995.99,747.6446708700879,1248.345329129912,1248.345329129912,6.2489742454962895
80.0226,66.87106988821581,13.151530111784183,13.151530111784183,0.06583400525453136
129.6,87.92707555542984,41.67292444457016,41.67292444457016,0.20860656543661502
13.071,39.85299518987649,-26.78199518987649,26.78199518987649,-0.13406546592455507
3.58,30.336649364831857,-26.75664936483186,26.75664936483186,-0.13393858964742336
81.744,15.783821949493957,65.96017805050604,65.96017805050604,0.3301838395576414
34.9965,50.009167507152185,-15.012667507152187,15.012667507152187,-0.07515049755805996
0.9995,-11.802724783194122,12.802224783194122,12.802224783194122,0.0640854506268665
-67.8762,-14.93260937050077,-52.94359062949923,52.94359062949923,-0.26502533120257254
3.389,-7.882753449321836,11.271753449321835,11.271753449321835,0.056424208400323125
-258.5016,94.70822405403456,-353.2098240540346,353.2098240540346,-1.7680997735685369
33.831,-23.29681856212439,57.12781856212439,57.12781856212439,0.28597076351054235
-27.6936,-139.42292692747554,111.72932692747554,111.72932692747554,0.5592953088734396
-20.7,-49.43018380338678,28.730183803386783,28.730183803386783,0.14381771971772644
-13.816,-130.64159383244433,116.82559383244433,116.82559383244433,0.5848062311272376
-3.4272,-136.45297087630908,133.02577087630908,133.02577087630908,0.6659011707703817
1.6038,-13.826038800318884,15.429838800318883,15.429838800318883,0.07723877602246215
335.9944,155.16323446446117,180.83116553553882,180.83116553553882,0.9052056909623454
4.49,-20.981590716804284,25.471590716804286,25.471590716804286,0.12750583565853021
2.7956,-16.255385261110685,19.050985261110686,19.050985261110686,0.09536553185246145
-17.4588,105.10464401620726,-122.56344401620726,122.56344401620726,-0.6135287946568676
2.3312,24.01627407500509,-21.68507407500509,21.68507407500509,-0.10855126882305495
1.116,-20.35371533497767,21.46971533497767,21.46971533497767,0.1074732248006434
-407.976,-66.26976287672316,-341.7062371232768,341.7062371232768,-1.7105150517902796
10.0724,-44.6486904649556,54.7210904649556,54.7210904649556,0.2739231501265098
8.3916,-81.00901895410496,89.40061895410496,89.40061895410496,0.44752213377128025
-2.22,-7.58307568810055,5.363075688100549,5.363075688100549,0.0268465151986001
4.7976,-11.969633314889862,16.76723331488986,16.76723331488986,0.08393351319382407
3.0996,27.44647693572694,-24.34687693572694,24.34687693572694,-0.1218757369290338
11.5432,33.46882586821004,-21.92562586821004,21.92562586821004,-0.10975542437630512
4.1472,31.380708199291252,-27.23350819929125,27.23350819929125,-0.13632565235013808
2.3086,33.23222209825295,-30.92362209825295,30.92362209825295,-0.15479764577973804
11.5432,33.46882586821004,-21.92562586821004,21.92562586821004,-0.10975542437630512
1.0668,-14.132776085477296,15.199576085477297,15.199576085477297,0.07608612559700173
23.0864,31.965522028406273,-8.879122028406272,8.879122028406272,-0.044447160239548866
1415.4296,760.4064418041163,655.0231581958836,655.0231581958836,3.278918701624547
-4.8588,40.47833352647286,-45.33713352647286,45.33713352647286,-0.22694888438363509
3.7996,30.534660523091397,-26.7350605230914,26.7350605230914,-0.13383052009897536
6.9864,26.190796612982588,-19.20439661298259,19.20439661298259,-0.09613347928210615
15.824,26.35359622395204,-10.529596223952039,10.529596223952039,-0.05270911348289567
11.325,-20.006585336682978,31.331585336682977,31.331585336682977,0.1568398305106533
168.4384,127.89248942102,40.54591057898,40.54591057898,0.20296495293080397
9.936,32.77398671286293,-22.83798671286293,22.83798671286293,-0.11432252555239468
9.936,32.77398671286293,-22.83798671286293,22.83798671286293,-0.11432252555239468
86.8704,90.70113689800075,-3.830736898000751,3.830736898000751,-0.01917592484890682
1.4456,30.048633134636162,-28.603033134636163,28.603033134636163,-0.14318122816704787
20.7328,19.756795794046283,0.9760042059537177,0.9760042059537177,0.004885687481004809
8.4784,61.27837385657314,-52.79997385657314,52.79997385657314,-0.26430641353268236
10.44,27.299659099236013,-16.859659099236012,16.859659099236012,-0.08439617871795549
0.1472,30.37265139360632,-30.225451393606317,30.225451393606317,-0.15130273884133688
29.3412,33.100157277816216,-3.758957277816215,3.758957277816215,-0.01881661001236451
271.4192,211.0396131525797,60.379586847420285,60.379586847420285,0.3022484839401119
9.396,-21.86429002144521,31.26029002144521,31.26029002144521,0.15648294001060564
4.6746,-10.988938051073525,15.663538051073525,15.663538051073525,0.07840862907920841
-5.712,-141.78977074001756,136.07777074001757,136.07777074001757,0.6811788892834677
179.1888,148.90218426546002,30.286615734539964,30.286615734539964,0.1516089156518061
0.924,-13.018153274619955,13.942153274619955,13.942153274619955,0.06979171124114093
-29.94,44.89102393670643,-74.83102393670643,74.83102393670643,-0.3745895710368226
30.98,-5.722490841036361,36.702490841036365,36.702490841036365,0.1837255402485922
-297.6848,212.1312123463951,-509.8160123463951,509.8160123463951,-2.5520399337855824
-20.3322,-159.12255288860473,138.79035288860473,138.79035288860473,0.6947575486413946
2.6811,-16.315798228542903,18.996898228542904,18.996898228542904,0.09509478267301207
-18.8728,-161.45037362825255,142.57757362825254,142.57757362825254,0.7137156400539397
25.48,23.410211233169797,2.0697887668302037,2.0697887668302037,0.010360960541707171
17.3376,-11.688817490449061,29.02641749044906,29.02641749044906,0.14530060801626385
8.799,36.590201762955886,-27.791201762955886,27.791201762955886,-0.1391173580063353
-157.0095,-11.383891666070248,-145.62560833392976,145.62560833392976,-0.728973509756093
-1.0497,-5.489268135486725,4.439568135486725,4.439568135486725,0.022223615767536883
-337.638,-53.47038423199202,-284.167615768008,284.167615768008,-1.4224878892894621
0.777,-14.148616978138058,14.925616978138057,14.925616978138057,0.0747147395180589
0.4264,-14.209100386479157,14.635500386479157,14.635500386479157,0.07326247221095789
7.884,-19.362939503104478,27.24693950310448,27.24693950310448,0.13639288684820022
13.5932,36.244582286721055,-22.651382286721056,22.651382286721056,-0.11338842004020526
27.7182,26.707995797181148,1.0102042028188514,1.0102042028188514,0.005056886022481494
701.9883,350.0984589138931,351.88984108610686,351.88984108610686,1.7614921952177425
-20.5623,-158.43671424045124,137.87441424045124,137.87441424045124,0.690172537675915
25.5798,-6.962471152937702,32.5422711529377,32.5422711529377,0.16290028854948504
9.4924,38.0410835225667,-28.5486835225667,28.5486835225667,-0.14290916456561517
6.2208,31.380708199291252,-25.15990819929125,25.15990819929125,-0.12594561351545708
21.036,35.74573504972477,-14.70973504972477,14.70973504972477,-0.07363407651620911
3.5952,-14.134075284810514,17.729275284810512,17.729275284810512,0.08874930843319973
-317.1528,379.76929881308826,-696.9220988130883,696.9220988130883,-3.48865666012116
-32.784,0.03783376287753981,-32.82183376287754,32.82183376287754,-0.16429972467405116
0.7198,-7.277919365910872,7.997719365910872,7.997719365910872,0.04003502971018281
3.4684,-15.92128643408368,19.38968643408368,19.38968643408368,0.09706100413680349
9.768,-22.458973095890435,32.226973095890436,32.226973095890436,0.16132196771776725
9.6957,32.54976451450691,-22.85406451450691,22.85406451450691,-0.11440300790455557
37.7895,52.554072664566675,-14.764572664566678,14.764572664566678,-0.07390858296473354
434.9913,195.4020524260106,239.5892475739894,239.5892475739894,1.1993372367814468
13.3035,25.048522680877795,-11.745022680877796,11.745022680877796,-0.05879330224812911
-112.9527,148.27999876732844,-261.23269876732843,261.23269876732843,-1.3076801495434942
4.6464,33.75245141404392,-29.106051414043918,29.106051414043918,-0.14569923997009904
13.608,13.41582890690919,0.19217109309080982,0.19217109309080982,0.000961971165695265
27.4302,42.086921075331844,-14.656721075331845,14.656721075331845,-0.0733686988575578
31.4548,202.08806583516935,-170.63326583516934,170.63326583516934,-0.8541569858494901
-18.4548,2.799768528636495,-21.254568528636494,21.254568528636494,-0.1063962416771003
65.7342,39.413113023418106,26.321086976581896,26.321086976581896,0.13175824893322535
26.8744,31.71961908440401,-4.8452190844040075,4.8452190844040075,-0.02425422562627848
25.8984,28.541290815014985,-2.6428908150149866,2.6428908150149866,-0.013229798078548056
38.38,42.55774026757689,-4.177740267576887,4.177740267576887,-0.020912956316868552
2.8322,33.05041185294191,-30.218211852941913,30.218211852941913,-0.15126649910694176
2.7028,24.80111830228836,-22.09831830228836,22.09831830228836,-0.11061988915841764
7.015,34.75510791541268,-27.74010791541268,27.74010791541268,-0.13886159212973817
56.5662,5.925026389895317,50.64117361010469,50.64117361010469,0.25349987881303465
14.7056,33.30479749881626,-18.599197498816256,18.599197498816256,-0.0931039700673294
8.502,31.971931952676798,-23.469931952676795,23.469931952676795,-0.11748592067713413
225.264,179.08421241236732,46.17978758763269,46.17978758763269,0.23116704694104281
11.076,34.16006482067971,-23.084064820679707,23.084064820679707,-0.11555434476318895
138.2016,63.103238438498394,75.09836156150162,75.09836156150162,0.37592781126027236
30.0957,44.6088631909829,-14.513163190982901,14.513163190982901,-0.07265007597244655
0.5004,-28.29130175735326,28.79170175735326,28.79170175735326,0.144125666646354
-145.3508,-100.24436089759068,-45.10643910240931,45.10643910240931,-0.22579407290566247
76.6395,41.123560323020094,35.515939676979905,35.515939676979905,0.17778589559087518
54.7425,26.02560865434399,28.71689134565601,28.71689134565601,0.1437511802561843
-0.7748,-16.78533512467077,16.01053512467077,16.01053512467077,0.08014562903072271
207.147,148.74249304273522,58.40450695726477,58.40450695726477,0.29236161763927676
-3.6892,-133.5059152417405,129.8167152417405,129.8167152417405,0.6498372615740692
-18.585,18.076360700942814,-36.661360700942815,36.661360700942815,-0.18351965075618917
43.1991,137.4949447202788,-94.2958447202788,94.2958447202788,-0.47202668313345975
113.6394,23.976514058319385,89.66288594168061,89.66288594168061,0.44883499136970334
11.5536,-29.679399105078755,41.232999105078754,41.232999105078754,0.20640438463593938
2.3094,40.15428849865627,-37.844888498656275,37.844888498656275,-0.1894441610292361
3.666,34.209677179479584,-30.543677179479584,30.543677179479584,-0.1528957153148908
23.3928,61.17677769452028,-37.78397769452028,37.78397769452028,-0.1891392533747303
20.5755,38.85731995579263,-18.28181995579263,18.28181995579263,-0.0915152397327225
42.0256,39.56915050557262,2.4564494944273747,2.4564494944273747,0.01229650904108248
29.1528,69.81726460039113,-40.66446460039113,40.66446460039113,-0.2035584113346693
10.584,18.20611797382133,-7.622117973821329,7.622117973821329,-0.038154842096250655
1.3677,32.533782740028386,-31.166082740028386,31.166082740028386,-0.1560113566581672
15.4752,36.79980401133214,-21.32460401133214,21.32460401133214,-0.10674682570014546
9.7164,55.23644294673407,-45.52004294673407,45.52004294673407,-0.22786449341408474
71.2476,64.70014755311576,6.54745244688425,6.54745244688425,0.03277527520586689
7.9248,31.57230943328027,-23.64750943328027,23.64750943328027,-0.11837483905330547
2.8536,27.856900063755806,-25.003300063755805,25.003300063755805,-0.12516166360771938
9.1312,29.44538001419394,-20.31418001419394,20.31418001419394,-0.101688839429993
-75.8304,-13.146619163908607,-62.68378083609139,62.68378083609139,-0.3137828314926989
66.5408,102.13656632313175,-35.59576632313174,35.59576632313174,-0.17818549227639718
24.9132,34.62247175196156,-9.709271751961563,9.709271751961563,-0.048602728511686025
-24.294,5.679930830593449,-29.97393083059345,29.97393083059345,-0.1500436757569453
-96.1146,90.61652304290809,-186.73112304290808,186.73112304290808,-0.9347397322670621
3.348,-16.03649292616196,19.384492926161958,19.384492926161958,0.09703500644490742
36.372,41.83007791260883,-5.458077912608829,5.458077912608829,-0.02732207788174874
377.9622,170.3054699002592,207.6567300997408,207.6567300997408,1.0394892567120844
18.6006,-11.369119474931843,29.969719474931843,29.969719474931843,0.1500225945284952
7.068,-22.289113960983858,29.35711396098386,29.35711396098386,0.14695601031499222
-814.4832,129.55687962090775,-944.0400796209078,944.0400796209078,-4.725681273129029
-20.889,-138.13106456581286,117.24206456581287,117.24206456581287,0.5868910027253633
-34.758,15.725936939819297,-50.4839369398193,50.4839369398193,-0.2527127825824221
5.8704,-3.5538695094805313,9.424269509480531,9.424269509480531,0.04717606264318473
-312.0614,-79.98080228403568,-232.0805977159643,232.0805977159643,-1.161750394033413
-36.2352,-8.69647675616584,-27.53872324383416,27.53872324383416,-0.13785349957973117
-7.9002,-159.81811208452734,151.91791208452733,151.91791208452733,0.7604715601471094
26.6304,41.99691600339569,-15.366516003395688,15.366516003395688,-0.07692179440055659
3.4092,87.45465849700001,-84.04545849700001,84.04545849700001,-0.4207152406816307
10.4784,34.11136526115773,-23.63296526115773,23.63296526115773,-0.11830203375264466
87.996,103.1534044975403,-15.157404497540298,15.157404497540298,-0.07587502281897983
24.9804,33.853609299156815,-8.873209299156816,8.873209299156816,-0.044417562265383986
28.819,25.514529815037093,3.3044701849629057,3.3044701849629057,0.016541535902758694
45.528,37.23520942103314,8.292790578966859,8.292790578966859,0.04151209888963765
7.182,-12.254558060056961,19.43655806005696,19.43655806005696,0.09729563439232398
19.296,33.32200803171912,-14.026008031719122,14.026008031719122,-0.07021147186766587
6.615,22.80739638966754,-16.192396389667543,16.192396389667543,-0.08105599119950682
84.51,146.9333910968185,-62.42339109681849,62.42339109681849,-0.3124793710346525
1.9089,27.721892455851574,-25.812992455851575,25.812992455851575,-0.12921482645209623
1.6688,30.120637192185086,-28.451837192185085,28.451837192185085,-0.14242437064665417
57.5928,57.84579955139819,-0.2529995513981902,0.2529995513981902,-0.0012664666129774706
14.8,34.37607699332648,-19.576076993326478,19.576076993326478,-0.09799403907283656
-30.245,77.69761272983052,-107.94261272983053,107.94261272983053,-0.5403397531117724
17.4975,23.865486927876276,-6.367986927876277,6.367986927876277,-0.03187690567616543
341.994,463.0067837104635,-121.01278371046345,121.01278371046345,-0.6057664903585367
0.5994,-13.242805934172601,13.8422059341726,13.8422059341726,0.06929139426811498
10.3974,-6.125854445128095,16.523254445128096,16.523254445128096,0.08271220236098809
6.1572,-4.9766696866472735,11.133869686647273,11.133869686647273,0.05573398906620185
8.983,101.01280339499237,-92.02980339499237,92.02980339499237,-0.46068332040320076
5.0922,28.078312540718745,-22.986112540718743,22.986112540718743,-0.11506401467544765
13.1572,45.96513005582577,-32.807930055825764,32.807930055825764,-0.164230125417134
-94.941,-33.11651406390599,-61.824485936094014,61.824485936094014,-0.3094813681283008
51.6558,48.02444610172498,3.631353898275016,3.631353898275016,0.018177852279400494
40.3704,-13.884589041146835,54.25498904114683,54.25498904114683,0.27158993693204836
81.8432,69.1628181581803,12.680381841819695,12.680381841819695,0.06347552852848769
18.1176,25.84106694429211,-7.72346694429211,7.72346694429211,-0.038662175356928535
22.869,20.78724429848026,2.0817557015197394,2.0817557015197394,0.010420864692367603
-15.08,-130.30029459966244,115.22029459966244,115.22029459966244,0.5767704149729361
-11.9616,-131.6806123828753,119.71901238287529,119.71901238287529,0.5992901223880689
50.098,126.6467475127854,-76.5487475127854,76.5487475127854,-0.3831881616169474
-1.9008,-136.9065964388673,135.0057964388673,135.0057964388673,0.675812794146643
11.8871,-8.778554366139325,20.665654366139325,20.665654366139325,0.10344825176727475
5.373,-23.6643914601683,29.0373914601683,29.0373914601683,0.14535554157715136
0.7398,32.50318101557009,-31.763381015570094,31.763381015570094,-0.15900131580940705
2.1684,27.586884847947342,-25.41848484794734,25.41848484794734,-0.12723999799404112
11.685,34.499274372644024,-22.81427437264402,22.81427437264402,-0.11420382618302093
3177.475,1164.1167110760773,2013.3582889239226,2013.3582889239226,10.078480530071944
40.416,48.82088141912496,-8.404881419124962,8.404881419124962,-0.04207320386352516
12.1728,35.895362607608774,-23.722562607608772,23.722562607608772,-0.11875054066605428
0.7152,-19.318367428333026,20.033567428333026,20.033567428333026,0.10028414732990787
1.7901,27.27906750192569,-25.488967501925693,25.488967501925693,-0.12759282046967127
1.7052,30.106236380675302,-28.4010363806753,28.4010363806753,-0.14217007165152257
1379.977,560.1826783844792,819.7943216155209,819.7943216155209,4.10373114140628
13.8915,35.3471221502826,-21.4556221502826,21.4556221502826,-0.10740267705544705
5.382,31.200698055418943,-25.818698055418942,25.818698055418942,-0.12924338757530437
56.301,228.78062245115015,-172.47962245115014,172.47962245115014,-0.8633994884423483
5.2877,-11.370700437900581,16.658400437900582,16.658400437900582,0.08338871695074981
-25.9136,5.679930830593449,-31.593530830593448,31.593530830593448,-0.15815107877423373
-21.168,-175.912756422985,154.744756422985,154.744756422985,0.7746221938338324
21.098,67.02631688888596,-45.92831688888596,45.92831688888596,-0.22990823346748215
-12.4146,-10.673560279009237,-1.7410397209907629,1.7410397209907629,-0.00871530667274608
27.1666,40.975248867685345,-13.808648867685346,13.808648867685346,-0.06912341411123049
10.434,24.157472468709862,-13.723472468709863,13.723472468709863,-0.0686970376021816
42.747,102.51249794444601,-59.76549794444601,59.76549794444601,-0.29917447416926907
5.1408,-12.380056442918729,17.520856442918728,17.520856442918728,0.08770600419288532
-7.2672,-14.064951389563547,6.797751389563547,6.797751389563547,0.03402822309614982
-149.9058,105.24995133063832,-255.15575133063834,255.15575133063834,-1.277260131030204
19.692,-20.0396367622466,39.7316367622466,39.7316367622466,0.19888885636456335
11.92,19.650087635326756,-7.730087635326756,7.730087635326756,-0.038695317250279256
2.397,34.715286545290795,-32.318286545290796,32.318286545290796,-0.1617790651092142
274.386,196.56218776241423,77.8238122375858,77.8238122375858,0.3895708879673332
11.375,24.256478047839632,-12.881478047839632,12.881478047839632,-0.06448217707593848
1.4672,-14.625213398203055,16.092413398203057,16.092413398203057,0.08055549576441377
-68.1856,-164.857394308741,96.671794308741,96.671794308741,0.4839202252811652
3.36,-21.632507397046552,24.992507397046552,24.992507397046552,0.1251076376144845
41.2938,53.616351651883285,-12.322551651883288,12.322551651883288,-0.06168430010074792
70.98,74.23190380962453,-3.2519038096245225,3.2519038096245225,-0.016278398838035106
206.316,101.60582724981664,104.71017275018336,104.71017275018336,0.5241587864260505
38.0864,33.142701025206264,4.943698974793733,4.943698974793733,0.024747196829345845
-145.5246,78.04738191592595,-223.57198191592596,223.57198191592596,-1.1191579160078642
7.264,-7.182874009946293,14.446874009946292,14.446874009946292,0.07231824520784431
6.2995,3.462135417177713,2.8373645828222873,2.8373645828222873,0.01420329598661447
-84.2928,-105.04994628299562,20.75714628299562,20.75714628299562,0.10390624253214154
13.932,-22.061510698220374,35.993510698220376,35.993510698220376,0.18017652336228449
6.4128,31.452712256840176,-25.039912256840175,25.039912256840175,-0.12534493713493705
15.642,6.672639829979779,8.96936017002022,8.96936017002022,0.044898874849079264
-17.046,-158.63436537842304,141.58836537842305,141.58836537842305,0.7087638556939778
-1.744,-24.96046449604893,23.216464496048932,23.216464496048932,0.11621711182146041
0.0,184.2499935519244,-184.2499935519244,184.2499935519244,-0.9223196799569334
6.0382,-8.47037699982993,14.50857699982993,14.50857699982993,0.07262711839033278
2.5707,-18.6573701800339,21.2280701800339,21.2280701800339,0.10626359609089762
310.9872,262.3013209615672,48.685879038432745,48.685879038432745,0.24371205397353057
3.4048,-20.065699104781977,23.47049910478198,23.47049910478198,0.11748875973041199
9.936,32.77398671286293,-22.83798671286293,22.83798671286293,-0.11432252555239468
-217.048,216.86797250340464,-433.91597250340465,433.91597250340465,-2.172099076762012
15.552,25.993575936207417,-10.441575936207418,10.441575936207418,-0.05226850101905068
16.614,33.75403237701266,-17.140032377012663,17.140032377012663,-0.08579967288825277
27.3182,-17.323573270592313,44.64177327059231,44.64177327059231,0.22346804600586995
1.3,-24.190021080275447,25.490021080275447,25.490021080275447,0.12759809447824855
3.7743,-18.242626808552103,22.016926808552103,22.016926808552103,0.11021245914983593
0.0,29.760616904440468,-29.760616904440468,29.760616904440468,-0.14897586767561516
1.2006,32.47977969686669,-31.27917969686669,31.27917969686669,-0.1565774980567329
46.797,46.785677645031924,0.011322354968072545,0.011322354968072545,5.667750977461239e-05
45.0016,27.806849428015962,17.19475057198404,17.19475057198404,0.08607358154410083
27.3672,-17.857843377605327,45.22504337760533,45.22504337760533,0.22638778287021394
9.3312,29.584997444929975,-20.253797444929972,20.253797444929972,-0.10138657601665495
0.0,60.60613645097236,-60.60613645097236,60.60613645097236,-0.3033825472516725
34.776,27.27862922498573,7.497370775014275,7.497370775014275,0.03753038184927203
6.4216,25.636365369855874,-19.214765369855876,19.214765369855876,-0.09618538326504023
11.2266,-26.466648498154655,37.69324849815465,37.69324849815465,0.18868508064049294
4.0095,28.758750884556076,-24.749250884556076,24.749250884556076,-0.12388994276184166
2.3814,27.67328971700605,-25.29188971700605,25.29188971700605,-0.12660628735773127
78.7528,22.432889218017575,56.319910781982415,56.319910781982415,0.28192653408697244
9.7608,26.70922582733484,-16.94842582733484,16.94842582733484,-0.08484052771722893
2.19,30.36185078497398,-28.17185078497398,28.17185078497398,-0.1410228130752643
8.714,-5.094756341027502,13.808756341027502,13.808756341027502,0.06912395210190626
-5.7148,-106.48159826979487,100.76679826979488,100.76679826979488,0.504419019717851
1.5456,32.39754637369982,-30.851946373699818,30.851946373699818,-0.1544388510245464
52.9173,64.06665145677363,-11.14935145677363,11.14935145677363,-0.05581148780035558
9.2386,1.3625675399599793,7.876032460040021,7.876032460040021,0.03942588869522736
3.5046,-14.998123975397597,18.502723975397597,18.502723975397597,0.09262104234761288
-4.7481,-147.96199768143742,143.21389768143743,143.21389768143743,0.7169009546678965
30.4776,49.582385681141005,-19.104785681141006,19.104785681141006,-0.09563484630521843
4.9686,44.78707323341649,-39.81847323341649,39.81847323341649,-0.19932354287257362
144.5157,79.1759919803125,65.3397080196875,65.3397080196875,0.3270778871002475
-20.1362,-2.381643452584054,-17.754556547415945,17.754556547415945,-0.08887586152330108
7.2576,-19.83528612062542,27.09288612062542,27.09288612062542,0.1356217255380408
-12.8961,-134.30634991063178,121.41024991063178,121.41024991063178,0.6077561289548041
3.6288,-15.777278318985832,19.406078318985834,19.406078318985834,0.0971430587287489
1.168,-15.961608706311079,17.12960870631108,17.12960870631108,0.08574749401736041
9.75,-14.989483488491729,24.73948348849173,24.73948348849173,0.12384104907431194
22.0748,42.75014888626632,-20.675348886266317,20.675348886266317,-0.10349678065201712
434.9913,195.4020524260106,239.5892475739894,239.5892475739894,1.1993372367814468
55.745,53.747170810679634,1.9978291893203632,1.9978291893203632,0.010000744873748364
91.7728,70.2748425703712,21.497957429628798,21.497957429628798,0.10761459924086883
1.0178,-15.549745497131237,16.56754549713124,16.56754549713124,0.08293391476445139
-28.7964,-41.37897966764499,12.582579667644993,12.582579667644993,0.06298594984115664
-115.3544,18.73331819769515,-134.08771819769515,134.08771819769515,-0.6712170727940955
0.73,-16.592364250439655,17.322364250439655,17.322364250439655,0.08671239083143001
17.847,11.019681297512754,6.827318702487247,6.827318702487247,0.03417623132164421
5.1408,-12.380056442918729,17.520856442918728,17.520856442918728,0.08770600419288532
-5.5338,-136.03498732223758,130.50118732223757,130.50118732223757,0.6532635958607274
-31.6712,-132.52219893380445,100.85099893380445,100.85099893380445,0.5048405118871823
47.8152,3.1382580400253204,44.67694195997468,44.67694195997468,0.2236440936339341
-2.6256,-133.78133076186515,131.15573076186516,131.15573076186516,0.6565401131843771
2.3814,-34.5684041717418,36.949804171741796,36.949804171741796,0.18496354274524376
-10.1178,-54.400623895988986,44.28282389598898,44.28282389598898,0.2216712151570722
41.5773,45.921628954444856,-4.344328954444855,4.344328954444855,-0.021746866926006293
5.6956,-20.7396570834399,26.4352570834399,26.4352570834399,0.13232976231234658
2.64,-16.12289779522067,18.76289779522067,18.76289779522067,0.0939234219548326
-157.9383,46.14741521255356,-204.08571521255357,204.08571521255357,-1.0216134498022524
15.992,-66.44201895319995,82.43401895319995,82.43401895319995,0.4126486873230344
-2.7968,-133.71544704920788,130.9186470492079,130.9186470492079,0.6553533181687267
15.7872,36.33458735865721,-20.54738735865721,20.54738735865721,-0.10285623009938999
3.0814,30.83707756479688,-27.75567756479688,27.75567756479688,-0.13893953077038748
33.57,-19.041449201891872,52.61144920189187,52.61144920189187,0.26336269572939996
10.9939,38.83413777555921,-27.840237775559213,27.840237775559213,-0.13936282276092654
27.2862,41.930093111692955,-14.643893111692954,14.643893111692954,-0.0733044845632187
-14.773,-165.04006547644528,150.26706547644528,150.26706547644528,0.7522077426789414
87.5684,83.40363977838868,4.164760221611317,4.164760221611317,0.02084798072794178
178.901,96.75897914140948,82.14202085859053,82.14202085859053,0.41118700157761645
130.87,117.35513387567497,13.514866124325039,13.514866124325039,0.06765279476080654
46.9278,37.44178280954633,9.486017190453666,9.486017190453666,0.04748515954058666
12.0904,20.63805501753623,-8.547655017536231,8.547655017536231,-0.042787900765568036
28.1764,46.537562313339706,-18.361162313339705,18.361162313339705,-0.09191241216355477
5.1435,-23.786798358001473,28.930298358001473,28.930298358001473,0.14481945430891344
6.0858,28.467134451482934,-22.381334451482935,22.381334451482935,-0.1120366130296954
-51.7191,23.205788878910376,-74.92488887891037,74.92488887891037,-0.37505944070565556
29.95,-4.9649377147128,34.9149377147128,34.9149377147128,0.17477739650327292
30.0768,30.57331448822513,-0.4965144882251309,0.4965144882251309,-0.002485455087653653
2.4585,-17.38721860487089,19.84571860487089,19.84571860487089,0.09934381260643849
85.5297,21.86651340850039,63.66318659149962,63.66318659149962,0.3186855464695737
43.2234,96.81878618123756,-53.59538618123756,53.59538618123756,-0.26828809313318414
-13.8468,-133.93534900411095,120.08854900411094,120.08854900411094,0.6011399509370962
12.2328,1.414480902304085,10.818319097695914,10.818319097695914,0.05415440410882262
272.792,209.02789022557167,63.764109774428306,63.764109774428306,0.31919074832051864
5.0128,-20.791500004875125,25.804300004875124,25.804300004875124,0.12917131373088475
6.0288,29.47699135860659,-23.44819135860659,23.44819135860659,-0.11737709148599902
85.904,88.52312827011716,-2.6191282701171588,2.6191282701171588,-0.013110847394303118
12.6,18.96216057808503,-6.36216057808503,6.36216057808503,-0.03184774010079044
54.3332,46.97836802735688,7.354831972643119,7.354831972643119,0.036816860290600384
3.1752,33.17641895365253,-30.00121895365253,30.00121895365253,-0.15018027480067545
56.511,66.72389984718049,-10.212899847180488,10.212899847180488,-0.05112379293424045
9.8625,-20.849032810005387,30.711532810005387,30.711532810005387,0.1537359679978951
3.0144,-12.217397713767046,15.231797713767046,15.231797713767046,0.0762474208096581
6.068,25.787573890708614,-19.719573890708617,19.719573890708617,-0.09871235666903777
22.6782,33.82494728622565,-11.14674728622565,11.14674728622565,-0.05579845182841299
31.6,80.00662922504821,-48.40662922504821,48.40662922504821,-0.24231418364776436
178.318,73.64621342662957,104.67178657337044,104.67178657337044,0.5239666326808571
45.9754,46.65636900829543,-0.6809690082954276,0.6809690082954276,-0.003408798587635387
10.312,29.837363850895613,-19.525363850895616,19.525363850895616,-0.09774017893208566
8.5164,2.7968883663345423,5.719511633665459,5.719511633665459,0.028630764309826952
-2.6544,-133.77485039668574,131.12045039668573,131.12045039668573,0.6563635065289641
45.3222,6.529578709670751,38.79262129032925,38.79262129032925,0.19418832730164456
-50.098,85.26475102467545,-135.36275102467545,135.36275102467545,-0.6775996394701895
-3.462,-157.3023607546768,153.84036075467682,153.84036075467682,0.7700949647834098
124.929,147.4533921866668,-22.5243921866668,22.5243921866668,-0.11275273226523265
-135.765,77.15200364456177,-212.91700364456176,212.91700364456176,-1.0658211643491824
-118.1295,115.51476697442433,-233.64426697442434,233.64426697442434,-1.1695778186222499
-4.2222,-160.18965302147978,155.9674530214798,155.9674530214798,0.7807427755156457
18.398,102.95691294881331,-84.55891294881332,84.55891294881332,-0.42328549393667597
5.2626,28.018909193240884,-22.756309193240885,22.756309193240885,-0.11391366375378491
2.079,-16.32875895890171,18.40775895890171,18.40775895890171,0.09214566592054718
28.7064,-5.294857180104632,34.00125718010463,34.00125718010463,0.17020368921559698
28.6182,48.08175068091256,-19.46355068091256,19.46355068091256,-0.09743075420942032
8.7285,-21.065044982652157,29.793544982652158,29.793544982652158,0.14914069923936357
-14.3856,-109.6726772185454,95.2870772185454,95.2870772185454,0.4769886004879183
-71.8905,-65.11094242074888,-6.779557579251119,6.779557579251119,-0.033937148415597244
11.36,-28.872953660530808,40.23295366053081,40.23295366053081,0.2013983513841775
1.7115,-23.009154536473094,24.720654536473095,24.720654536473095,0.12374679499774473
16.5888,37.14542348756697,-20.556623487566974,20.556623487566974,-0.10290246436673443
17.505,27.16364187137743,-9.65864187137743,9.65864187137743,-0.048349285163567506
40.7499,43.976808447521115,-3.2269084475211187,3.2269084475211187,-0.01615327691031508
-7.392,-160.1961333866592,152.8041333866592,152.8041333866592,0.764907811850548
4.5201,-15.598637815355623,20.118737815355622,20.118737815355622,0.10071049374428835
-41.262,-99.13344331510942,57.87144331510942,57.87144331510942,0.2896932045861667
-320.2395,-127.73922438561857,-192.50027561438145,192.50027561438145,-0.9636189894695569
4.6644,-18.022294392452395,22.686694392452395,22.686694392452395,0.11356518558265591
2.5984,40.74123568065134,-38.142835680651345,38.142835680651345,-0.19093562675058673
18.522,35.472119631038865,-16.950119631038866,16.950119631038866,-0.08484900656957563
-3839.9904,1346.4724739735964,-5186.462873973596,5186.462873973596,-25.962425755438417
14.651,12.497274999325551,2.1537250006744486,2.1537250006744486,0.01078112902499234
163.1898,112.48506900244465,50.704730997555345,50.704730997555345,0.25381803474955505
6.8714,31.679525038119287,-24.808125038119286,24.808125038119286,-0.12418465533916859
9.3312,29.584997444929975,-20.253797444929972,20.253797444929972,-0.10138657601665495
4.7996,16.91544397052752,-12.11584397052752,12.11584397052752,-0.06064956159770986
14.5614,50.73280828551887,-36.17140828551887,36.17140828551887,-0.18106704413039523
74.0532,83.28044239907113,-9.22724239907113,9.22724239907113,-0.046189783198000246
10.3152,32.71717394830816,-22.401973948308157,22.401973948308157,-0.11213993034189355
24.936,61.934839538692685,-36.998839538692685,36.998839538692685,-0.18520900426782433
16.032,26.173586080079726,-10.141586080079726,10.141586080079726,-0.05076681006775063
17.3488,0.274288835273536,17.074511164726466,17.074511164726466,0.08547168642604883
17.76,-15.042696050169056,32.80269605016906,32.80269605016906,0.16420392500144268
62.8075,3.724652832109083,59.08284716789092,59.08284716789092,0.2957572569763838
31.7512,-5.981705448212487,37.73290544821249,37.73290544821249,0.18888359562972198
0.8088,-14.196139656120351,15.004939656120351,15.004939656120351,0.07511181343681232
-13.6312,-131.02609549975557,117.39489549975556,117.39489549975556,0.5876560446955919
-3.4272,-136.45297087630908,133.02577087630908,133.02577087630908,0.6659011707703817
4.1448,-17.892687088864335,22.037487088864335,22.037487088864335,0.11031537991955666
35.6796,63.86612924397258,-28.18652924397258,28.18652924397258,-0.14109629058994344
-13.8717,45.98211236278594,-59.853812362785945,59.853812362785945,-0.2996165589937438
3.6288,-15.777278318985832,19.406078318985834,19.406078318985834,0.0971430587287489
18.7695,3.502739453040636,15.266760546959365,15.266760546959365,0.0764224379616193
2.2824,-11.942412654839039,14.224812654839038,14.224812654839038,0.07120664919622434
52.7824,44.71744062032067,8.06495937967933,8.06495937967933,0.04037162015875585
-110.49,132.58441342099627,-243.07441342099628,243.07441342099628,-1.2167833000710084
15.768,-27.0066084888627,42.7746084888627,42.7746084888627,0.21412138177694343
26.6304,41.99691600339569,-15.366516003395688,15.366516003395688,-0.07692179440055659
8.8624,-19.167088466571407,28.029488466571408,28.029488466571408,0.14031017496106005
109.7226,67.84312466512628,41.87947533487372,41.87947533487372,0.2096405190741
89.3142,84.48730084449998,4.826899155500016,4.826899155500016,0.024162519620553158
113.9886,80.08324310542895,33.90535689457106,33.90535689457106,0.1697236310133904
6.972,-22.944350884679064,29.916350884679066,29.916350884679066,0.14975544173172822
3.0814,30.83707756479688,-27.75567756479688,27.75567756479688,-0.13893953077038748
24.4758,-2.0546745904030637,26.530474590403063,26.530474590403063,0.132806402657649
19.4376,-9.839753292592697,29.277353292592696,29.277353292592696,0.14655674390132498
21.996,30.397414536808476,-8.401414536808478,8.401414536808478,-0.042055849324038094
73.41,52.51468957138475,20.895310428615247,20.895310428615247,0.10459786540882567
231.4116,323.63156746034747,-92.21996746034748,92.21996746034748,-0.46163524477788576
80.0199,79.43520658748864,0.5846934125113705,0.5846934125113705,0.002926861655213241
21.112,-3.1432350587250326,24.25523505872503,24.25523505872503,0.12141699549280557
5.1282,-24.248923525647804,29.377123525647804,29.377123525647804,0.14705617430914578
6.3684,-14.481205283105208,20.84960528310521,20.84960528310521,0.10436907432793305
5.5992,-4.60231902830175,10.20151902830175,10.20151902830175,0.05106682276548477
84.0512,44.16617130313145,39.885028696868545,39.885028696868545,0.19965670659522625
-153.3456,7.674794157513681,-161.02039415751366,161.02039415751366,-0.8060368173855283
10.089,32.139341386478044,-22.050341386478046,22.050341386478046,-0.11037972603665873
102.4998,100.42168466710547,2.0781153328945265,2.0781153328945265,0.010402641714116125
3.024,30.181840641101672,-27.15784064110167,27.15784064110167,-0.13594687525111546
9.7176,69.81726460039113,-60.09966460039113,60.09966460039113,-0.3008472475421307
86.3856,58.48202584075181,27.903574159248187,27.903574159248187,0.13967987239554258
33.6474,-11.54603813377555,45.193438133775544,45.193438133775544,0.2262295731584408
9.4284,-18.539213084744787,27.967613084744787,27.967613084744787,0.14000043881798951
18.6956,47.30721524762882,-28.61161524762882,28.61161524762882,-0.14322418855774394
6.552,-23.160363057325835,29.712363057325835,29.712363057325835,0.1487343182895365
8.4966,38.044683725444145,-29.548083725444144,29.548083725444144,-0.14791196786290292
4.2717,-18.484560441916486,22.756260441916485,22.756260441916485,0.11391341971412416
-64.7748,28.489446621850398,-93.26424662185039,93.26424662185039,-0.46686270342499625
-5.487,-157.08058825742614,151.59358825742615,151.59358825742615,0.7588480580636204
-10.948,-17.256030338314087,6.3080303383140865,6.3080303383140865,0.03157677463447438
1.1466,-14.046371216418592,15.192971216418591,15.192971216418591,0.0760530629053894
1.6762,-13.84908009873454,15.52528009873454,15.52528009873454,0.07771653662430768
6.2064,-13.637176846814057,19.84357684681406,19.84357684681406,0.09933309138160998
-28.356,60.746317408979436,-89.10231740897945,89.10231740897945,-0.4460288941769283
7.1864,87.80466865759666,-80.61826865759666,80.61826865759666,-0.4035593940251729
0.8994,-12.522765358683365,13.422165358683365,13.422165358683365,0.06718875273372069
26.703,36.53518909983984,-9.832189099839841,9.832189099839841,-0.04921802888033597
56.7864,30.782988449239625,26.003411550760376,26.003411550760376,0.1301680274551914
22.792,24.493872299281097,-1.7018722992810957,1.7018722992810957,-0.008519242167344522
1.4112,32.52838243571222,-31.117182435712216,31.117182435712216,-0.1557665712329022
374.9925,195.4020524260106,179.5904475739894,179.5904475739894,0.8989948978374567
28.7712,37.50983445967341,-8.738634459673406,8.738634459673406,-0.04374390675804952
-167.3184,-12.909497199551119,-154.40890280044889,154.40890280044889,-0.7729409758338838
6.8768,33.46882586821004,-26.59202586821004,26.59202586821004,-0.13311451639894947
47.92,44.688638997301105,3.231361002698897,3.231361002698897,0.016175565536693793
4.2666,-18.242626808552103,22.509226808552103,22.509226808552103,0.11267681732803493
10.224,27.213254230177306,-16.989254230177306,16.989254230177306,-0.0850449067715609
27.9936,18.810732918762305,9.182867081237696,9.182867081237696,0.04596764897615786
5.6994,28.315925930630193,-22.616525930630193,22.616525930630193,-0.11321393589193238
-26.9955,-47.85934484704813,20.863844847048128,20.863844847048128,0.1044403548192122
5.3392,31.092691969095558,-25.753491969095556,25.753491969095556,-0.12891697857246182
25.47,35.25531697690772,-9.785316976907723,9.785316976907723,-0.04898339613713606
258.696,133.61883123606816,125.07716876393187,125.07716876393187,0.6261120124911076
2.7072,27.100857459492104,-24.393657459492104,24.393657459492104,-0.1221099111445957
34.3548,120.2692789664977,-85.9144789664977,85.9144789664977,-0.430071194123085
23.316,38.31793003636962,-15.001930036369618,15.001930036369618,-0.0750967478649131
179.7488,144.6070886949739,35.14171130502609,35.14171130502609,0.1759125810490542
9.14,32.33836216469194,-23.198362164691936,23.198362164691936,-0.11612649506679032
51.75,63.347700029620334,-11.597700029620334,11.597700029620334,-0.058055833671122645
16.175,25.984575429013802,-9.809575429013801,9.809575429013801,-0.04910482923654305
3.4695,33.39783143061547,-29.92833143061547,29.92833143061547,-0.1498154140176467
10.881,36.30218553276019,-25.42118553276019,25.42118553276019,-0.12725351709764723
14.5236,20.461645076541366,-5.938045076541366,5.938045076541366,-0.029724700278060196
3.6855,-26.557373610666296,30.242873610666297,30.242873610666297,0.151389951075938
40.8006,77.32115837037954,-36.52055837037953,36.52055837037953,-0.18281482163810445
28.1718,36.87540827175851,-8.703608271758508,8.703608271758508,-0.043568572464652774
11.7208,27.429266402824076,-15.708466402824076,15.708466402824076,-0.07863353168142143
1.926,32.78039663713345,-30.85439663713345,30.85439663713345,-0.1544511165673687
-22.449,-137.48572820003062,115.03672820003062,115.03672820003062,0.5758515172313655
-2.7,-13.323380037718511,10.623380037718512,10.623380037718512,0.053178577038528616
-15.6156,-78.32998733601192,62.714387336011924,62.714387336011924,0.3139360416864532
0.5998,-9.006016747085045,9.605816747085045,9.605816747085045,0.04808485285183824
87.7443,59.69169400757373,28.052605992426265,28.052605992426265,0.14042589680526102
5.8914,-14.501366419218908,20.39276641921891,20.39276641921891,0.10208222770933191
34.8928,45.16695599042325,-10.274155990423246,10.274155990423246,-0.05143042928923785
69.1008,49.0376840732561,20.063115926743905,20.063115926743905,0.10043206137360551
4.1634,34.78570963987097,-30.622309639870974,30.622309639870974,-0.15328933413844845
21.0896,19.02235440704726,2.067245592952741,2.067245592952741,0.010348229907249507
79.9056,86.01817754889899,-6.112577548898983,6.112577548898983,-0.03059837593439939
85.2475,218.9964828854597,-133.7489828854597,133.7489828854597,-0.6695214296152365
4.5816,30.840677767674325,-26.259077767674327,26.259077767674327,-0.13144784287778147
10.6428,27.033244086304997,-16.390444086304996,16.390444086304996,-0.08204737950111556
9.8784,17.865898801902667,-7.987498801902667,7.987498801902667,-0.039983867551947126
63.7392,38.140441306240874,25.598758693759123,25.598758693759123,0.12814241385071723
6.2208,31.380708199291252,-25.15990819929125,25.15990819929125,-0.12594561351545708
10.3488,18.1179130033239,-7.769113003323898,7.769113003323898,-0.03889067066238769
17.745,24.578327097610632,-6.833327097610631,6.833327097610631,-0.034206308180592344
7.3359,36.011578719641406,-28.675678719641407,28.675678719641407,-0.14354487785528214
18.8972,21.232807261160985,-2.335607261160984,2.335607261160984,-0.011691596293120136
99.4896,72.2737456488382,27.215854351161795,27.215854351161795,0.136237280615394
6.2208,31.380708199291252,-25.15990819929125,25.15990819929125,-0.12594561351545708
6.2152,32.33836216469194,-26.123162164691937,26.123162164691937,-0.13076747576879408
4.3176,-12.833682005476952,17.15128200547695,17.15128200547695,0.08585598634327544
247.996,333.5663886540964,-85.57038865409638,85.57038865409638,-0.42834874485352326
11.076,34.16006482067971,-23.084064820679707,23.084064820679707,-0.11555434476318895
50.9898,53.08172152458253,-2.0919215245825242,2.0919215245825242,-0.010471752828063109
3.2256,25.19714061880744,-21.97154061880744,21.97154061880744,-0.10998526469955246
311.652,253.913419600132,57.738580399868,57.738580399868,0.28902811863907235
62.0368,61.631193738562864,0.40560626143713563,0.40560626143713563,0.0020303861618958517
2.578,33.68843824373426,-31.11043824373426,31.11043824373426,-0.15573281111781745
6.2152,32.33836216469194,-26.123162164691937,26.123162164691937,-0.13076747576879408
601.9699,266.23849501259906,335.731404987401,335.731404987401,1.680606202638519
24.8832,20.606443673123586,4.276756326876413,4.276756326876413,0.021408611477355705
1.8704,-13.719472795146473,15.589872795146473,15.589872795146473,0.07803987511639518
14.5152,-27.95130172390458,42.466501723904585,42.466501723904585,0.2125790591566246
-2.4288,-136.76402840492042,134.33522840492043,134.33522840492043,0.6724560608163651
0.0,171.2603083288011,-171.2603083288011,171.2603083288011,-0.8572958387791259
-22.7964,-131.7385052082933,108.9421052082933,108.9421052082933,0.5453430183227173
117.432,36.82902700807563,80.60297299192437,80.60297299192437,0.4034828268937683
71.991,69.28263447309038,2.708365526909617,2.708365526909617,0.013557551768823815
4.8118,30.8154763475322,-26.0036763475322,26.0036763475322,-0.1301693529763984
4.068,35.32811151594102,-31.26011151594102,31.26011151594102,-0.15648204644672367
40.3128,56.321904114284095,-16.009104114284092,16.009104114284092,-0.08013846567067905
16.8,20.537249336967736,-3.7372493369677358,3.7372493369677358,-0.018707944276914967
10.7996,29.82700151920324,-19.027401519203238,19.027401519203238,-0.09524747622125658
7.4872,31.79833173307501,-24.31113173307501,24.31113173307501,-0.12169680338752117
90.588,83.40363977838868,7.184360221611314,7.184360221611314,0.03596351181648474
50.5848,58.6062328400237,-8.0214328400237,8.0214328400237,-0.04015373475560929
51.8346,63.60612415531209,-11.771524155312086,11.771524155312086,-0.0589259634816381
17.1574,43.888822615493666,-26.731422615493667,26.731422615493667,-0.13381230944014946
2.6412,-11.304386264046688,13.945586264046687,13.945586264046687,0.06980889611940508
6.5164,-13.378103121455691,19.894503121455692,19.894503121455692,0.0995880184208103
-111.4995,-36.930354397538835,-74.56914560246116,74.56914560246116,-0.37327865896148144
-79.3352,-154.4285379360815,75.09333793608151,75.09333793608151,0.3759026639671823
3.2616,-15.904005460271943,19.165605460271944,19.165605460271944,0.09593929830622916
1.5804,-16.812626225630474,18.393026225630475,18.393026225630475,0.09207191671940115
16.3215,36.96721344513338,-20.64571344513338,20.64571344513338,-0.10334843138994017
3.3408,25.19714061880744,-21.856340618807437,21.856340618807437,-0.1094085958754035
9.3024,9.9225507831938,-0.6201507831938002,0.6201507831938002,-0.0031043543657935362
11.7,-16.828396677382365,28.528396677382364,28.528396677382364,0.14280761255903407
8.7672,-18.71202282286221,27.479222822862212,27.479222822862212,0.13755565202939907
3.2944,31.092691969095558,-27.79829196909556,27.79829196909556,-0.1391528502011056
6.8714,31.679525038119287,-24.808125038119286,24.808125038119286,-0.12418465533916859
23.4416,29.30734354642665,-5.86574354642665,5.86574354642665,-0.029362772861780483
77.7438,77.91772107464506,-0.17392107464506523,0.17392107464506523,-0.0008706151181448824
8.5568,-14.766200469181186,23.32300046918119,23.32300046918119,0.11675041020996511
49.6048,35.00286449854652,14.601935501453475,14.601935501453475,0.07309445291598866
1.3416,29.97662907708724,-28.63502907708724,28.63502907708724,-0.14334139364023188
18.6624,24.19786518184614,-5.5354651818461384,5.5354651818461384,-0.027709463520248542
50.1876,50.65935633107563,-0.47175633107562476,0.47175633107562476,-0.0023615205618593782
14.6718,37.051027731269,-22.379227731269005,22.379227731269005,-0.11202606719750288
9.7176,69.81726460039113,-60.09966460039113,60.09966460039113,-0.3008472475421307
18.7812,36.240982083843605,-17.459782083843606,17.459782083843606,-0.0874002778141223
26.598,23.765402559612628,2.832597440387371,2.832597440387371,0.014179432597530323
5.7672,32.89279340781865,-27.125593407818652,27.125593407818652,-0.13578545186483615
3.5767,33.37983041622824,-29.80313041622824,29.80313041622824,-0.1491886820580205
3.58,30.336649364831857,-26.75664936483186,26.75664936483186,-0.13393858964742336
0.1472,30.37265139360632,-30.225451393606317,30.225451393606317,-0.15130273884133688
10.626,33.20601105815647,-22.580011058156472,22.580011058156472,-0.11303114953278856
40.6878,4.974572830249523,35.71322716975048,35.71322716975048,0.1787734784595844
0.5904,-16.69893025561206,17.289330255612057,17.289330255612057,0.08654702906967503
5.1786,-6.989903135715178,12.168503135715177,12.168503135715177,0.06091316315039589
1.3583,32.530182537150935,-31.171882537150935,31.171882537150935,-0.15604038931604014
21.2954,41.359680094087715,-20.064280094087714,20.064280094087714,-0.10043788896920679
5.1792,-20.699334811212502,25.878534811212504,25.878534811212504,0.12954291875242555
-35.928,-138.13657443936404,102.20857443936404,102.20857443936404,0.5116362711795821
-760.98,62.217525411909435,-823.1975254119095,823.1975254119095,-4.1207669185903315
-46.797,-16.75359198591306,-30.043408014086936,30.043408014086936,-0.1503914650426256
17.22,32.28514960301462,-15.065149603014618,15.065149603014618,-0.07541321273609694
5.2256,31.092691969095558,-25.867091969095558,25.867091969095558,-0.12948563810738647
37.2204,-13.311507183966283,50.53190718396628,50.53190718396628,0.25295291230713024
67.256,8.060596295887512,59.195403704112486,59.195403704112486,0.2963206931343106
64.518,84.15507255982058,-19.63707255982058,19.63707255982058,-0.09829937103124327
13.1956,37.40845743609052,-24.212857436090523,24.212857436090523,-0.12120486134510705
66.9546,93.04397346423522,-26.089373464235223,26.089373464235223,-0.13059833609724986
-4.1244,-139.23585725966612,135.1114572596661,135.1114572596661,0.6763417116925515
23.1093,-8.280145406083008,31.38944540608301,31.38944540608301,0.15712946677962983
262.39,220.55015498095798,41.839845019042,41.839845019042,0.20944213741063364
8.3268,34.59928957172814,-26.272489571728144,26.272489571728144,-0.13151497976383555
5.9312,25.549960500797166,-19.618760500797165,19.618760500797165,-0.09820770442061151
10.048,25.81356579233511,-15.765565792335108,15.765565792335108,-0.07891936013462413
5.9364,32.190753846716646,-26.254353846716647,26.254353846716647,-0.13142419584701726
4.5318,-18.0957385311523,22.6275385311523,22.6275385311523,0.1132690628311156
1.6752,14.50366151891233,-12.828461518912329,12.828461518912329,-0.06421678662978426
18.4534,21.01607631966808,-2.562676319668082,2.562676319668082,-0.012828259895289372
16.9932,23.441822577582442,-6.448622577582441,6.448622577582441,-0.03228055207634373
14.995,47.15376834839739,-32.158768348397395,32.158768348397395,-0.1609805479995538
18.6006,-11.369119474931843,29.969719474931843,29.969719474931843,0.1500225945284952
2.043,32.82719927454025,-30.78419927454025,30.78419927454025,-0.1540997222049991
5.4128,25.9891852518456,-20.5763852518456,20.5763852518456,-0.10300138792029055
135.98,109.1858352698096,26.79416473019039,26.79416473019039,0.134126384279618
42.0714,42.28607491962016,-0.21467491962016538,0.21467491962016538,-0.0010746209502745642
24.5028,-8.003649825095145,32.506449825095146,32.506449825095146,0.16272097394005433
5.0856,-14.826824759340038,19.912424759340038,19.912424759340038,0.09967773065905325
51.8,32.88594520660816,18.914054793391834,18.914054793391834,0.09468008452772537
22.5408,19.727994171026715,2.8128058289732856,2.8128058289732856,0.014080359635011456
-6.5296,-132.76931373301503,126.23971373301502,126.23971373301502,0.6319314867996272
3.393,-24.650847048588556,28.043847048588557,28.043847048588557,0.14038205123370132
-32.088,-160.34151114199915,128.25351114199916,128.25351114199916,0.6420121654794281
20.2485,37.71316639386754,-17.46466639386754,17.46466639386754,-0.08742472772139903
9.6192,29.69300353125336,-20.07380353125336,20.07380353125336,-0.10048556144587494
2.5984,40.74123568065134,-38.142835680651345,38.142835680651345,-0.19093562675058673
6.2208,31.380708199291252,-25.15990819929125,25.15990819929125,-0.12594561351545708
12.1176,34.59978138636096,-22.48218138636096,22.48218138636096,-0.11254143319770873
2.7279,30.605216683746008,-27.87731668374601,27.87731668374601,-0.13954843257329466
19.791,-11.105584624302779,30.89658462430278,30.89658462430278,0.15466230143676232
323.946,239.09959437939528,84.84640562060474,84.84640562060474,0.424724626410577
829.3754,361.43685959946987,467.93854040053014,467.93854040053014,2.3424094432877323
81.0474,92.47975123243052,-11.43235123243052,11.43235123243052,-0.057228129708883996
9.102,21.19529598205602,-12.09329598205602,12.09329598205602,-0.06053669074702597
19.2454,40.45962937472617,-21.21422937472617,21.21422937472617,-0.10619431170789344
56.0547,34.18539930689625,21.869300693103746,21.869300693103746,0.10947347149003316
-18.5562,-23.003070047900547,4.446870047900546,4.446870047900546,0.02226016772279484
-56.996,96.72433766540442,-153.72033766540443,153.72033766540443,-0.7694941525111751
-14.5656,-159.13767374069002,144.57207374069003,144.57207374069003,0.723699720215435
50.4063,6.279075030309375,44.12722496969063,44.12722496969063,0.2208923171547518
-0.812,-12.34275521481105,11.53075521481105,11.53075521481105,0.05772072093120131
6.8768,33.46882586821004,-26.59202586821004,26.59202586821004,-0.13311451639894947
34.9074,41.4116638973407,-6.504263897340699,6.504263897340699,-0.03255908171557194
10.5552,35.96837628511205,-25.41317628511205,25.41317628511205,-0.1272134243595954
113.848,93.35337177322562,20.49462822677438,20.49462822677438,0.10259212813284493
294.5488,133.84715326767775,160.70164673232227,160.70164673232227,0.8044412296868685
5.4432,-17.806282219805624,23.249482219805625,23.249482219805625,0.11638239213339484
53.55,18.832403305206512,34.717596694793485,34.717596694793485,0.17378954568805396
12.936,31.43989240829913,-18.50389240829913,18.50389240829913,-0.0926268912957676
9.5172,34.239269283983525,-24.722069283983522,24.722069283983522,-0.1237538769489887
2.5536,-17.97909195792304,20.53269195792304,20.53269195792304,0.10278266777767321
21.3408,-4.430808489517549,25.77160848951755,25.77160848951755,0.12900766635483527
5.0286,-18.108699261511106,23.137299261511107,23.137299261511107,0.11582082603400899
4.1148,-18.411116303216588,22.525916303216587,22.525916303216587,0.11276036169664437
15.2064,-27.306145368266225,42.512545368266224,42.512545368266224,0.21280954469702007
-21.7932,-140.87128854507216,119.07808854507216,119.07808854507216,0.5960817821457516
5.4432,-17.806282219805624,23.249482219805625,23.249482219805625,0.11638239213339484
33.5772,62.94619788040352,-29.36899788040352,29.36899788040352,-0.14701549890733612
54.3966,60.80977613949075,-6.413176139490751,6.413176139490751,-0.03210311409218919
6.2208,31.380708199291252,-25.15990819929125,25.15990819929125,-0.12594561351545708
34.9648,47.33118790934661,-12.366387909346614,12.366387909346614,-0.061903735891081835
8.0464,32.12955039780006,-24.08315039780006,24.08315039780006,-0.120555573105048
2.2098,-16.546281653608343,18.756081653608344,18.756081653608344,0.09388930167385331
41.7852,177.01228656892434,-135.22708656892434,135.22708656892434,-0.6769205295554603
15.552,25.993575936207417,-10.441575936207418,10.441575936207418,-0.05226850101905068
140.5482,123.39368372110661,17.154516278893396,17.154516278893396,0.08587217648778966
62.91,3.6683487854031576,59.24165121459684,59.24165121459684,0.2965521991889185
-204.4458,-19.86921209979132,-184.57658790020866,184.57658790020866,-0.9239545478284505
-12.9122,60.518573264398206,-73.43077326439821,73.43077326439821,-0.36758018814868243
75.5424,151.81964779552465,-76.27724779552464,76.27724779552464,-0.3818290867670383
-619.596,277.82176175980567,-897.4177617598057,897.4177617598057,-4.492299005593786
5.4432,-17.806282219805624,23.249482219805625,23.249482219805625,0.11638239213339484
7.92,-24.9301523509695,32.8501523509695,32.8501523509695,0.16444148202558373
7.6416,-18.98275807924616,26.62435807924616,26.62435807924616,0.13327636516735517
2.7168,-12.753107901931035,15.469907901931034,15.469907901931034,0.07743935416231791
-11.596,-31.46415975313553,19.86815975313553,19.86815975313553,0.09945614863579892
43.45,51.44701027975198,-7.997010279751976,7.997010279751976,-0.040031480162600594
2.5893,-9.354586826530713,11.943886826530713,11.943886826530713,0.059788777534926445
-3.168,-133.51671585037283,130.34871585037283,130.34871585037283,0.6525003532878411
5.6376,-17.806282219805624,23.443882219805623,23.443882219805623,0.11735552077414617
53.196,65.87785217098063,-12.681852170980633,12.681852170980633,-0.06348288871067823
28.1372,40.24187845407686,-12.104678454076861,12.104678454076861,-0.06059366919108992
3.0576,30.17104003246933,-27.11344003246933,27.11344003246933,-0.1357246144284461
10.94,32.986398682632256,-22.046398682632258,22.046398682632258,-0.11035998962701708
1.6704,-16.814136747690338,18.48453674769034,18.48453674769034,0.0925300006183032
4.8118,30.8154763475322,-26.0036763475322,26.0036763475322,-0.1301693529763984
9.7119,32.56056512313925,-22.84866512313925,22.84866512313925,-0.11437597960011886
6.2208,31.380708199291252,-25.15990819929125,25.15990819929125,-0.12594561351545708
91.968,57.613367327332924,34.35463267266708,34.35463267266708,0.17197261829354005
4.2336,27.640887891109035,-23.407287891109036,23.407287891109036,-0.11717233667258384
0.0,116.41649054461587,-116.41649054461587,116.41649054461587,-0.5827583395304711
28.5984,-6.612320110523296,35.2107201105233,35.2107201105233,0.1762580257254604
-31.05,-44.939940333727016,13.889940333727015,13.889940333727015,0.06953034340060196
-13.6312,-131.02609549975557,117.39489549975556,117.39489549975556,0.5876560446955919
10.1493,-15.192534930779694,25.341834930779694,25.341834930779694,0.1268563033967826
3.2186,43.20592675480766,-39.98732675480766,39.98732675480766,-0.20016879080342478
25.5798,-6.962471152937702,32.5422711529377,32.5422711529377,0.16290028854948504
-0.792,-134.17771309867197,133.38571309867197,133.38571309867197,0.6677029716222183
679.996,556.5298766887032,123.46612331129677,123.46612331129677,0.6180474318763369
-2.6256,-133.78133076186515,131.15573076186516,131.15573076186516,0.6565401131843771
16.6698,32.20954534258825,-15.539745342588251,15.539745342588251,-0.07778894682538535
93.2232,101.73200981693478,-8.508809816934772,8.508809816934772,-0.04259344923644761
0.8056,-14.070852595985222,14.876452595985223,14.876452595985223,0.07446863217043664
55.9984,83.1591769155374,-27.160776915537404,27.160776915537404,-0.13596157367061398
75.49,82.18157313674963,-6.691573136749639,6.691573136749639,-0.033496715386077035
2.5896,-16.209302664279374,18.798902664279375,18.798902664279375,0.09410365533594127
9.4392,-18.533452760140875,27.972652760140875,27.972652760140875,0.14002566645414188
44.868,-6.721986688196999,51.589986688197,51.589986688197,0.25824945278942907
-1.8904,-157.5176528867481,155.6272528867481,155.6272528867481,0.7790397997198901
72.807,113.7755225955391,-40.9685225955391,40.9685225955391,-0.20508046659973062
5.2113,29.32038253343768,-24.10908253343768,24.10908253343768,-0.12068538433912626
131.2785,183.52728413685986,-52.248784136859854,52.248784136859854,-0.26154726485603264
5.484,-15.011155146665285,20.495155146665283,20.495155146665283,0.1025947657914726
4.9104,27.927104019866007,-23.01670401986601,23.01670401986601,-0.11521714967812846
69.705,48.044818560565325,21.660181439434673,21.660181439434673,0.10842666112440599
1276.4871,503.1318443485582,773.3552556514419,773.3552556514419,3.8712661972736355
173.0316,137.32646885682334,35.70513114317666,35.70513114317666,0.1787329513230861
4.9082,33.93066145647751,-29.022461456477508,29.022461456477508,-0.14528080487860182
9.8901,32.67937181809498,-22.789271818094978,22.789271818094978,-0.11407866825131505
9.158,24.49949174206725,-15.34149174206725,15.34149174206725,-0.07679652780892927
12.9129,20.19703016504907,-7.284130165049071,7.284130165049071,-0.03646294077453732
11.4452,36.971823267965185,-25.526623267965185,25.526623267965185,-0.1277813179204041
762.1845,429.9973230961164,332.18717690388354,332.18717690388354,1.662864485264928
-290.8752,117.2059186040422,-408.0811186040422,408.0811186040422,-2.042774816169954
9.3312,29.584997444929975,-20.253797444929972,20.253797444929972,-0.10138657601665495
92.0835,113.32751647576706,-21.244016475767054,21.244016475767054,-0.10634342015001196
40.3536,0.14864957059400652,40.204950429406,40.204950429406,0.20125817264836918
2.478,-19.331328158691832,21.809328158691834,21.809328158691834,0.10917326063152144
-3.5208,-136.54207589752588,133.02127589752587,133.02127589752587,0.6658786697796744
20.585,28.21670121303044,-7.631701213030439,7.631701213030439,-0.03820281393033274
5.999,-0.36552984121419385,6.3645298412141935,6.3645298412141935,0.03185960017182164
27.3096,50.434562789705225,-23.124962789705226,23.124962789705226,-0.11575907205232111
46.575,54.03217508422832,-7.457175084228318,7.457175084228318,-0.03732917002860022
4.0687,34.535495539888466,-30.466795539888466,30.466795539888466,-0.15251086076018897
356.0414,287.78685192014325,68.25454807985676,68.25454807985676,0.3416690102780256
36.852,49.93896355104198,-13.086963551041983,13.086963551041983,-0.06551079759253009
15.552,25.993575936207417,-10.441575936207418,10.441575936207418,-0.05226850101905068
6.7008,31.56071834316356,-24.85991834316356,24.85991834316356,-0.12444392256415703
63.8862,54.13478086623553,9.751419133764472,9.751419133764472,0.04881371011850234
2.499,42.653514751589654,-40.15451475158965,40.15451475158965,-0.20100570144158528
156.429,128.46435033551955,27.964649664480447,27.964649664480447,0.13998560451174563
8.8686,30.179030919708595,-21.310430919708594,21.310430919708594,-0.10667587795638585
316.8825,254.25385791052065,62.62864208947934,62.62864208947934,0.3135068176370235
648.5624,259.6743155470603,388.8880844529397,388.8880844529397,1.9466982151650338
2.1728,-16.526120517494643,18.698920517494642,18.698920517494642,0.093603164129151
4.2804,-15.518063711809706,19.798463711809706,19.798463711809706,0.09910726379031977
5.4432,-17.806282219805624,23.249482219805625,23.249482219805625,0.11638239213339484
20.5764,-9.208997748464128,29.785397748464128,29.785397748464128,0.14909991576749484
-9.8724,-61.52902559333245,51.65662559333245,51.65662559333245,0.2585830342049415
83.284,52.05904476891782,31.224955231082184,31.224955231082184,0.15630606091329494
57.4113,61.72220843045338,-4.310908430453381,4.310908430453381,-0.021579570274334377
213.735,179.98347265024452,33.75152734975549,33.75152734975549,0.16895359019109737
52.1262,30.653600284121545,21.472599715878452,21.472599715878452,0.10748766345118552
7.056,22.75339334650585,-15.697393346505848,15.697393346505848,-0.07857810211226546
5.1012,-17.780360759088012,22.88156075908801,22.88156075908801,0.1145406487642005
-1.9272,-133.89905739595764,131.97185739595764,131.97185739595764,0.6606254845944357
-10.5798,-134.7372941950621,124.1574941950621,124.1574941950621,0.6215083002321682
8.662,44.64025539692557,-35.97825539692557,35.97825539692557,-0.18010015828711337
13.734,-14.013108468128323,27.747108468128324,27.747108468128324,0.1388966355368816
2.6964,-28.14002279559164,30.83642279559164,30.83642279559164,0.15436114300775625
1.7955,-15.434468564144076,17.229968564144077,17.229968564144077,0.08624987597229367
146.4036,148.61929566341766,-2.215695663417648,2.215695663417648,-0.011091342125824384
11.151,34.7828999184779,-23.631899918477902,23.631899918477902,-0.11829670085411609
90.294,109.42488746914267,-19.130887469142678,19.130887469142678,-0.09576550678607874
2.9835,-24.93886327878425,27.92236327878425,27.92236327878425,0.1397739270784389
-146.16,-167.92894652196034,21.768946521960345,21.768946521960345,0.10897111800156348
-18.186,-30.704138772714604,12.518138772714604,12.518138772714604,0.06266337123780064
85.2475,218.9964828854597,-133.7489828854597,133.7489828854597,-0.6695214296152365
-3.8385,-2.179961650538189,-1.6585383494618107,1.6585383494618107,-0.008302320831511046
125.2692,153.17662688519962,-27.907426885199627,27.907426885199627,-0.13969915839332198
37.9962,50.009167507152185,-12.012967507152183,12.012967507152183,-0.06013458200424408
-29.4812,12.681605386650794,-42.162805386650795,42.162805386650795,-0.21105881428073497
2.436,-16.43395532383202,18.86995532383202,18.86995532383202,0.0944593311487614
56.5776,12.543850682519022,44.033749317480975,44.033749317480975,0.2204243961960166
4.3524,31.056689940321096,-26.704289940321097,26.704289940321097,-0.1336764885383458
22.764,48.56087633046447,-25.796876330464467,25.796876330464467,-0.12913415225872105
27.7911,-5.783044690286335,33.57414469028633,33.57414469028633,0.16806564705168336
3.2944,-21.93204427645008,25.226444276450078,25.226444276450078,0.12627868019409133
7.2268,-19.979294235723266,27.206094235723267,27.206094235723267,0.13618842337326298
22.9488,-5.8407183772343565,28.789518377234355,28.789518377234355,0.14411473706956723
1.6008,-19.81087518196766,21.41167518196766,21.41167518196766,0.10718268706809386
-29.2524,-21.58927037792743,-7.663129622072571,7.663129622072571,-0.03836013844150633
4.5216,-12.46646131197744,16.98806131197744,16.98806131197744,0.08503893525475863
-2.2134,-30.57952026534918,28.36612026534918,28.36612026534918,0.14199528836012534
1.2792,-19.18876012474496,20.46796012474496,20.46796012474496,0.10245863279395959
-27.7158,-45.91523529322719,18.19943529322719,18.19943529322719,0.09110283811388986
0.2353,-14.42079231567299,14.656092315672991,14.656092315672991,0.0733655514088326
-46.225,-133.2734908334186,87.04849083341861,87.04849083341861,0.4357478372643023
12.178,11.506640049270127,0.6713599507298742,0.6713599507298742,0.0033606975118757763
-0.3488,-14.367509313086792,14.018709313086791,14.018709313086791,0.07017493589985771
-18.4624,-135.7645416452325,117.3021416452325,117.3021416452325,0.5871917369158774
5.0596,17.73989170119205,-12.68029170119205,12.68029170119205,-0.06347507730201415
9.9468,-15.300541017103079,25.24734101710308,25.24734101710308,0.1263832852189256
3.024,-16.088335847597182,19.112335847597183,19.112335847597183,0.09567264097199284
-4.598,-142.1299899119362,137.5319899119362,137.5319899119362,0.6884584279980959
-3.3488,-148.39672217888904,145.04792217888902,145.04792217888902,0.7260817250707243
1.999,-11.886179049041996,13.885179049041996,13.885179049041996,0.06950650933427602
10.6288,21.595708982936916,-10.966908982936916,10.966908982936916,-0.05489821621300973
33.5888,50.641793593628364,-17.052993593628365,17.052993593628365,-0.08536397364459324
8.4888,31.74511917139769,-23.256319171397692,23.256319171397692,-0.11641661658509068
2.322,-13.44297721415861,15.764977214158609,15.764977214158609,0.07891641382659494
9.3624,26.70922582733484,-17.34682582733484,17.34682582733484,-0.08683484073407735
121.7601,207.56756968182725,-85.80746968182726,85.80746968182726,-0.4295355264289537
-264.9208,68.48696364648602,-333.407763646486,333.407763646486,-1.668974505417952
12.1348,36.758620816711485,-24.623820816711486,24.623820816711486,-0.12326206420509807
105.2468,94.37705814884465,10.86974185115534,10.86974185115534,0.05441181642455133
2400.9657,896.2739985656821,1504.691701434318,1504.691701434318,7.532194393861126
3.1104,33.17641895365253,-30.06601895365253,30.06601895365253,-0.15050465101425922
7.1976,-7.64938986195444,14.846989861954441,14.846989861954441,0.07432114744656733
1.512,32.57698517455774,-31.06498517455774,31.06498517455774,-0.1555052818820884
1.999,-11.886179049041996,13.885179049041996,13.885179049041996,0.06950650933427602
25.1944,-4.685773294149616,29.880173294149618,29.880173294149618,0.14957434374048553
33.642,29.940760114387196,3.7012398856128073,3.7012398856128073,0.01852768795772143
19.1786,21.81171988385433,-2.633119883854331,2.633119883854331,-0.01318088669501285
14.161,25.363540432654336,-11.202540432654336,11.202540432654336,-0.056077741482463334
103.2284,93.12418754749338,10.104212452506616,10.104212452506616,0.05057972494737939
30.4682,30.22646625356597,0.24173374643402923,0.24173374643402923,0.0012100721815384598
-28.6272,-142.74152349899657,114.11432349899657,114.11432349899657,0.5712341384610984
11.196,54.08558988115958,-42.88958988115958,42.88958988115958,-0.21469695629339178
2.0416,24.390695174259495,-22.349095174259496,22.349095174259496,-0.11187522946990502
4.1031,27.65708880405754,-23.55398880405754,23.55398880405754,-0.1179066929483789
9.6657,37.282450335379906,-27.616750335379905,27.616750335379905,-0.13824408804443125
2.5056,27.640887891109035,-25.135287891109034,25.135287891109034,-0.125822369034818
-4.7145,-160.19505332579595,155.48055332579597,155.48055332579597,0.7783054502119263
-4.9878,-160.1518508912666,155.1640508912666,155.1640508912666,0.7767211005004653
11.2308,30.211432745605613,-18.98063274560561,18.98063274560561,-0.0950133608247511
-16.3644,-11.364587908752263,-4.999812091247737,4.999812091247737,-0.025028088191193613
-0.7566,-110.60736032643932,109.85076032643931,109.85076032643931,0.5498915693516945
-17.248,-164.66384427575215,147.41584427575216,147.41584427575216,0.7379350831547032
21.888,-36.75855627965341,58.64655627965341,58.64655627965341,0.29357326953274815
13.8267,-13.231144403147006,27.05784440314701,27.05784440314701,0.1354463135066655
25.186,-13.576622997564083,38.76262299756408,38.76262299756408,0.19403816167477506
3.6288,-15.777278318985832,19.406078318985834,19.406078318985834,0.0971430587287489
-2.0264,-157.50325207523832,155.47685207523833,155.47685207523833,0.7782869224705465
16.3352,-9.242190055845516,25.577390055845516,25.577390055845516,0.12803544659985522
-12.6882,18.562558622990377,-31.250758622990375,31.250758622990375,-0.1564352276812702
57.5904,50.64539379650581,6.945006203494195,6.945006203494195,0.03476535209267463
3.024,30.181840641101672,-27.15784064110167,27.15784064110167,-0.13594687525111546
137.151,70.546086544604,66.60491345539602,66.60491345539602,0.33341125976445646
111.591,131.75853596838283,-20.167535968382836,20.167535968382836,-0.1009547678200422
2.0492,29.83262096198939,-27.783420961989393,27.783420961989393,-0.1390784088279995
7.4872,31.79833173307501,-24.31113173307501,24.31113173307501,-0.12169680338752117
181.9818,140.23139430198245,41.750405698017545,41.750405698017545,0.20899442154181547
6.6584,18.36992720474513,-11.711527204745131,11.711527204745131,-0.058625630400596714
11.58,30.07181531486958,-18.491815314869577,18.491815314869577,-0.0925664357118513
1.7901,27.27906750192569,-25.488967501925693,25.488967501925693,-0.12759282046967127
10.9698,30.287037006031984,-19.317237006031984,19.317237006031984,-0.0966983363721782
224.2674,218.32563329504643,5.941766704953579,5.941766704953579,0.029743330027021918
2.6416,33.83885628310263,-31.19725628310263,31.19725628310263,-0.15616740535980939
50.94,35.53850424580163,15.401495754198365,15.401495754198365,0.07709689623878925
75.6624,85.03251244196309,-9.370112441963087,9.370112441963087,-0.04690496288238057
20.0851,39.38856901868593,-19.303469018685927,19.303469018685927,-0.09662941650174635
28.755,31.663895468185167,-2.908895468185168,2.908895468185168,-0.014561365704952537
9.3312,29.584997444929975,-20.253797444929972,20.253797444929972,-0.10138657601665495
-23.364,-1.1372724563208934,-22.226727543679107,22.226727543679107,-0.11126268087927407
2.646,-19.24492328963312,21.890923289633122,21.890923289633122,0.1095817100083981
7.4571,-5.264615475934082,12.721715475934083,12.721715475934083,0.06368243667243341
129.384,63.03123438094947,66.35276561905052,66.35276561905052,0.33214905667160005
10.5504,35.830558955814745,-25.280158955814745,25.280158955814745,-0.12654756544572987
8.991,32.64437940927486,-23.653379409274862,23.653379409274862,-0.11840422301298067
5.5566,17.941503062329033,-12.384903062329034,12.384903062329034,-0.061996419150624454
8.69,32.17635303520686,-23.48635303520686,23.48635303520686,-0.11756812142673366
53.196,65.87785217098063,-12.681852170980633,12.681852170980633,-0.06348288871067823
2.8776,24.693112215964973,-21.815512215964972,21.815512215964972,-0.10920421682107152
3.1104,33.17641895365253,-30.06601895365253,30.06601895365253,-0.15050465101425922
223.054,105.90093845178949,117.15306154821052,117.15306154821052,0.5864454709067309
16.7886,43.20298396734017,-26.414383967340168,26.414383967340168,-0.1322252755474372
107.346,121.64229004672765,-14.296290046727648,14.296290046727648,-0.07156445113662051
2.628,30.099035974920408,-27.471035974920408,27.471035974920408,-0.1375146702587733
5.8696,31.34470617051679,-25.47510617051679,25.47510617051679,-0.12752343333699148
0.438,33.98106429676175,-33.54306429676175,33.54306429676175,-0.1679100646385939
209.993,137.05026285521433,72.94273714478567,72.94273714478567,0.365137174127509
1.2528,-27.988884715647785,29.241684715647786,29.241684715647786,0.14637819393321833
1.638,29.70301365840133,-28.065013658401327,28.065013658401327,-0.14048800717113144
53.9217,-3.694645257732022,57.61634525773202,57.61634525773202,0.28841623325986027
0.0,51.09541915618658,-51.09541915618658,51.09541915618658,-0.25577374378641954
493.7856,418.266062019958,75.519537980042,75.519537980042,0.37803613860436047
29.2857,37.30203231273588,-8.016332312735884,8.016332312735884,-0.04012820250670647
100.122,110.97039321099415,-10.848393210994146,10.848393210994146,-0.05430494927855364
19.5184,20.453652917572747,-0.9352529175727469,0.9352529175727469,-0.004681694446688759
90.735,91.41848186506826,-0.6834818650682593,0.6834818650682593,-0.003421377460555904
5.77,31.125093794992573,-25.355093794992573,25.355093794992573,-0.1269226746956992
15.6426,35.79534740852465,-20.152747408524647,20.152747408524647,-0.10088073916184534
4.5954,33.808254558644336,-29.212854558644338,29.212854558644338,-0.14623387576707936
40.872,2.032275716073851,38.839724283926145,38.839724283926145,0.1944241157385492
9.1785,-21.972296107768596,31.150796107768596,31.150796107768596,0.15593483474627093
21.06,31.547898494622515,-10.487898494622517,10.487898494622517,-0.05250038274902296
49.2723,88.94448507285279,-39.672185072852784,39.672185072852784,-0.19859125275504597
33.9388,48.75528728584656,-14.816487285846563,14.816487285846563,-0.07416845747523362
0.0,75.21756891656042,-75.21756891656042,75.21756891656042,-0.3765245401254778
9.3312,29.584997444929975,-20.253797444929972,20.253797444929972,-0.10138657601665495
8.2992,28.86934755380255,-20.57014755380255,20.57014755380255,-0.10297016321546518
10.7424,33.0764037545684,-22.334003754568403,22.334003754568403,-0.11179968475421057
5.5755,-23.556385373844915,29.131885373844916,29.131885373844916,0.14582855975500836
-7.764,-162.71044463535873,154.94644463535872,154.94644463535872,0.7756318058501018
16.2864,-20.471661107540143,36.758061107540144,36.758061107540144,0.1840037142090295
8.0997,31.113283566405883,-23.013583566405885,23.013583566405885,-0.1152015292942078
5.4332,25.204341024562332,-19.771141024562333,19.771141024562333,-0.0989704917249766
51.75,60.0995265526795,-8.3495265526795,8.3495265526795,-0.041796108153941594
44.9925,58.48202584075181,-13.48952584075181,13.48952584075181,-0.06752594622320433
64.674,25.962104201883186,38.71189579811682,38.71189579811682,0.19378423116733043
357.1911,252.37771393443123,104.81338606556878,104.81338606556878,0.5246754522352504
1.0904,29.724614875666006,-28.634214875666007,28.634214875666007,-0.14333731790606347
7.3386,-10.767306435640599,18.1059064356406,18.1059064356406,0.09063465081937204
0.693,-25.10447261114678,25.79747261114678,25.79747261114678,0.12913713712399824
4.2336,-30.2771032236437,34.5107032236437,34.5107032236437,0.1727538771573939
9.7176,104.66239949276846,-94.94479949276845,94.94479949276845,-0.4752752246749307
12.4416,27.789286690568694,-15.347686690568695,15.347686690568695,-0.07682753851785282
53.3466,64.61418096099702,-11.267580960997016,11.267580960997016,-0.056403321734211594
22.1184,37.869854747418024,-15.751454747418023,15.751454747418023,-0.07884872298462543
66.7152,124.70882092902163,-57.99362092902163,57.99362092902163,-0.2903048019902646
89.2224,140.00357062901963,-50.78117062901964,50.78117062901964,-0.2542006766974274
109.7208,63.43129517728596,46.289504822714036,46.289504822714036,0.23171627010895285
11.3288,27.28525828772623,-15.95645828772623,15.95645828772623,-0.07987493088858294
5.4432,-17.806282219805624,23.249482219805625,23.249482219805625,0.11638239213339484
2.5532,-20.7396570834399,23.292857083439902,23.292857083439902,0.11659951827583928
2.1588,-13.20241322103632,15.36121322103632,15.36121322103632,0.07689524970205056
-2.0988,-4.6066392717546805,2.5078392717546802,2.5078392717546802,0.012553756284698915
64.7892,39.37256252524803,25.416637474751965,25.416637474751965,0.12723075040264928
-4.1136,-29.635582927201902,25.521982927201904,25.521982927201904,0.12775808927585885
-1850.9464,32.35142742697769,-1883.2978274269776,1883.2978274269776,-9.42742312208833
40.8006,77.32115837037954,-36.52055837037953,36.52055837037953,-0.18281482163810445
-1.4352,-136.99732155137895,135.56212155137894,135.56212155137894,0.6785976496021692
10.6794,133.18622646028751,-122.50682646028751,122.50682646028751,-0.613245378169034
0.0,89.20463758734502,-89.20463758734502,89.20463758734502,-0.44654108911568513
-33.804,40.2448290572877,-74.0488290572877,74.0488290572877,-0.3706740553999327
16.9975,22.425405776897804,-5.427905776897806,5.427905776897806,-0.027171042030858655
3.363,34.02786693416855,-30.66486693416855,30.66486693416855,-0.1535023676875938
3.2004,-18.959787221739383,22.160187221739385,22.160187221739385,0.11092959295209115
6.8943,16.7696370257203,-9.875337025720299,9.875337025720299,-0.049434019016464
10.465,21.772118923931778,-11.307118923931778,11.307118923931778,-0.05660124109701397
2.8836,-16.105616821408926,18.989216821408927,18.989216821408927,0.0950563310408961
21.7176,80.68237821767217,-58.96477821767216,58.96477821767216,-0.2951662267446898
-48.4704,-15.540929543817828,-32.92947045618217,32.92947045618217,-0.1648385330539406
-2.3276,-133.82561325725774,131.49801325725775,131.49801325725775,0.6582535128731342
-3.6024,-130.59936188954322,126.99696188954321,126.99696188954321,0.6357221239872493
1.5768,-13.840439611828664,15.417239611828665,15.417239611828665,0.0771757069320812
28.764,-3.346427382830754,32.11042738283075,32.11042738283075,0.16073856251542584
1.7024,-14.579130801371743,16.281530801371744,16.281530801371744,0.08150218075149179
64.674,25.962104201883186,38.71189579811682,38.71189579811682,0.19378423116733043
-386.3916,268.626131385976,-655.017731385976,655.017731385976,-3.278891536068225
44.955,53.2700747602385,-8.315074760238502,8.315074760238502,-0.0416236491727196
28.7928,10.654393771526392,18.138406228473606,18.138406228473606,0.09079733846970271
20.4822,46.56895451928237,-26.086754519282373,26.086754519282373,-0.13058522616750617
34.386,46.07774596498095,-11.691745964980946,11.691745964980946,-0.05852660935654271
0.6048,-14.370389475388748,14.97518947538875,14.97518947538875,0.07496288981059088
19.8744,30.424635196859306,-10.550235196859305,10.550235196859305,-0.05281242817246229
3.6588,59.01665596805257,-55.35785596805257,55.35785596805257,-0.2771106745529815
11.6316,63.94454322579203,-52.31294322579203,52.31294322579203,-0.26186843279329813
7.4872,31.79833173307501,-24.31113173307501,24.31113173307501,-0.12169680338752117
2.9682,33.58144177736523,-30.61324177736523,30.61324177736523,-0.1532439421800393
1.7608,30.07023435190084,-28.30943435190084,28.30943435190084,-0.14171152968778103
0.7228,29.548204934671144,-28.825404934671145,28.825404934671145,-0.14429437820567684
35.982,43.441387838735984,-7.459387838735985,7.459387838735985,-0.03734024664787163
69.999,86.87133701499945,-16.87233701499946,16.87233701499946,-0.08445964190177464
13.7862,-11.9739535583428,25.7601535583428,25.7601535583428,0.12895032519432095
-29.94,-136.5217738795944,106.58177387959441,106.58177387959441,0.5335276581497771
0.0,-6.128734607430051,6.128734607430051,6.128734607430051,0.030679255031142588
41.262,9.104514248529146,32.15748575147086,32.15748575147086,0.16097412756846455
5.434,34.233078498182984,-28.799078498182983,28.799078498182983,-0.1441625931781277
10.6522,39.384968815808485,-28.732768815808484,28.732768815808484,-0.14383065978781007
10.7912,33.180809638014345,-22.389609638014345,22.389609638014345,-0.11207803700614229
5.5,27.083646926589243,-21.583646926589243,21.583646926589243,-0.10804354421876895
124.485,51.101600854514416,73.38339914548558,73.38339914548558,0.3673430425111092
3.5752,24.693112215964973,-21.117912215964974,21.117912215964974,-0.10571216671928071
23.8581,17.077235233271963,6.780864766728037,6.780864766728037,0.033943691942205374
95.586,108.15926746015926,-12.573267460159258,12.573267460159258,-0.06293933473923799
135.4068,602.7238796238483,-467.3170796238484,467.3170796238484,-2.3392985313489842
11.9988,36.9650465078024,-24.9662465078024,24.9662465078024,-0.12497618070370733
17.469,24.187064573213803,-6.718064573213802,6.718064573213802,-0.03362932637145728
139.5702,190.5272648887065,-50.9570648887065,50.9570648887065,-0.25508116919663026
511.368,303.3019262204976,208.0660737795024,208.0660737795024,1.0415383516641756
1.376,29.62380919509751,-28.24780919509751,28.24780919509751,-0.14140304612257468
285.9896,221.12738161518394,64.86221838481606,64.86221838481606,0.32468766673319344
0.5904,-16.69893025561206,17.289330255612057,17.289330255612057,0.08654702906967503
-8.379,-60.833035936213214,52.45403593621322,52.45403593621322,0.26257471549654965
0.5022,-13.476099080631116,13.978299080631116,13.978299080631116,0.06997265012525875
11.5164,-9.74621845868798,21.26261845868798,21.26261845868798,0.10643653806336134
-20.4468,-132.31525770926018,111.86845770926018,111.86845770926018,0.5599917705430114
-47.2542,76.60831820064519,-123.86251820064518,123.86251820064518,-0.6200317076987257
76.704,10.60831117469508,66.09568882530492,66.09568882530492,0.3308621801753739
107.985,134.90136311110288,-26.916363111102882,26.916363111102882,-0.13473808563928563
-14.0928,-137.12541833290715,123.03261833290715,123.03261833290715,0.6158773901562791
6.3336,-17.460662743570794,23.794262743570794,23.794262743570794,0.11910945762001729
18.873,41.63048579138055,-22.75748579138055,22.75748579138055,-0.11391955357553574
10.881,27.694671795800744,-16.813671795800744,16.813671795800744,-0.08416597520929406
1.7739,27.268266893293355,-25.494366893293353,25.494366893293353,-0.12761984877410798
41.4294,57.72620237495809,-16.29680237495809,16.29680237495809,-0.08157862728259373
18.267,23.119595332578307,-4.852595332578307,4.852595332578307,-0.0242911496919148
3.666,-15.32646247782069,18.99246247782069,18.99246247782069,0.09507257816647391
5.616,31.294303330232545,-25.678303330232545,25.678303330232545,-0.12854059885056518
-12.792,-5.146458380644969,-7.645541619355031,7.645541619355031,-0.03827209631610484
-126.8592,-151.89694571357023,25.03774571357023,25.03774571357023,0.12533409184014585
-67.272,-167.41778815427185,100.14578815427184,100.14578815427184,0.5013103637013296
3.6288,-15.777278318985832,19.406078318985834,19.406078318985834,0.0971430587287489
-88.784,20.045487121025662,-108.82948712102566,108.82948712102566,-0.5447792740522092
5.2026,-18.022294392452395,23.224894392452395,23.224894392452395,0.11625931024547675
-7.1991,-3.162237877323271,-4.0368621226767285,4.0368621226767285,-0.020207747686939222
5.397,-5.061564033646118,10.458564033646118,10.458564033646118,0.0523535401351488
12.8583,32.02053469152232,-19.162234691522322,19.162234691522322,-0.0959224248925892
30.1968,38.22267462940775,-8.025874629407749,8.025874629407749,-0.04017596949051568
80.736,76.20042430210322,4.535575697896789,4.535575697896789,0.02270421097695023
4.914,-17.88404660195846,22.79804660195846,22.79804660195846,0.1141225931149671
-13.363,-128.2723707597059,114.9093707597059,114.9093707597059,0.5752139906223491
88.074,24.69195262672016,63.38204737327984,63.38204737327984,0.3172782181501904
-4.851,-172.0297184811893,167.1787184811893,167.1787184811893,0.8368641927888432
1.043,22.843398418442003,-21.800398418442004,21.800398418442004,-0.10912856008629726
4.4892,28.87215727519563,-24.38295727519563,24.38295727519563,-0.12205634810035589
11.1664,36.226581272333824,-25.060181272333825,25.060181272333825,-0.12544639988954973
4.1148,-21.373292789870433,25.488092789870432,25.488092789870432,0.12758844183102216
7.4952,29.833411443473764,-22.338211443473764,22.338211443473764,-0.11182074762759112
4.4604,-21.188962402545187,25.649362402545187,25.649362402545187,0.1283957261878981
15.552,25.993575936207417,-10.441575936207418,10.441575936207418,-0.05226850101905068
9.2232,32.01513438720615,-22.791934387206155,22.791934387206155,-0.11409199655512198
52.532,40.71840570496233,11.813594295037667,11.813594295037667,0.05913655842961842
1.4784,32.56438446448668,-31.08598446448668,31.08598446448668,-0.1556104002486794
84.5728,102.01205411299429,-17.43925411299429,17.43925411299429,-0.08729751877929731
4.5188,-15.140762450253352,19.65956245025335,19.65956245025335,0.09841195105442993
6.475,-13.913813309619687,20.388813309619685,20.388813309619685,0.10206243921050971
2.299,40.853413312866564,-38.554413312866565,38.554413312866565,-0.19299590443474954
7.0096,33.90085021350359,-26.89125021350359,26.89125021350359,-0.13461237535170267
166.1004,120.3016807923947,45.7987192076053,45.7987192076053,0.22925949264737325
83.0502,77.63690525020425,5.413294749795753,5.413294749795753,0.027097902067155972
4.3372,40.201205249034416,-35.86400524903441,35.86400524903441,-0.17952824423812694
5.5177,36.32839657285667,-30.81069657285667,30.81069657285667,-0.15423236253367317
77.7519,77.92312137896124,-0.1712213789612349,0.1712213789612349,-0.0008571009659265281
52.493,43.139673934389954,9.353326065610048,9.353326065610048,0.04682093354285602
22.4448,22.654168628906096,-0.20936862890609476,0.20936862890609476,-0.0010480586896263388
6.4206,-17.417460309041438,23.83806030904144,23.83806030904144,0.11932869972575116
5.6628,32.968397668245025,-27.305597668245024,27.305597668245024,-0.13668651822943576
9.7164,55.23644294673407,-45.52004294673407,45.52004294673407,-0.22786449341408474
-8.0784,11.440255434507353,-19.51865543450735,19.51865543450735,-0.09770659790265405
1.7343,32.67419065224879,-30.93989065224879,30.93989065224879,-0.15487908300112158
56.1752,45.106262531084866,11.06893746891513,11.06893746891513,0.055408950996332244
-13.3176,-13.020787529605503,-0.29681247039449765,0.29681247039449765,-0.00148578557547863
18.6624,24.19786518184614,-5.5354651818461384,5.5354651818461384,-0.027709463520248542
62.5056,44.36778266426843,18.13781733573157,18.13781733573157,0.09079439058701956
28.965,124.44112361997344,-95.47612361997344,95.47612361997344,-0.4779349300540736
3.3725,-12.125302961013304,15.497802961013305,15.497802961013305,0.07757899140989204
71.99,86.0278185682865,-14.03781856828651,14.03781856828651,-0.0702705931197048
-3.6288,-145.2876574148354,141.65885741483538,141.65885741483538,0.7091167251362501
-4.1832,-136.3930274983996,132.2098274983996,132.2098274983996,0.6618167167051805
35.694,33.75863311237177,1.9353668876282342,1.9353668876282342,0.009688070723831379
19.656,33.26598574864872,-13.609985748648718,13.609985748648718,-0.06812894512462794
3.5152,-21.620986747838728,25.136186747838728,25.136186747838728,0.12582686853701758
12.4902,34.41286950358531,-21.92266950358531,21.92266950358531,-0.10974062538922266
-30.555,-166.42355300133897,135.86855300133897,135.86855300133897,0.6801315859210121
5.1072,-20.29885136942272,25.40605136942272,25.40605136942272,0.1271777584155613
5.5566,34.05126825287196,-28.494668252871957,28.494668252871957,-0.14263877461716937
26.376,38.94991561065188,-12.573915610651877,12.573915610651877,-0.06294257925471065
16.302,32.754976078521345,-16.452976078521345,16.452976078521345,-0.08236040250826046
-0.6435,-60.8382171020594,60.1947171020594,60.1947171020594,0.3013230619029767
2.401,-12.704145142797767,15.105145142797767,15.105145142797767,0.07561342263972498
-1.728,-160.48558969800587,158.75758969800586,158.75758969800586,0.794709657776645
-13.93,-156.28494342151052,142.3549434215105,142.3549434215105,0.7126011964815269
52.776,-10.082774802563662,62.858774802563666,62.858774802563666,0.3146588172989379
0.0,122.58982885948171,-122.58982885948171,122.58982885948171,-0.6136608720574442
6.5286,30.60565496068597,-24.07705496068597,24.07705496068597,-0.12052506053080098
8.0406,34.4084788192235,-26.3678788192235,26.3678788192235,-0.13199247980888418
176.1708,148.05687353305171,28.1139264669483,28.1139264669483,0.1407328551901471
36.0192,24.782679010961164,11.236520989038834,11.236520989038834,0.05624784154751694
-27.828,37.55233326327165,-65.38033326327165,65.38033326327165,-0.3272812491787929
-12.528,-140.43969466097522,127.91169466097521,127.91169466097521,0.6403010985680843
-21.1596,-141.02681730937783,119.86721730937784,119.86721730937784,0.6000320074635836
14.346,34.69368532802612,-20.34768532802612,20.34768532802612,-0.10185656052313836
6.003,22.510379652278232,-16.50737965227823,16.50737965227823,-0.08263273623141917
36.5742,45.929128027051306,-9.354928027051308,9.354928027051308,-0.04682895265067428
23.59,22.729772889332466,0.8602271106675339,0.8602271106675339,0.004306129829945227
5.7072,20.7416704194978,-15.0344704194978,15.0344704194978,-0.07525963870237738
25.098,14.962906524256699,10.1350934757433,10.1350934757433,0.0507343093515323
17.2224,23.657834750229213,-6.435434750229213,6.435434750229213,-0.032214536374148714
-70.1043,2.5413398592084064,-72.6456398592084,72.6456398592084,-0.36364996282254647
7.85,34.700095252296634,-26.850095252296633,26.850095252296633,-0.13440636160962707
20.6955,6.584513116134579,14.11098688386542,14.11098688386542,0.07063685949565834
8.4528,29.25557888164365,-20.80277888164365,20.80277888164365,-0.10413467045753406
11.2839,39.4843253277533,-28.200425327753297,28.200425327753297,-0.14116585168624643
-44.1552,19.136119546245205,-63.291319546245205,63.291319546245205,-0.31682405227055804
-35.178,6.355962858582279,-41.53396285858228,41.53396285858228,-0.2079109507283381
36.4044,40.33160303410685,-3.927203034106846,3.927203034106846,-0.01965881558917152
-1.4413,-107.70638728870206,106.26508728870206,106.26508728870206,0.5319423865873324
0.0,8.5600931325504,-8.5600931325504,8.5600931325504,-0.04285016355341396
9.2442,-10.267175630797786,19.511375630797787,19.511375630797787,0.09767015661927532
7.4,-19.305336257065342,26.70533625706534,26.70533625706534,0.13368172619673635
-56.7556,-14.532556389907626,-42.223043610092375,42.223043610092375,-0.21136035512692314
-25.592,-163.00801249092996,137.41601249092997,137.41601249092997,0.687877867555392
-63.996,-117.09223030317561,53.09623030317561,53.09623030317561,0.26578941576105725
-35.9928,13.701464605179085,-49.694264605179086,49.694264605179086,-0.24875983625707554
15.1188,18.643541351701685,-3.5247413517016852,3.5247413517016852,-0.017644170579123
-146.1096,138.2856242568112,-284.39522425681116,284.39522425681116,-1.4236272531749172
62.737,46.42472726571454,16.312272734285465,16.312272734285465,0.08165606889650413
-786.744,-42.96658101431613,-743.7774189856839,743.7774189856839,-3.7232052919705785
1.5795,-18.078457557340556,19.657957557340556,19.657957557340556,0.09840391727223456
4.908,34.92049810930523,-30.012498109305227,30.012498109305227,-0.1502367360630681
14.8,34.37607699332648,-19.576076993326478,19.576076993326478,-0.09799403907283656
5.5536,-20.4919631254716,26.0455631254716,26.0455631254716,0.13037903005089232
118.6575,184.46550609419504,-65.80800609419504,65.80800609419504,-0.3294220963014408
305.13,222.25165453290148,82.87834546709851,82.87834546709851,0.41487289954793094
219.4416,91.89046064655811,127.55113935344188,127.55113935344188,0.638496228730967
4.264,23.113413634250467,-18.849413634250467,18.849413634250467,-0.09435650344062749
34.9965,45.46670419255341,-10.47020419255341,10.47020419255341,-0.05241180850971456
7.945,48.76485913605456,-40.81985913605456,40.81985913605456,-0.20433628619717106
4.7792,-12.30819326718757,17.08739326718757,17.08739326718757,0.08553617172881627
-90.2484,-98.87638882965976,8.627988829659756,8.627988829659756,0.04319003622543501
1.6196,46.58717467213958,-44.967574672139584,44.967574672139584,-0.2250989445400396
170.9316,71.10727991654564,99.82432008345437,99.82432008345437,0.4997011569791096
0.189,21.862343134337916,-21.673343134337916,21.673343134337916,-0.10849254601263221
7.1592,29.47699135860659,-22.31779135860659,22.31779135860659,-0.11171852864903752
52.7956,72.24661106118293,-19.451011061182932,19.451011061182932,-0.09736798330868456
78.9412,59.282280499499215,19.65891950050078,19.65891950050078,0.09840873257285179
28.3095,44.95966383306393,-16.650163833063928,16.650163833063928,-0.08334748610677298
126.0558,113.35991830166407,12.695881698335938,12.695881698335938,0.06355311779959619
60.2553,48.22144764003017,12.033852359969828,12.033852359969828,0.06023912752088362
1.5444,53.88636686769175,-52.341966867691745,52.341966867691745,-0.2620137195072463
160.9139,75.8669672589995,85.04693274100052,85.04693274100052,0.4257284262259295
1.5522,-18.886343083039485,20.438543083039484,20.438543083039484,0.10231137679699573
-430.617,20.880365080832743,-451.49736508083276,451.49736508083276,-2.2601081130860265
-42.6528,-78.64612427697782,35.993324276977816,35.993324276977816,0.18017559017375373
6.0256,-20.468921827055944,26.494521827055944,26.494521827055944,0.1326264301076118
5.6644,31.12869399787002,-25.46429399787002,25.46429399787002,-0.12746930970082215
11.492,39.03632047971059,-27.54432047971059,27.54432047971059,-0.1378815182553505
3.1104,33.17641895365253,-30.06601895365253,30.06601895365253,-0.15050465101425922
6.104,32.97199787112247,-26.86799787112247,26.86799787112247,-0.1344959786421573
118.3413,71.41035437366108,46.930945626338925,46.930945626338925,0.23492719818176117
-58.1332,-27.401262436869043,-30.73193756313096,30.73193756313096,-0.1538381102287282
146.79,48.9661013894311,97.82389861056889,97.82389861056889,0.489687435637346
-2.1896,-12.826622481539822,10.637022481539821,10.637022481539821,0.053246868462460496
-36.1116,-39.43811029641375,3.326510296413744,3.326510296413744,0.016651864419724553
21.897,3.3786811513298467,18.51831884867015,18.51831884867015,0.09269910725414791
19.6248,42.63494239418804,-23.010142394188037,23.010142394188037,-0.11518430345448072
9.995,36.244582286721055,-26.249582286721058,26.249582286721058,-0.13140031034448243
-204.4458,-19.86921209979132,-184.57658790020866,184.57658790020866,-0.9239545478284505
8.88,-13.380983283757654,22.260983283757653,22.260983283757653,0.11143415846044982
72.5344,79.14729538279157,-6.612895382791564,6.612895382791564,-0.03310286983172214
14.8752,52.87550034061374,-38.00030034061374,38.00030034061374,-0.19022212252368434
108.7996,27.807129919922122,80.99247008007788,80.99247008007788,0.4054325736631686
26.3967,69.28263447309038,-42.88593447309039,42.88593447309039,-0.21467865803060493
12.8316,32.879183077793236,-20.047583077793234,20.047583077793234,-0.10035430694877855
118.293,137.89701366877367,-19.60401366877366,19.60401366877366,-0.09813388464385008
32.13,6.611733776185403,25.5182662238146,25.5182662238146,0.12773948418061523
-1.4784,-116.06368692567898,114.58528692567899,114.58528692567899,0.573591689897575
31.2736,-8.038141331809747,39.31174133180974,39.31174133180974,0.196786941398109
-48.392,-121.30554773065087,72.91354773065086,72.91354773065086,0.3649910575899507
14.4096,-6.722048041633183,21.131648041633184,21.131648041633184,0.10578092559460017
-59.0571,-141.2409980680031,82.18389806800312,82.18389806800312,0.41139663075392374
-1.4988,-7.908393146403924,6.409593146403924,6.409593146403924,0.03208517832473854
23.0965,20.985324625919322,2.111175374080677,2.111175374080677,0.010568133858882904
-86.3664,41.892352334915955,-128.25875233491595,128.25875233491595,-0.6420384018731474
3.2832,-15.892484811064111,19.175684811064112,19.175684811064112,0.09598975357853388
7.08,22.816396896861157,-15.736396896861157,15.736396896861157,-0.07877334630949663
9.3125,-21.16585066322065,30.47835066322065,30.47835066322065,0.15256870346318258
196.6132,70.4415945887625,126.17160541123751,126.17160541123751,0.6315905497698164
-40.4712,-42.37048335583701,1.8992833558370066,1.8992833558370066,0.009507443572362731
74.8524,44.69742036602474,30.154979633975266,30.154979633975266,0.15094997090069326
1.9629,33.31862696731165,-31.35572696731165,31.35572696731165,-0.1569606788244352
163.7874,321.094919322321,-157.307519322321,157.307519322321,-0.7874508871301226
15.594,26.263591152015884,-10.669591152015885,10.669591152015885,-0.053409900900893884
10.8864,-23.893293922264995,34.779693922265,34.779693922265,0.17410039234733266
0.5904,-16.69893025561206,17.289330255612057,17.289330255612057,0.08654702906967503
42.8805,26.89527678771723,15.985223212282769,15.985223212282769,0.08001892251376308
-350.49,391.7664342173446,-742.2564342173446,742.2564342173446,-3.715591537648472
13.365,25.507548547752183,-12.142548547752183,12.142548547752183,-0.06078323952433782
17.982,30.31662911053592,-12.334629110535921,12.334629110535921,-0.06174475751290002
11.46,-11.042291494568605,22.502291494568606,22.502291494568606,0.112642100493313
6.3296,31.5247163143891,-25.1951163143891,25.1951163143891,-0.12612185850099508
17.428,1.5297578352912424,15.898242164708758,15.898242164708758,0.07958351228435555
148.4946,318.02826523958305,-169.53366523958306,169.53366523958306,-0.8486525988487069
-39.1248,6.086174596987135,-45.210974596987135,45.210974596987135,-0.2263173572870863
-87.3418,28.85892464683169,-116.2007246468317,116.2007246468317,-0.5816782573554135
5.998,-9.006016747085045,15.004016747085046,15.004016747085046,0.07510719353344267
-1.7514,-136.88391516073938,135.1325151607394,135.1325151607394,0.6764471234551468
11.094,-4.629539688352576,15.723539688352576,15.723539688352576,0.07870898562102023
-1.35,-131.0454270260588,129.6954270260588,129.6954270260588,0.6492301163247611
34.7802,27.014014313493433,7.766185686506567,7.766185686506567,0.03887601708298698
45.84,42.58893023826561,3.251069761734392,3.251069761734392,0.016274223756298254
16.875,26.236589630435034,-9.361589630435034,9.361589630435034,-0.046862299343297886
1459.2,558.5055551866038,900.6944448133962,900.6944448133962,4.508701444514123
41.952,42.5025253692069,-0.5505253692069019,0.5505253692069019,-0.0027558230670547503
67.941,107.61939481357612,-39.67839481357612,39.67839481357612,-0.19862233751095912
23.49,17.70907083826377,5.780929161736228,5.780929161736228,0.028938208525926826
5.1792,-20.699334811212502,25.878534811212504,25.878534811212504,0.12954291875242555
9.8856,33.990855285439736,-24.105255285439736,24.105255285439736,-0.12066622587903338
19.3984,-7.666741276675065,27.065141276675064,27.065141276675064,0.13548284023824003
-31.3722,2.9342315623727764,-34.30643156237278,34.30643156237278,-0.17173133289774065
43.9956,11.155119366613611,32.84048063338639,32.84048063338639,0.164393067285947
-29.2776,131.62124503830807,-160.89884503830808,160.89884503830808,-0.8054283661038563
1.8032,29.710214064156222,-27.907014064156222,27.907014064156222,-0.1396970918913629
-3.0344,-1.7190652413161978,-1.3153347586838025,1.3153347586838025,-0.006584310318163395
-10.7973,-3.329146409019014,-7.468153590980986,7.468153590980986,-0.03738412630099581
31.996,22.508860042745667,9.487139957254332,9.487139957254332,0.04749077989311039
226.9644,183.22365523994608,43.74074476005393,43.74074476005393,0.21895767229322374
19.5238,36.525398111161856,-17.001598111161854,17.001598111161854,-0.08510669784215807
6.2208,31.380708199291252,-25.15990819929125,25.15990819929125,-0.12594561351545708
0.5992,-16.410914025416364,17.010114025416364,17.010114025416364,0.0851493268548291
4.0749,27.646288195425203,-23.571388195425204,23.571388195425204,-0.1179937909219978
-4.0128,-115.74686907246371,111.73406907246371,111.73406907246371,0.5593190471301608
5.0112,20.30964607420426,-15.29844607420426,15.29844607420426,-0.07658104955657462
6.4206,-17.417460309041438,23.83806030904144,23.83806030904144,0.11932869972575116
13.2986,19.440987560785373,-6.142387560785373,6.142387560785373,-0.030747599063760418
5.8653,-23.069497062996433,28.934797062996434,28.934797062996434,0.14484197395231307
2.3976,-17.81341218465164,20.21101218465164,20.21101218465164,0.10117240131408886
12.4416,27.789286690568694,-15.347686690568695,15.347686690568695,-0.07682753851785282
19.8254,21.520104722510546,-1.6947047225105472,1.6947047225105472,-0.008483362670224126
8.8062,32.1825438210074,-23.3763438210074,23.3763438210074,-0.11701743666807088
1.7024,-15.892484811064111,17.594884811064112,17.594884811064112,0.08807657582493449
1.07,-14.06509227138131,15.13509227138131,15.13509227138131,0.07576333214863913
30.09,57.94739571345105,-27.85739571345105,27.85739571345105,-0.13944871206534415
1.316,29.724614875666006,-28.408614875666007,28.408614875666007,-0.14220800812543846
106.1242,185.87043705131958,-79.74623705131958,79.74623705131958,-0.39919417318305034
37.7874,42.28111289224396,-4.493712892243963,4.493712892243963,-0.02249465390306663
16.614,33.75403237701266,-17.140032377012663,17.140032377012663,-0.08579967288825277
1.764,-16.736372365537502,18.5003723655375,18.5003723655375,0.09260927064541775
28.332,34.456862419599034,-6.124862419599033,6.124862419599033,-0.030659871610974214
2.8812,33.068412867329144,-30.187212867329144,30.187212867329144,-0.15111132420604656
173.7408,169.77584420066776,3.9649557993322446,3.9649557993322446,0.019847798598988376
3.6632,30.783074521635186,-27.119874521635186,27.119874521635186,-0.13575682423140853
11.214,33.29500651013827,-22.081006510138273,22.081006510138273,-0.11053322968946712
3.185,-30.61984253757658,33.80484253757658,33.80484253757658,0.16922047566566395
-0.2098,-11.660156749247257,11.450356749247257,11.450356749247257,0.0573182618287703
3.772,-24.168419863010772,27.94041986301077,27.94041986301077,0.13986431483185952
6.583,-23.261168737894327,29.84416873789433,29.84416873789433,0.14939411192521
5.8203,-17.715557107293982,23.53585710729398,23.53585710729398,0.11781592919618734
69.705,1.7734837543510125,67.931516245649,67.931516245649,0.3400519756600111
-47.2542,76.60831820064519,-123.86251820064518,123.86251820064518,-0.6200317076987257
3.352,-11.609683468054126,14.961683468054126,14.961683468054126,0.07489528136121062
3.0814,30.83707756479688,-27.75567756479688,27.75567756479688,-0.13893953077038748
3.36,24.333091928220355,-20.973091928220356,20.973091928220356,-0.10498722448797342
-175.8708,151.41354491094873,-327.28434491094873,327.28434491094873,-1.638321860608977
5.5875,-17.38721860487089,22.974718604870887,22.974718604870887,0.11500697884569233
190.08,94.40744073483296,95.67255926516705,95.67255926516705,0.478918248739271
15.525,32.295950211646954,-16.770950211646955,16.770950211646955,-0.08395211925703933
3.0096,30.552661537478627,-27.54306153747863,27.54306153747863,-0.1378752162350677
111.824,80.68662929194558,31.13737070805442,31.13737070805442,0.15586762980298183
11.8206,14.760504681635343,-2.9399046816353422,2.9399046816353422,-0.014716591804415173
12.504,15.407749446361935,-2.9037494463619353,2.9037494463619353,-0.014535605719242048
-33.139,-162.75573675070567,129.61673675070566,129.61673675070566,0.6488362080907346
-11.4648,-162.42818872976696,150.96338872976696,150.96338872976696,0.7556934016348492
-9.098,-26.563021094028223,17.465021094028224,17.465021094028224,0.08742650328150829
116.872,323.6683599706063,-206.79635997060626,206.79635997060626,-1.0351824109594725
27.248,-2.551573028399517,29.799573028399518,29.799573028399518,0.1491708744655185
4.3134,-18.21670534783449,22.530105347834493,22.530105347834493,0.1127813312403433
7.7343,-28.613809494263563,36.34810949426356,36.34810949426356,0.181951576059844
2.065,-23.556385373844915,25.621385373844916,25.621385373844916,0.12825567861633763
48.9516,7.609921336540127,41.341678663459874,41.341678663459874,0.206948413395841
6.723,-22.944350884679064,29.667350884679063,29.667350884679063,0.14850899609619794
61.96,0.274288835273536,61.68571116472646,61.68571116472646,0.3087866885777273
-58.6872,14.988897154153841,-73.67609715415384,73.67609715415384,-0.368808231890358
9.7092,-13.956733980513519,23.66593398051352,23.66593398051352,0.11846706875806652
0.364,-16.89478129214513,17.25878129214513,17.25878129214513,0.08639410689223195
3.3488,-15.546865334829281,18.895665334829282,18.895665334829282,0.09458803047003438
0.5236,18.949559868013967,-18.42595986801397,18.42595986801397,-0.09223677613631287
3.431,30.36185078497398,-26.93085078497398,26.93085078497398,-0.13481060812067366
23.235,-7.221685760113829,30.456685760113828,30.456685760113828,0.15246025316630835
0.8058,-12.747418018236004,13.553218018236004,13.553218018236004,0.06784477689245169
2.7222,-19.098035012233318,21.82023501223332,21.82023501223332,0.1092278582218594
0.0,55.519630215627984,-55.519630215627984,55.519630215627984,-0.27792048501415245
16.7986,30.748235743191373,-13.949635743191372,13.949635743191372,-0.06982916702545353
0.4074,33.41921350941017,-33.01181350941017,33.01181350941017,-0.16525072638451196
3.0342,28.18631862704213,-25.15211862704213,25.15211862704213,-0.12590662042978415
11.5971,39.20855887481362,-27.61145887481362,27.61145887481362,-0.1382176000206223
6.512,31.97834187694732,-25.466341876947318,25.466341876947318,-0.1274795609857137
203.5644,167.02274229143825,36.54165770856176,36.54165770856176,0.18292044082681855
116.3904,57.88575398759449,58.50464601240551,58.50464601240551,0.2928628942988201
2.288,-25.032468553597855,27.320468553597856,27.320468553597856,0.13676095899306834
1.7004,-27.608703291789467,29.309103291789466,29.309103291789466,0.1467156782303487
29.0136,-5.683679090868818,34.69727909086882,34.69727909086882,0.1736878397091932
16.0928,29.28697108758631,-13.194171087586309,13.194171087586309,-0.06604745769703461
196.686,250.78929533742925,-54.103295337429245,54.103295337429245,-0.2708305877154371
117.432,36.82902700807563,80.60297299192437,80.60297299192437,0.4034828268937683
-40.6504,-153.41342160645945,112.76302160645946,112.76302160645946,0.5644697836569351
2.3674,-12.773269038044734,15.140669038044734,15.140669038044734,0.07579124835935397
174.9975,86.1227934833422,88.8747065166578,88.8747065166578,0.44488951825992645
-24.7086,-167.88811553188407,143.17951553188408,143.17951553188408,0.7167288443054429
54.8604,49.201712442649885,5.658687557350113,5.658687557350113,0.028326290797945738
10.3488,18.1179130033239,-7.769113003323898,7.769113003323898,-0.03889067066238769
57.385,42.61751272281519,14.767487277184806,14.767487277184806,0.07392317294938064
1.5312,27.036053807698075,-25.504853807698076,25.504853807698076,-0.12767234423069412
39.5428,39.67715659189601,-0.13435659189600813,0.13435659189600813,-0.0006725630023032164
3.504,-12.999432219657237,16.50343221965724,16.50343221965724,0.08261297615044734
9.92,-12.24454793290899,22.164547932908988,22.164547932908988,0.11095142182520425
44.7096,60.00232107498846,-15.292721074988457,15.292721074988457,-0.07655239132249449
12.8151,-32.01514029105696,44.83024029105696,44.83024029105696,0.2244114753034585
9.072,20.601262507277397,-11.529262507277398,11.529262507277398,-0.057713248727223616
0.7228,32.510381421324986,-31.787581421324987,31.787581421324987,-0.15912245834005462
-295.9785,114.8224434173551,-410.8009434173551,410.8009434173551,-2.05638973090072
4.1151,-18.56232482406932,22.67742482406932,22.67742482406932,0.11351878392380316
17.745,84.04684733502721,-66.3018473350272,66.3018473350272,-0.331894169631883
39.6879,61.04248103971884,-21.354581039718838,21.354581039718838,-0.1068968848816666
-0.2685,-16.739182086930576,16.470682086930577,16.470682086930577,0.08244903534723375
-13.6152,-162.06096803626744,148.44576803626745,148.44576803626745,0.7430906814527883
60.2553,48.22144764003017,12.033852359969828,12.033852359969828,0.06023912752088362
3.7236,28.396930495372732,-24.67333049537273,24.67333049537273,-0.12350990003997284
-67.941,82.18157313674963,-150.12257313674962,150.12257313674962,-0.7514844420918683
10.4832,30.017021790223517,-19.533821790223517,19.533821790223517,-0.09778251773353483
6.2979,37.40845743609052,-31.110557436090524,31.110557436090524,-0.15573340777160158
23.84,51.01944578799977,-27.17944578799977,27.17944578799977,-0.13605502642001555
-9.153,-13.282987324582237,4.1299873245822365,4.1299873245822365,0.020673914359521532
-21.808,87.52228955156085,-109.33028955156084,109.33028955156084,-0.5472861937461991
2.3952,-13.332020524624387,15.727220524624386,15.727220524624386,0.07872741117245034
2.4402,32.906403737844066,-30.466203737844065,30.466203737844065,-0.15250789831410325
49.5552,56.845733632952516,-7.290533632952517,7.290533632952517,-0.036494995291085554
89.3142,84.48730084449998,4.826899155500016,4.826899155500016,0.024162519620553158
-153.1224,-16.16129598740762,-136.9611040125924,136.9611040125924,-0.6856006840718997
2.9372,36.60100237158822,-33.663802371588226,33.663802371588226,-0.1685144559896372
456.588,201.53096736366612,255.0570326363339,255.0570326363339,1.2767659644211238
18.3456,34.55327741580572,-16.207677415805716,16.207677415805716,-0.08113248504824717
2.9568,30.156639220959548,-27.199839220959547,27.199839220959547,-0.13615711198429745
274.386,196.56218776241423,77.8238122375858,77.8238122375858,0.3895708879673332
68.976,51.95305792250315,17.02294207749685,17.02294207749685,0.08521354159188965
5.0055,28.002708280292374,-22.997208280292377,22.997208280292377,-0.1151195577925743
34.692,67.72993741295672,-33.037937412956715,33.037937412956715,-0.16538149757149434
2.9592,25.096334938238947,-22.137134938238948,22.137134938238948,-0.11081419769844406
5.8604,-26.426326225927255,32.286726225927254,32.286726225927254,0.1616210802805932
2.9145,-25.082871393882098,27.997371393882098,27.997371393882098,0.14014940313343113
22.6764,12.71630821609204,9.960091783907961,9.960091783907961,0.04985828487362639
6.5856,28.504936581696118,-21.91933658169612,21.91933658169612,-0.10972394142961485
-35.9058,20.682582148515877,-56.588382148515876,56.588382148515876,-0.28327044960135184
-2.0568,-32.35027677861409,30.29347677861409,30.29347677861409,0.1516432607057875
175.136,94.98338712282879,80.15261287717121,80.15261287717121,0.40122841163492895
5.28,-20.526525073095087,25.806525073095088,25.806525073095088,0.12918245199020817
0.5004,-13.480419324084046,13.980819324084045,13.980819324084045,0.06998526597446508
8.6744,-5.722490841036361,14.396890841036361,14.396890841036361,0.07206803917275292
-13.993,-108.14770172056807,94.15470172056807,94.15470172056807,0.4713201486917928
42.392,67.20272682988083,-24.810726829880828,24.810726829880828,-0.12419767940336832
1.668,-19.40477229739173,21.07277229739173,21.07277229739173,0.10548620505464693
45.2226,45.26985262353868,-0.047252623538682315,0.047252623538682315,-0.00023653745532990135
12.987,-19.336947601477984,32.32394760147798,32.32394760147798,0.16180740325691303
1.5288,27.06845563359509,-25.53965563359509,25.53965563359509,-0.12784655541140824
21.228,33.33798980619764,-12.109989806197639,12.109989806197639,-0.060620256788157016
1.971,-13.630187763785813,15.601187763785813,15.601187763785813,0.07809651565164284
10.224,27.213254230177306,-16.989254230177306,16.989254230177306,-0.0850449067715609
3.2676,-18.925225274115903,22.192825274115904,22.192825274115904,0.11109297270284184
27.3568,46.352055044474774,-18.995255044474774,18.995255044474774,-0.09508655721273057
20.1584,18.643541351701685,1.5148586482983148,1.5148586482983148,0.007583088155087219
31.494,-2.525651567681905,34.019651567681905,34.019651567681905,0.17029576794697826
290.0058,194.25063837662378,95.75516162337624,95.75516162337624,0.4793317401002122
-13.6461,-5.489268135486725,-8.156831864513276,8.156831864513276,-0.0408315159729992
1.8,32.68499126088113,-30.884991260881126,30.884991260881126,-0.15460426731130839
19.872,30.575843717712047,-10.703843717712047,10.703843717712047,-0.053581362591728
12.5118,31.448102434008376,-18.936302434008375,18.936302434008375,-0.09479145189538535
8.922,39.75478009223109,-30.832780092231086,30.832780092231086,-0.15434290834227313
3.0774,33.214221083865716,-30.136821083865716,30.136821083865716,-0.15085907272586754
99.23,64.77258988760465,34.45741011239535,34.45741011239535,0.17248710219386243
385.3752,152.849095767477,232.526104232523,232.526104232523,1.1639805131224288
7.8192,-13.473148477420278,21.292348477420276,21.292348477420276,0.10658536076253042
10.5,38.048283928321595,-27.548283928321595,27.548283928321595,-0.13790135850925747
84.495,95.14950390131084,-10.654503901310832,10.654503901310832,-0.05333437705433378
556.974,253.95144086881515,303.0225591311849,303.0225591311849,1.5168720734790293
141.2775,114.3515550559305,26.9259449440695,26.9259449440695,0.13478605043399094
155.25,110.35432024201089,44.895679757989114,44.895679757989114,0.22473905256429794
2.464,-23.304371172423682,25.76837117242368,25.76837117242368,0.12899146097426306
-34.38,-138.79433150507344,104.41433150507345,104.41433150507345,0.5226778626157007
88.0299,160.49448532629236,-72.46458532629237,72.46458532629237,-0.36274363899786305
3.7408,-15.719675072946696,19.460475072946696,19.460475072946696,0.09741535831333335
3.6288,-15.777278318985832,19.406078318985834,19.406078318985834,0.0971430587287489
1.57,-13.121768676581528,14.691768676581528,14.691768676581528,0.07354414034194925
7.264,-7.182874009946293,14.446874009946292,14.446874009946292,0.07231824520784431
5.4432,-17.806282219805624,23.249482219805625,23.249482219805625,0.11638239213339484
-167.27,93.91103411146935,-261.18103411146933,261.18103411146933,-1.3074215263113385
-87.6672,55.336949960450994,-143.004149960451,143.004149960451,-0.7158509983169489
9.3312,29.584997444929975,-20.253797444929972,20.253797444929972,-0.10138657601665495
4.4344,30.783074521635186,-26.348674521635186,26.348674521635186,-0.13189634682530033
5.842,31.333905561884453,-25.491905561884455,25.491905561884455,-0.1276075278271513
17.3754,33.532619900049724,-16.157219900049725,16.157219900049725,-0.08087990452497908
3.945,-15.371175434409903,19.316175434409903,19.316175434409903,0.09669302235083223
349.3392,250.67345614890044,98.66574385109956,98.66574385109956,0.4939015493957853
1480.4671,581.2562467891405,899.2108532108596,899.2108532108596,4.501274873116969
100.656,66.79590390472941,33.86009609527059,33.86009609527059,0.16949706424331543
-3.094,-11.278464803329076,8.184464803329076,8.184464803329076,0.04096984109743225
-0.7128,-17.073351354866464,16.360551354866463,16.360551354866463,0.08189774229374351
-100.92,-124.42088153715727,23.50088153715727,23.50088153715727,0.11764084828555647
-9.1788,-53.11146168648439,43.93266168648439,43.93266168648439,0.2199183711499853
53.8608,48.834491749150374,5.026308250849624,5.026308250849624,0.025160722819683918
6.4128,31.452712256840176,-25.039912256840175,25.039912256840175,-0.12534493713493705
45.8136,47.743192000344216,-1.9295920003442149,1.9295920003442149,-0.00965916275977176
54.3332,46.97836802735688,7.354831972643119,7.354831972643119,0.036816860290600384
1.4208,29.58060676056816,-28.15980676056816,28.15980676056816,-0.14096252302845763
2.9568,-16.12289779522067,19.07969779522067,19.07969779522067,0.09550926122124219
9.594,43.355773451161646,-33.761773451161645,33.761773451161645,-0.16900488018458693
10.7849,20.499447206754553,-9.714547206754553,9.714547206754553,-0.04862913641370273
10.0485,8.335510913906642,1.7129890860933585,1.7129890860933585,0.008574890642859644
27.735,-4.629539688352576,32.36453968835258,32.36453968835258,0.16201059935941065
5.214,-15.140762450253352,20.354762450253354,20.354762450253354,0.10189198722238434
-158.102,48.7497201090239,-206.85172010902392,206.85172010902392,-1.0354595330595249
-9.264,-134.8328795814583,125.56887958145829,125.56887958145829,0.6285734213362836
3.668,-18.98412771948826,22.65212771948826,22.65212771948826,0.11339215153184888
-7.4394,32.960898595638575,-40.400298595638574,40.400298595638574,-0.2022360476251139
0.8688,-19.823835912326466,20.692635912326466,20.692635912326466,0.10358331614673186
-2.3748,-0.5440999039355212,-1.8307000960644788,1.8307000960644788,-0.00916412909519845
23.235,-7.221685760113829,30.456685760113828,30.456685760113828,0.15246025316630835
1.5795,-18.078457557340556,19.657957557340556,19.657957557340556,0.09840391727223456
-373.3048,113.00967082765203,-486.31447082765203,486.31447082765203,-2.434395781760399
5.2125,-17.60323077751766,22.815730777517658,22.815730777517658,0.1142111166629338
19.3314,39.59277096274601,-20.26137096274601,20.26137096274601,-0.10142448757580118
62.988,6.667967381982439,56.320032618017564,56.320032618017564,0.2819271439744996
96.3438,64.44137122287961,31.90242877712039,31.90242877712039,0.15969736189581113
-10.4196,-107.07772142539106,96.65812142539106,96.65812142539106,0.4838517814828654
-10.2114,-159.49409382555717,149.28269382555717,149.28269382555717,0.7472801693938442
26.07,44.85705805105671,-18.78705805105671,18.78705805105671,-0.0940443635027849
8.7906,29.31498222912151,-20.524382229121514,20.524382229121514,-0.10274107088933143
-14.5764,-3.0196698433764055,-11.556730156623594,11.556730156623594,-0.0578507464446768
4.3176,-61.46811172379471,65.78571172379472,65.78571172379472,0.3293104950135598
8.4736,-10.016953715071931,18.490553715071933,18.490553715071933,0.0925601203883109
-559.356,-68.37522414461924,-490.9807758553808,490.9807758553808,-2.4577543983703003
9.1056,35.42474565061767,-26.31914565061767,26.31914565061767,-0.13174853103252154
6.2244,28.753350580239907,-22.528950580239908,22.528950580239908,-0.11277555069806088
12.41,0.22778359298893847,12.182216407011062,12.182216407011062,0.060981809122908334
-0.99,-134.15827200313376,133.16827200313375,133.16827200313375,0.6666145037325856
-5.7638,-133.01880779242205,127.25500779242205,127.25500779242205,0.6370138516555617
3.6288,-15.777278318985832,19.406078318985834,19.406078318985834,0.0971430587287489
23.316,38.31793003636962,-15.001930036369618,15.001930036369618,-0.0750967478649131
-227.4912,77.38148399368681,-304.8726839936868,304.8726839936868,-1.5261334391820476
15.387,26.18258658727334,-10.795586587273341,10.795586587273341,-0.054040609577092245
5.096,22.03335277101661,-16.93735277101661,16.93735277101661,-0.08478509814807295
6.2905,-22.59153100268934,28.882031002689338,28.882031002689338,0.14457783730342189
3.5742,-15.192605371688575,18.766805371688577,18.766805371688577,0.09394298252364353
19.8276,34.63687256347134,-14.809272563471342,14.809272563471342,-0.07413234197637356
7.0854,28.688546928445874,-21.603146928445874,21.603146928445874,-0.10814115744048393
52.49,47.945241638421166,4.544758361578836,4.544758361578836,0.02275017760774955
31.0184,48.30166172328833,-17.283261723288334,17.283261723288334,-0.08651665117558274
10.3488,18.1179130033239,-7.769113003323898,7.769113003323898,-0.03889067066238769
113.4936,110.06270380893774,3.43089619106226,3.43089619106226,0.017174399932959755
4.2804,-15.518063711809706,19.798463711809706,19.798463711809706,0.09910726379031977
321.84,332.5736294386336,-10.733629438633614,10.733629438633614,-0.05373046412523727
4.6812,30.840677767674325,-26.159477767674325,26.159477767674325,-0.13094926462356937
5.8045,22.384372551567616,-16.579872551567615,16.579872551567615,-0.08299562160461671
-7.1148,-135.58784212485875,128.47304212485875,128.47304212485875,0.6431110949390627
-9.288,-132.28220628369655,122.99420628369656,122.99420628369656,0.6156851068988882
20.6142,25.09431569833024,-4.480115698330241,4.480115698330241,-0.022426588991383025
16.704,9.08428267150656,7.61971732849344,7.61971732849344,0.038142824932028155
3.71,30.38345200223866,-26.67345200223866,26.67345200223866,-0.1335221198101064
-0.8999,-1.7221567263447994,0.8222567263447994,0.8222567263447994,0.004116057461196314
6.567,23.74344913780355,-17.17644913780355,17.17644913780355,-0.08598196811936905
510.636,299.9005249827953,210.73547501720475,210.73547501720475,1.0549008557694495
5.0064,-26.9174643393198,31.9238643393198,31.9238643393198,0.15980466415664885
-566.5625,35.32866014027367,-601.8911601402737,601.8911601402737,-3.012950239442146
-14.4784,49.41222749030403,-63.890627490304034,63.890627490304034,-0.319824071432047
2.7956,-16.255385261110685,19.050985261110686,19.050985261110686,0.09536553185246145
70.441,63.88571122132855,6.5552887786714535,6.5552887786714535,0.03281450236070515
0.0,102.04786172225815,-102.04786172225815,102.04786172225815,-0.5108317745337554
15.0864,29.58938812929179,-14.502988129291792,14.502988129291792,-0.07259914158997212
12.3256,18.431921135146084,-6.106321135146084,6.106321135146084,-0.030567057542365765
14.92,-14.973572154922088,29.89357215492209,29.89357215492209,0.14964141583498725
11.9988,11.155119366613611,0.8436806333863878,0.8436806333863878,0.004223301378577815
51.1936,22.508860042745667,28.684739957254337,28.684739957254337,0.14359023665076462
-71.8116,20.682582148515877,-92.49418214851588,92.49418214851588,-0.46300791024481663
43.4352,57.58196603391755,-14.146766033917551,14.146766033917551,-0.0708159629712626
0.444,-17.004227459619496,17.448227459619496,17.448227459619496,0.08734243760956673
7.7728,-7.577315363496638,15.350115363496638,15.350115363496638,0.07683969598279725
-69.89,115.49208115256003,-185.38208115256003,185.38208115256003,-0.927986690594886
21.0,41.12443814862938,-20.12443814862938,20.12443814862938,-0.10073902850545358
3.6018,27.495079674572462,-23.89327967457246,23.89327967457246,-0.11960511714407604
31.2832,-18.089626002003982,49.37282600200398,49.37282600200398,0.24715077704414962
3.7408,-15.719675072946696,19.460475072946696,19.460475072946696,0.09741535831333335
-33.804,40.2448290572877,-74.0488290572877,74.0488290572877,-0.3706740553999327
17.352,4.196788126903382,13.155211873096619,13.155211873096619,0.06585243543653517
6.534,-11.370629996991699,17.904629996991698,17.904629996991698,0.08962710006238811
1.375,-22.56992978542466,23.94492978542466,23.94492978542466,0.11986366756675225
0.3822,-19.819515668873535,20.201715668873536,20.201715668873536,0.10112586476181074
8.4888,31.74511917139769,-23.256319171397692,23.256319171397692,-0.11641661658509068
3.401,32.26995831002046,-28.868958310020464,28.868958310020464,-0.1445123979430936
46.602,43.46356039901505,3.1384396009849453,3.1384396009849453,0.01571041904828532
9.6048,15.033329618836884,-5.428529618836885,5.428529618836885,-0.02717416486243386
7.2576,-19.83528612062542,27.09288612062542,27.09288612062542,0.1356217255380408
0.9856,-16.353310779377228,17.33891077937723,17.33891077937723,0.08679521954137946
-2.5128,-15.633270203887985,13.120470203887985,13.120470203887985,0.06567852538851855
-55.3,47.181981725186525,-102.48198172518653,102.48198172518653,-0.513004894947195
4.9432,31.452712256840176,-26.509512256840175,26.509512256840175,-0.13270146928744825
-8.2368,-150.12330903800336,141.88650903800337,141.88650903800337,0.7102563049439574
3.21,-18.756735779451418,21.96673577945142,21.96673577945142,0.10996121260700333
3.6288,-15.777278318985832,19.406078318985834,19.406078318985834,0.0971430587287489
0.546,-19.482536679544573,20.028536679544573,20.028536679544573,0.10025896437861945
-32.5226,-3.7340642072330574,-28.78853579276694,28.78853579276694,-0.14410981844257545
3.6894,30.75067269573817,-27.06127269573817,27.06127269573817,-0.13546347487348306
151.0974,109.04981804195101,42.04758195804898,42.04758195804898,0.21048202817755599
53.8608,48.834491749150374,5.026308250849624,5.026308250849624,0.025160722819683918
3.852,30.588663566253093,-26.736663566253092,26.736663566253092,-0.13383854462167602
130.7581,20.62860714592995,110.12949285407007,110.12949285407007,0.5512868502454522
150.36,279.8371017929073,-129.47710179290726,129.47710179290726,-0.6481372226139664
-66.5088,-162.08386845286535,95.57506845286535,95.57506845286535,0.4784302286689989
7.6154,-9.207628108222028,16.82302810822203,16.82302810822203,0.08421281109195337
4.884,-17.089121806618344,21.973121806618344,21.973121806618344,0.10999317981861212
-4.8392,62.14880609166317,-66.98800609166317,66.98800609166317,-0.33532894709168126
9.7038,-24.316677780652668,34.02047778065267,34.02047778065267,0.17029990380863058
-20.6964,43.84584425224949,-64.54224425224949,64.54224425224949,-0.3230859383756826
10.518,35.35893237886929,-24.84093237886929,24.84093237886929,-0.12434888251463523
1.8998,32.7533951155526,-30.8535951155526,30.8535951155526,-0.15444710430601835
46.116,28.077655125308794,18.038344874691205,18.038344874691205,0.09029645076806687
4.8118,30.8154763475322,-26.0036763475322,26.0036763475322,-0.1301693529763984
-5.8604,-138.92047948760182,133.06007948760183,133.06007948760183,0.6660729130145863
-39.4565,-133.99443145962718,94.53793145962717,94.53793145962717,0.47323852232896396
-1.3952,-22.312225700308396,20.917025700308397,20.917025700308397,0.10470656784105974
-20.1663,-170.32862262159597,150.16232262159596,150.16232262159596,0.7516834202922751
-24.496,-0.005509553469572381,-24.490490446530426,24.490490446530426,-0.1225946382693719
19.5,-18.259696459637205,37.759696459637205,37.759696459637205,0.18901770622916686
9.387,32.8027883358825,-23.415788335882496,23.415788335882496,-0.11721488824803744
129.3786,97.88738902042911,31.491210979570894,31.491210979570894,0.1576388854740925
1.4952,30.009030902984254,-28.513830902984253,28.513830902984253,-0.14273469912157766
1.512,32.57698517455774,-31.06498517455774,31.06498517455774,-0.1555052818820884
180.7659,74.72008350406288,106.0458164959371,106.0458164959371,0.5308447595887736
6.615,22.80739638966754,-16.192396389667543,16.192396389667543,-0.08105599119950682
14.9925,36.88080857607468,-21.888308576074678,21.888308576074678,-0.10956862126019294
20.84,47.01559881455568,-26.17559881455568,26.17559881455568,-0.1310299634529888
3.0268,30.232243481385918,-27.205443481385917,27.205443481385917,-0.13618516582344936
59.0112,48.216047335714,10.795152664286,10.795152664286,0.05403843744290057
107.7216,62.69685379028694,45.02474620971306,45.02474620971306,0.2253851341524292
9.816,34.868866510596646,-25.052866510596644,25.052866510596644,-0.1254097836130748
15.5288,17.222252968324167,-1.6934529683241664,1.6934529683241664,-0.00847709663190135
25.2213,41.741082460627034,-16.519782460627034,16.519782460627034,-0.08269482228095605
64.7856,50.381569366497885,14.404030633502117,14.404030633502117,0.07210377958704021
195.9944,155.05127724244528,40.94312275755473,40.94312275755473,0.2049533199443138
26.5905,45.353666909674295,-18.763166909674297,18.763166909674297,-0.09392476908951605
24.47,40.81964966247079,-16.34964966247079,16.34964966247079,-0.08184317053909901
673.8816,516.7144001852084,157.16719981479162,157.16719981479162,0.7867484749303644
12.5928,31.519096871602947,-18.926296871602947,18.926296871602947,-0.09474136599341237
6.0416,-6.768130638464495,12.809730638464494,12.809730638464494,0.06412302348045155
26.985,45.51589517762936,-18.53089517762936,18.53089517762936,-0.09276206191415674
16.5984,22.7665653995913,-6.168165399591299,6.168165399591299,-0.03087663791786905
100.9113,88.7237300112998,12.18756998870019,12.18756998870019,0.06100860811299214
11.565,-22.830514032842885,34.39551403284288,34.39551403284288,0.17217726244199655
73.321,58.980434800808126,14.340565199191872,14.340565199191872,0.07178608395008021
3.6296,-21.557623177195673,25.187223177195673,25.187223177195673,0.12608234698932685
17.5344,-10.893892695108946,28.428292695108947,28.428292695108947,0.14230651146745213
1.5048,32.76239562274622,-31.25759562274622,31.25759562274622,-0.15646945237406454
-4.2987,-130.40063069070817,126.10193069070817,126.10193069070817,0.6312417716521033
-1049.3406,807.0652824185457,-1856.4058824185458,1856.4058824185458,-9.29280726872817
22.9954,-3.2456921431711443,26.241092143171144,26.241092143171144,0.13135781033495306
257.5944,431.2415441230891,-173.6471441230891,173.6471441230891,-0.869243875158715
21.7728,22.402154427484863,-0.6293544274848628,0.6293544274848628,-0.0031504260214464197
76.272,60.00267327953286,16.26932672046715,16.26932672046715,0.08144108949294082
0.6993,26.825003662427505,-26.125703662427505,26.125703662427505,-0.13078019801281096
-12.117,-122.92906249024225,110.81206249024224,110.81206249024224,0.554703661265341
17.8152,-10.738363930803267,28.553563930803268,28.553563930803268,0.1429335949413022
245.021,273.6855146645965,-28.66451466459651,28.66451466459651,-0.14348899276417557
28.13,-12.56136578612426,40.69136578612426,40.69136578612426,0.2036930734453024
1.5714,-16.80549626078447,18.37689626078447,18.37689626078447,0.09199117324838284
-8.5068,10.020405860551453,-18.527205860551454,18.527205860551454,-0.09274359390945858
3.4686,30.376251596483765,-26.907651596483767,26.907651596483767,-0.1346944774891818
3.0558,30.71467066696371,-27.658870666963708,27.658870666963708,-0.13845493424310482
4.5816,30.840677767674325,-26.259077767674327,26.259077767674327,-0.13144784287778147
-166.32,-144.10905728998753,-22.21094271001246,22.21094271001246,-0.11118366506790313
-24.189,-105.74852652303794,81.55952652303793,81.55952652303793,0.40827114807452153
-225.5568,-152.9940762278892,-72.56272377211081,72.56272377211081,-0.36323490099572703
1.8312,-22.312225700308396,24.143425700308395,24.143425700308395,0.1208572995618423
-2.6982,-32.61842145207495,29.920221452074948,29.920221452074948,0.14977481704031306
1.8144,-13.748274418166048,15.562674418166047,15.562674418166047,0.07790372532410297
-25.056,-152.4316182412041,127.3756182412041,127.3756182412041,0.637617604135416
3.108,-21.43665636051348,24.544656360513482,24.544656360513482,0.12286578231386462
4.8416,-10.580095886013396,15.421695886013396,15.421695886013396,0.07719801417508636
126.8973,182.44132206720434,-55.54402206720434,55.54402206720434,-0.2780425858853968
18.6624,24.19786518184614,-5.5354651818461384,5.5354651818461384,-0.027709463520248542
-168.9558,76.03616643503742,-244.99196643503743,244.99196643503743,-1.2263821980037373
374.3792,270.47492417939884,103.90427582060119,103.90427582060119,0.5201246229298058
62.9064,79.19241203173098,-16.286012031730984,16.286012031730984,-0.08152461292025918
25.875,16.65629980426027,9.218700195739729,9.218700195739729,0.04614702258731656
-263.9967,191.91416679086805,-455.910866790868,455.910866790868,-2.2822012453907603
12.7008,-25.92229782308479,38.62309782308479,38.62309782308479,0.19333972575197864
6.206,24.013464353612015,-17.807464353612016,17.807464353612016,-0.08914070772458049
361.2994,238.50433214619233,122.79506785380767,122.79506785380767,0.6146882585984812
5.9211,-17.447702013211988,23.368802013211987,23.368802013211987,0.1169796838431287
12.1352,-15.624488835164357,27.759688835164354,27.759688835164354,0.1389596104107187
10.2245,-3.355208751554386,13.579708751554387,13.579708751554387,0.06797738435802074
29.364,-3.548109184876619,32.91210918487662,32.91210918487662,0.1647516259019484
39.4268,57.357181580019855,-17.930381580019855,17.930381580019855,-0.08975600748517301
13.5324,-16.350289735257512,29.882689735257514,29.882689735257514,0.14958694055589117
-30.588,-103.68489023368578,73.09689023368577,73.09689023368577,0.3659088345486457
11.7741,42.38911897856734,-30.61501897856734,30.61501897856734,-0.1532528385040627
19.2384,24.41387735449291,-5.175477354492912,5.175477354492912,-0.02590743437868849
15.8256,35.830558955814745,-20.004958955814743,20.004958955814743,-0.1001409388732428
27.1764,44.62123567511128,-17.44483567511128,17.44483567511128,-0.08732545899512124
2.245,-16.350430617075265,18.595430617075266,18.595430617075266,0.09308511378899359
9.7328,38.267105822361444,-28.534305822361446,28.534305822361446,-0.14283719259103764
124.68,169.7856788614082,-45.105678861408194,45.105678861408194,-0.22579026728687615
11.88,24.91351507297356,-13.03351507297356,13.03351507297356,-0.06524324489287499
49.105,33.45297715980594,15.652022840194057,15.652022840194057,0.07835098617020068
45.9754,46.65636900829543,-0.6809690082954276,0.6809690082954276,-0.003408798587635387
38.178,45.61468161828915,-7.43668161828915,7.43668161828915,-0.037226583718653374
4.7916,28.699347537078214,-23.907747537078215,23.907747537078215,-0.1196775404536172
-15.99,-3.503255346469647,-12.486744653530353,12.486744653530353,-0.06250621837499531
-53.072,-157.47862981385393,104.40662981385393,104.40662981385393,0.5226393094453924
60.5528,53.820772734413346,6.732027265586652,6.732027265586652,0.03369922089743475
25.1225,50.09917257908834,-24.97667257908834,24.97667257908834,-0.1250283715914587
-28.9764,28.72122924624905,-57.69762924624905,57.69762924624905,-0.28882312511819574
33.5888,44.71744062032067,-11.128640620320674,11.128640620320674,-0.055707813375837634
4.9632,-14.633713003291163,19.596913003291164,19.596913003291164,0.09809834009164117
-465.568,34.381125871255946,-499.94912587125594,499.94912587125594,-2.5026482165839363
4.368,-16.112746786254938,20.48074678625494,20.48074678625494,0.10252264033786368
-92.6955,-0.5526790374052162,-92.14282096259478,92.14282096259478,-0.4612490643946717
70.722,55.52424003845978,15.197759961540214,15.197759961540214,0.0760770344333272
10.8864,-23.893293922264995,34.779693922265,34.779693922265,0.17410039234733266
-17.6076,-3.5567496717824945,-14.050850328217507,14.050850328217507,-0.07033582757869784
3.1104,33.17641895365253,-30.06601895365253,30.06601895365253,-0.15050465101425922
25.792,38.01825354687769,-12.226253546877686,12.226253546877686,-0.0612022504915348
50.098,126.6467475127854,-76.5487475127854,76.5487475127854,-0.3831881616169474
27.2848,34.43396073127179,-7.149160731271788,7.149160731271788,-0.03578731000481168
20.5842,44.78707323341649,-24.202873233416494,24.202873233416494,-0.12115488236580065
5.8812,-14.72313891646959,20.60433891646959,20.60433891646959,0.10314131853582328
-22.098,17.141466270322255,-39.239466270322254,39.239466270322254,-0.19642514647863607
47.0376,64.06665145677363,-17.02905145677363,17.02905145677363,-0.08524412395789503
-44.2764,47.27825583957545,-91.55465583957545,91.55465583957545,-0.45830482403098266
22.6782,33.82494728622565,-11.14674728622565,11.14674728622565,-0.05579845182841299
-48.1194,-142.73310215056068,94.61370215056068,94.61370215056068,0.47361781569047073
14.67,31.36709786926584,-16.69709786926584,16.69709786926584,-0.08358242877577575
63.9345,59.94434544918189,3.9901545508181115,3.9901545508181115,0.019973938654451715
67.608,124.54113881905755,-56.93313881905755,56.93313881905755,-0.28499623453033424
78.6828,6.617775864424846,72.06502413557516,72.06502413557516,0.360743513285828
2.1,-16.56356262742008,18.66356262742008,18.66356262742008,0.0934261693991711
10.4148,31.766720388662364,-21.351920388662364,21.351920388662364,-0.10688356617926896
2.3976,-16.364831428585052,18.762431428585053,18.762431428585053,0.09392108741403933
-331.96,-80.43778214215493,-251.52221785784505,251.52221785784505,-1.2590713682241144
13.7016,-1.644181021465318,15.345781021465317,15.345781021465317,0.0768179991084686
-122.877,6.433154625991374,-129.31015462599137,129.31015462599137,-0.6473015175233381
4.752,30.94868385399771,-26.196683853997712,26.196683853997712,-0.13113551106498683
1.2506,32.61838750764837,-31.367787507648373,31.367787507648373,-0.157021051546784
2.934,-13.27304763834315,16.207047638343152,16.207047638343152,0.0811293325045943
7.745,-10.220075598268778,17.96507559826878,17.96507559826878,0.0899296790017408
10.395,32.322951733227804,-21.927951733227804,21.927951733227804,-0.10976706720482007
152.495,70.1984465567311,82.2965534432689,82.2965534432689,0.41196056168090794
843.1706,351.9823746387518,491.1882253612482,491.1882253612482,2.4587928503027556
10.8054,-12.277881122108138,23.08328112210814,23.08328112210814,0.11555042172036123
-336.784,-49.35967258652396,-287.424327413476,287.424327413476,-1.4387903552198806
-110.7645,-47.63775463180948,-63.12674536819052,63.12674536819052,-0.3160002259012518
19.188,51.73941719430948,-32.55141719430948,32.55141719430948,-0.16294607185611248
3.9906,31.708326661138855,-27.717726661138855,27.717726661138855,-0.13874955591806226
1.8144,-13.748274418166048,15.562674418166047,15.562674418166047,0.07790372532410297
47.848,68.48763014936868,-20.639630149368685,20.639630149368685,-0.10331797959292995
6.745,-12.531335404680352,19.276335404680353,19.276335404680353,0.09649359090032703
9.0912,174.92553981197702,-165.83433981197703,165.83433981197703,-0.830134494295913
-2.1648,-133.840734109343,131.675934109343,131.675934109343,0.6591441501002485
-21.6144,-141.3573159335274,119.74291593352739,119.74291593352739,0.5994097789197315
41.076,47.77041266039504,-6.694412660395038,6.694412660395038,-0.03351092948991154
8.532,32.46076906252511,-23.92876906252511,23.92876906252511,-0.11978277012689219
40.7499,43.976808447521115,-3.2269084475211187,3.2269084475211187,-0.01615327691031508
92.4399,16.84955244212691,75.59034755787309,75.59034755787309,0.3783905975972974
49.761,40.19261702809203,9.568382971907972,9.568382971907972,0.04789746664424433
65.978,47.15376834839739,18.824231651602602,18.824231651602602,0.0942304473267101
1.6704,-16.814136747690338,18.48453674769034,18.48453674769034,0.0925300006183032
4.8525,-17.81060246325856,22.66310246325856,22.66310246325856,0.11344708896748565
3.8844,-18.454318737745936,22.338718737745936,22.338718737745936,0.1118232870441834
3.3785,22.258365450857,-18.879865450857,18.879865450857,-0.09450893931975674
74.975,83.03281888201171,-8.057818882011716,8.057818882011716,-0.040335876214365046
302.373,134.74453514746398,167.628464852536,167.628464852536,0.8391155357674002
97.6524,88.96828881217704,8.684111187822964,8.684111187822964,0.04347097384948399
1.5008,-14.942031251418317,16.44283125141832,16.44283125141832,0.08230961947426135
107.955,117.08510175665047,-9.130101756650475,9.130101756650475,-0.04570351601013747
3.5712,-12.034436966683899,15.6056369666839,15.6056369666839,0.07811878749716054
41.823,42.81574301954472,-0.9927430195447187,0.9927430195447187,-0.004969478730580945
69.993,65.04620530629056,4.946794693709435,4.946794693709435,0.024762693396941447
19.9665,11.342400357149694,8.624099642850306,8.624099642850306,0.043170567711682394
31.0688,-1.6644830393967744,32.733283039396774,32.733283039396774,0.16385645695194012
3.1104,33.17641895365253,-30.06601895365253,30.06601895365253,-0.15050465101425922
1.8604,40.38222501286108,-38.52182501286108,38.52182501286108,-0.19283277373470462
49.4982,98.19657473496352,-48.69837473496352,48.69837473496352,-0.2437746050032643
23.7993,34.27987204811709,-10.480572048117093,10.480572048117093,-0.05246370798086781
23.3184,52.32027861600265,-29.001878616002653,29.001878616002653,-0.14517777117708897
7.392,22.933403490378158,-15.541403490378158,15.541403490378158,-0.0777972471911516
114.9385,64.18272795871786,50.75577204128214,50.75577204128214,0.25407353630050356
59.8176,41.18520332060599,18.632396679394006,18.632396679394006,0.09327015871686481
4.8609,28.737149667291398,-23.876249667291397,23.876249667291397,-0.1195198682354474
-13.312,-130.7776815012118,117.46568150121179,117.46568150121179,0.5880103856697756
-1.2558,-26.426326225927255,25.170526225927254,25.170526225927254,0.12599876529440646
-6.1152,-138.72390841049327,132.60870841049328,132.60870841049328,0.66381343707456
74.574,98.71932419276871,-24.14532419276871,24.14532419276871,-0.1208668030463453
17.76,-15.042696050169056,32.80269605016906,32.80269605016906,0.16420392500144268
2.401,-12.704145142797767,15.105145142797767,15.105145142797767,0.07561342263972498
-5.184,-177.86982670716475,172.68582670716475,172.68582670716475,0.8644317068959112
26.3912,-6.292762976823838,32.683962976823835,32.683962976823835,0.1636095702983734
3.6288,-15.777278318985832,19.406078318985834,19.406078318985834,0.0971430587287489
6.468,33.20601105815647,-26.73801105815647,26.73801105815647,-0.1338452899044145
3.462,31.125093794992573,-27.663093794992573,27.663093794992573,-0.1384760744017388
-93.3262,-15.55558535011673,-77.77061464988327,77.77061464988327,-0.38930459117611815
3.7642,34.346484888822545,-30.582284888822546,30.582284888822546,-0.15308897800890026
8.9208,-30.658654287744117,39.57945428774411,39.57945428774411,0.19812706045633915
57.4113,61.72220843045338,-4.310908430453381,4.310908430453381,-0.021579570274334377
9.072,20.601262507277397,-11.529262507277398,11.529262507277398,-0.057713248727223616
213.735,227.6623557653529,-13.9273557653529,13.9273557653529,-0.06971763778394158
2.214,26.97125015590404,-24.757250155904043,24.757250155904043,-0.12392998556047256
38.08,71.89019097631576,-33.810190976315766,33.810190976315766,-0.16924724891113926
40.3128,56.321904114284095,-16.009104114284092,16.009104114284092,-0.08013846567067905
7.704,26.205197424492372,-18.50119742449237,18.50119742449237,-0.09261340073029066
7.776,29.001764578783693,-21.225764578783693,21.225764578783693,-0.10625205469886713
14.6157,32.20414503827208,-17.58844503827208,17.58844503827208,-0.08804433957316568
53.433,73.59725848323966,-20.164258483239657,20.164258483239657,-0.10093836136601717
6.768,37.50421501688726,-30.736215016887257,30.736215016887257,-0.15385952233140177
6.5808,28.553539320541642,-21.972739320541642,21.972739320541642,-0.10999126516760427
11.703,24.643499857165097,-12.940499857165097,12.940499857165097,-0.06477762878933135
17.1774,77.62070433725575,-60.443304337255746,60.443304337255746,-0.30256744131807317
7.254,33.40042201353857,-26.14642201353857,26.14642201353857,-0.1308839100542478
78.9516,76.84306051572737,2.108539484272626,2.108539484272626,0.010554939106485379
20.155,32.6719522738701,-12.516952273870096,12.516952273870096,-0.06265743185504442
79.8912,56.04648859415946,23.844711405840535,23.844711405840535,0.11936199382445287
102.186,75.6791853663579,26.506814633642108,26.506814633642108,0.13268796550969106
0.6408,-19.452294975374024,20.093094975374022,20.093094975374022,0.10058213066807281
76.6395,41.123560323020094,35.515939676979905,35.515939676979905,0.17778589559087518
-8.6768,-162.72340536571753,154.04660536571754,154.04660536571754,0.7711273852463951
0.4706,-17.12231411399973,17.592914113999733,17.592914113999733,0.0880667108982082
-2.1885,-14.302564779474991,12.114064779474992,12.114064779474992,0.06064065531288176
11.0388,75.76299965249352,-64.72419965249352,64.72419965249352,-0.3239967717672302
362.687,271.26639746942266,91.42060253057736,91.42060253057736,0.4576337792039583
70.9644,115.46300812510702,-44.498608125107026,44.498608125107026,-0.22275138909522663
0.5904,-16.69893025561206,17.289330255612057,17.289330255612057,0.08654702906967503
105.0228,144.47797320601862,-39.455173206018614,39.455173206018614,-0.19750493350093462
4.2976,-15.83186052090526,20.12946052090526,20.12946052090526,0.10076416952554706
1.8048,29.724614875666006,-27.919814875666006,27.919814875666006,-0.13976117026741758
134.3888,109.52109241435207,24.867707585647935,24.867707585647935,0.12448291399909171
93.0552,74.96072575383741,18.09447424616259,18.09447424616259,0.09057742349937437
10.5072,30.38424248372303,-19.87704248372303,19.87704248372303,-0.09950061385978438
12.3096,27.940495211421435,-15.630895211421436,15.630895211421436,-0.07824522536428608
191.9968,188.950910243351,3.045889756649018,3.045889756649018,0.015247132503941855
7.9212,29.18537492553345,-21.26417492553345,21.26417492553345,-0.1064443294340697
215.1198,198.63568548135325,16.48411451864675,16.48411451864675,0.08251627549135897
12.3234,30.805466220384233,-18.482066220384233,18.482066220384233,-0.09251763363847126
8.4966,29.206976142798126,-20.710376142798125,20.710376142798125,-0.10367212029470255
-3.7996,-139.4043467543306,135.6047467543306,135.6047467543306,0.6788110230888466
26.64,-16.704408816580447,43.34440881658045,43.34440881658045,0.21697369154243543
0.7348,-16.681649281800315,17.416449281800315,17.416449281800315,0.08718336222383251
-2.1195,-18.570965310975197,16.4514653109752,16.4514653109752,0.0823528398993681
-766.012,-113.56976503903584,-652.4422349609641,652.4422349609641,-3.2659991012156953
-3.7196,-115.37532813551127,111.65572813551127,111.65572813551127,0.5589268876163145
7.2,25.823575919483076,-18.623575919483077,18.623575919483077,-0.0932260037060494
42.0186,61.101392572563896,-19.082792572563896,19.082792572563896,-0.09552475307550885
42.0355,46.25371762903585,-4.218217629035848,4.218217629035848,-0.02111557812621917
21.9945,56.154275542012854,-34.15977554201285,34.15977554201285,-0.17099720134552432
14.2324,21.772118923931778,-7.539718923931778,7.539718923931778,-0.03774236845726804
9.594,43.355773451161646,-33.761773451161645,33.761773451161645,-0.16900488018458693
76.1125,74.96533557666919,1.147164423330807,1.147164423330807,0.005742482283920813
-17.046,-158.63436537842304,141.58836537842305,141.58836537842305,0.7087638556939778
11.5752,19.579595371567052,-8.004395371567051,8.004395371567051,-0.040068448497784896
16.1602,22.792776439687774,-6.632576439687774,6.632576439687774,-0.033201389379798066
-36.6744,-7.980503501180831,-28.693896498819168,28.693896498819168,-0.14363607251931898
0.4752,-19.845437129591147,20.320637129591148,20.320637129591148,0.10172116249547479
29.1424,42.30983498688195,-13.167434986881954,13.167434986881954,-0.06591362196999027
7.78,-19.086443922116608,26.86644392211661,26.86644392211661,0.13448819987526495
35.9964,11.155119366613611,24.84128063338639,24.84128063338639,0.12435062580910468
4.6344,-12.263409869689475,16.897809869689475,16.897809869689475,0.08458715406463756
84.2352,95.18991351766313,-10.954713517663123,10.954713517663123,-0.0548371680826331
6.0168,31.40230941655593,-25.38550941655593,25.38550941655593,-0.12707492938947265
117.0104,185.14695405798673,-68.13655405798673,68.13655405798673,-0.3410783551230916
6.3684,-14.481205283105208,20.84960528310521,20.84960528310521,0.10436907432793305
6.8714,31.679525038119287,-24.808125038119286,24.808125038119286,-0.12418465533916859
8.6736,29.128562160978678,-20.454962160978678,20.454962160978678,-0.10239356751200271
19.6686,24.42467796312525,-4.75607796312525,4.75607796312525,-0.023808002487466506
481.869,297.4502347201488,184.41876527985124,184.41876527985124,0.9231645184455892
7.668,29.152973099636434,-21.484973099636434,21.484973099636434,-0.10754960220693603
23.7744,35.00150267404777,-11.22710267404777,11.22710267404777,-0.056200695292036376
244.2496,180.1498724640914,64.09972753590858,64.09972753590858,0.32087078564583404
77.714,16.513872652131163,61.200127347868836,61.200127347868836,0.3063559503078224
39.7488,54.602016758819175,-14.853216758819173,14.853216758819173,-0.074352318082792
11.5584,-11.698968499414793,23.257368499414795,23.257368499414795,0.11642186931732826
23.4976,-11.482815444950262,34.98041544495026,34.98041544495026,0.17510516530278664
6.9231,28.737149667291398,-21.8140496672914,21.8140496672914,-0.1091968955864895
25.176,39.044311366949856,-13.868311366949857,13.868311366949857,-0.06942207299401394
30.52,34.1112429433642,-3.591242943364204,3.591242943364204,-0.017977064630061
5.1465,28.056711323454067,-22.910211323454067,22.910211323454067,-0.11468406792447981
3.2872,-15.95296821940521,19.24016821940521,19.24016821940521,0.09631254499576632
0.8162,-13.002312381959193,13.818512381959193,13.818512381959193,0.06917278894784747
3.8822,30.534660523091397,-26.652460523091396,26.652460523091396,-0.13341704054277134
51.2943,74.68293878925967,-23.388638789259666,23.388638789259666,-0.1170789828910308
13.9392,31.313094826104148,-17.37389482610415,17.37389482610415,-0.08697034288417446
6.8714,31.679525038119287,-24.808125038119286,24.808125038119286,-0.12418465533916859
4.3326,-18.454318737745936,22.786918737745935,22.786918737745935,0.11406688918813788
-3.3264,-148.3664804747185,145.04008047471848,145.04008047471848,0.7260424710227785
-6.104,-132.7239511767592,126.61995117675919,126.61995117675919,0.6338348815876597
20.724,-12.964588508398233,33.68858850839823,33.68858850839823,0.16863853057617734
20.1264,-19.14102612403603,39.267426124036035,39.267426124036035,0.19656510807555017
7.7728,-25.458591692469724,33.23139169246973,33.23139169246973,0.16634989211917967
5.4432,-17.806282219805624,23.249482219805625,23.249482219805625,0.11638239213339484
45.5392,58.32462653409853,-12.785426534098526,12.785426534098526,-0.06400136185469882
280.59,133.551656139821,147.03834386017897,147.03834386017897,0.7360453893980684
26.6304,41.99691600339569,-15.366516003395688,15.366516003395688,-0.07692179440055659
36.225,19.712433770272124,16.512566229727877,16.512566229727877,0.08265869923071817
-2.0016,-136.88391516073938,134.88231516073938,134.88231516073938,0.6751946708526982
-4.752,-139.13001129506918,134.37801129506917,134.37801129506917,0.6726702236545228
-73.176,2.7089214874101817,-75.88492148741018,75.88492148741018,-0.37986517747204646
0.834,-24.52844015075539,25.36244015075539,25.36244015075539,0.1269594491257298
3.4848,-24.9301523509695,28.4149523509695,28.4149523509695,0.14223973229584938
5.193,29.201575838481958,-24.00857583848196,24.00857583848196,-0.12018226734607755
63.984,56.154275542012854,7.8297244579871474,7.8297244579871474,0.039194079831577036
412.5394,299.8571894821916,112.68221051780841,112.68221051780841,0.564065259043475
30.5964,47.30901534906754,-16.712615349067544,16.712615349067544,-0.08366010626562823
70.006,103.17595398132315,-33.16995398132315,33.16995398132315,-0.16604234687052255
5.2164,28.12691527956427,-22.91051527956427,22.91051527956427,-0.11468558946972862
20.878,34.61606182769104,-13.738061827691041,13.738061827691041,-0.06877006909947989
5.3892,-14.769221513300902,20.1584215133009,20.1584215133009,0.10090914262824656
30.4278,8.117692095807158,22.310107904192844,22.310107904192844,0.11168006676863666
6.03,-17.1323242411477,23.1623242411477,23.1623242411477,0.11594609622134741
12.1692,96.14273852176203,-83.97353852176202,83.97353852176202,-0.4203552232549526
-9.147,5.739044598692448,-14.886044598692449,14.886044598692449,-0.07451664787288811
47.8629,53.65889667100269,-5.795996671002683,5.795996671002683,-0.029013633550679777
3.717,28.315925930630193,-24.598925930630195,24.598925930630195,-0.1231374452408288
69.986,59.11825213010543,10.867747869894572,10.867747869894572,0.05440183494166052
-97.7394,107.35117061173369,-205.0905706117337,205.0905706117337,-1.0266435607526425
-1.294,-131.06054787814406,129.76654787814405,129.76654787814405,0.6495861334961541
-46.137,24.578327097610632,-70.71532709761064,70.71532709761064,-0.3539871920719364
2.5592,-16.32738931865961,18.88658931865961,18.88658931865961,0.09454259769596735
13.7931,36.88080857607468,-23.087708576074675,23.087708576074675,-0.11557258469495199
66.6351,104.63113908117087,-37.99603908117088,37.99603908117088,-0.19020079148659833
28.518,36.56219062142069,-8.04419062142069,8.04419062142069,-0.04026765578892909
19.95,27.343652015249738,-7.393652015249739,7.393652015249739,-0.0370111858836852
26.3494,30.59261597367494,-4.243215973674939,4.243215973674939,-0.021240714983933533
45.528,37.23520942103314,8.292790578966859,8.292790578966859,0.04151209888963765
37.1812,-13.331668320079979,50.512868320079974,50.512868320079974,0.2528576074525256
11.1984,2.5146324607427566,8.683767539257243,8.683767539257243,0.043469253611512514
1.7352,-16.255385261110685,17.990585261110684,17.990585261110684,0.09005737541906265
16.848,23.938650574670014,-7.090650574670015,7.090650574670015,-0.035494419525572835
8.88,-13.380983283757654,22.260983283757653,22.260983283757653,0.11143415846044982
56.1752,45.106262531084866,11.06893746891513,11.06893746891513,0.055408950996332244
8.6715,23.4824344291887,-14.8109344291887,14.8109344291887,-0.07414066095336247
38.988,78.64654301885793,-39.65854301885793,39.65854301885793,-0.1985229632825096
68.9631,52.498488658436244,16.464611341563753,16.464611341563753,0.08241864637507755
1.4652,29.760616904440468,-28.29541690444047,28.29541690444047,-0.14164136106847078
2.6496,30.084635163410624,-27.435035163410625,27.435035163410625,-0.13733445718896642
13.0095,30.864869567862094,-17.855369567862095,17.855369567862095,-0.08938051192225581
-48.7839,11.931389004163547,-60.71528900416355,60.71528900416355,-0.3039289437317213
81.583,106.54811531906589,-24.965115319065887,24.965115319065887,-0.12497051819260858
0.3864,34.32848387443531,-33.942083874435305,33.942083874435305,-0.1699074791409326
1.476,-24.168419863010772,25.64441986301077,25.64441986301077,0.12837098479500209
240.5648,103.41110985438591,137.15369014561406,137.15369014561406,0.6865647328468737
25.7488,39.67715659189601,-13.928356591896009,13.928356591896009,-0.06972264772722102
2.1684,27.586884847947342,-25.41848484794734,25.41848484794734,-0.12723999799404112
2.355,-13.823017756199164,16.178017756199164,16.178017756199164,0.08098401455319537
80.4839,17.93825379226664,62.54564620773337,62.54564620773337,0.3130913563736931
-15.9102,93.95409566418093,-109.86429566418093,109.86429566418093,-0.5499593246233951
9.3564,-8.596892818389396,17.953292818389397,17.953292818389397,0.08987069669429072
-25.9136,23.07913217853315,-48.992732178533146,48.992732178533146,-0.2452481011913093
106.5216,63.07127488954134,43.450325110458664,43.450325110458664,0.21750388793695768
11.7,33.728040475386166,-22.028040475386167,22.028040475386167,-0.1102680920073462
5.4432,-17.806282219805624,23.249482219805625,23.249482219805625,0.11638239213339484
-1.4016,-154.5979587940481,153.1963587940481,153.1963587940481,0.7668712160561062
9.3906,35.60655589592871,-26.21595589592871,26.21595589592871,-0.13123198316359183
124.485,51.101600854514416,73.38339914548558,73.38339914548558,0.3673430425111092
1.26,26.99285137316872,-25.732851373168717,25.732851373168717,-0.12881365575837447
8.027,23.30242428531639,-15.275424285316392,15.275424285316392,-0.07646580695303493
20.196,34.59978138636096,-14.403781386360958,14.403781386360958,-0.07210253190426404
8.019,31.43190152105987,-23.412901521059872,23.412901521059872,-0.11720043741375534
145.782,209.6963683715318,-63.91436837153179,63.91436837153179,-0.3199429136721674
12.6468,37.47945187368509,-24.832651873685094,24.832651873685094,-0.12430743191404557
20.0392,73.64566264791706,-53.60646264791706,53.60646264791706,-0.26834353977394626
-13.978,-23.63012036365304,9.652120363653042,9.652120363653042,0.048316639762603086
73.5448,43.016916103741735,30.52788389625826,30.52788389625826,0.15281665720669035
2.376,32.96040678100576,-30.584406781005757,30.584406781005757,-0.15309959978902407
302.373,134.74453514746398,167.628464852536,167.628464852536,0.8391155357674002
-1.9656,-136.82883205671448,134.86323205671448,134.86323205671448,0.6750991445405529
-2.6997,18.27207085565812,-20.97177085565812,20.97177085565812,-0.10498061145532515
41.1332,72.60303114605011,-31.46983114605011,31.46983114605011,-0.15753186218019555
13.3056,13.302422516269637,0.0031774837303633063,0.0031774837303633063,1.5905866376224022e-05
35.3295,-7.686691090062119,43.01619109006212,43.01619109006212,0.21533069735479513
9.4437,-67.81282751137036,77.25652751137036,77.25652751137036,0.38673117081434444
1.0797,-5.05724379019318,6.13694379019318,6.13694379019318,0.03072034860554569
6.4944,-8.915221193664514,15.409621193664513,15.409621193664513,0.07713757061051353
7.2576,-19.83528612062542,27.09288612062542,27.09288612062542,0.1356217255380408
9.3184,29.114161349468894,-19.795761349468894,19.795761349468894,-0.09909373628933452
11.9412,15.246532070090579,-3.3053320700905786,3.3053320700905786,-0.016545850332299723
60.1398,39.413113023418106,20.726686976581895,20.726686976581895,0.10375376916049227
9.039,29.622799575143162,-20.58379957514316,20.58379957514316,-0.1030385025825984
-122.3928,-109.7943686195394,-12.598431380460596,12.598431380460596,-0.063065300436557
-2.3814,-30.54927856117863,28.167878561178632,28.167878561178632,0.14100292889448893
15.82,-53.172813832962085,68.99281383296209,68.99281383296209,0.3453646252411565
-11.439,-117.25600367778028,105.81700367778029,105.81700367778029,0.5296993670644967
-5.8496,-162.98406005404465,157.13446005404464,157.13446005404464,0.7865845860472666
73.41,52.51468957138475,20.895310428615247,20.895310428615247,0.10459786540882567
50.4711,-11.459421941990199,61.9305219419902,61.9305219419902,0.3100121637779327
4.4564,32.1331506006775,-27.6767506006775,27.6767506006775,-0.13854443771837038
-347.1174,111.23038012470923,-458.3477801247092,458.3477801247092,-2.294399960206551
9.906,-24.005620252041318,33.91162025204132,33.91162025204132,0.16975498416432444
-4.7976,-60.01694038480504,55.21934038480504,55.21934038480504,0.27641729244779345
5.4236,-29.45049664298206,34.87409664298206,34.87409664298206,0.174572954030947
-18.0882,32.02322121247137,-50.11142121247137,50.11142121247137,-0.25084804120684295
-27.9312,-133.44025066755324,105.50905066755324,105.50905066755324,0.5281578141104971
-50.8704,16.29361067694034,-67.16401067694034,67.16401067694034,-0.3362099918593602
4.331,39.80619255246969,-35.475192552469686,35.475192552469686,-0.17758192340008735
22.087,35.45310899669728,-13.366108996697282,13.366108996697282,-0.06690814547371562
-53.2704,-1.9986959793951158,-51.271704020604886,51.271704020604886,-0.256656191577039
43.5981,34.36022828492238,9.237871715077624,9.237871715077624,0.04624299148934549
7.0218,28.774951797504585,-21.753151797504586,21.753151797504586,-0.10889205267882338
5.133,-15.09467985342204,20.22767985342204,20.22767985342204,0.10125583642651187
-10.1736,-109.91893109536272,99.74533109536273,99.74533109536273,0.4993057534471346
10.74,21.065688678467957,-10.325688678467957,10.325688678467957,-0.05168839191614738
0.0,116.41649054461587,-116.41649054461587,116.41649054461587,-0.5827583395304711
9.7164,55.23644294673407,-45.52004294673407,45.52004294673407,-0.22786449341408474
2.0088,-20.35371533497767,22.362515334977672,22.362515334977672,0.11194240818779773
-14.9736,-159.09447130616064,144.12087130616064,144.12087130616064,0.7214410884674037
29.769,-0.39152174284068764,30.160521742840686,30.160521742840686,0.15097771362120305
10.0282,38.234703996464425,-28.206503996464427,28.206503996464427,-0.14119628032112522
150.984,82.70779100308721,68.2762089969128,68.2762089969128,0.34177744062150384
23.997,13.951827402722694,10.045172597277306,10.045172597277306,0.050284182899697015
3.0044,-16.151699418240238,19.156099418240238,19.156099418240238,0.09589171290622278
-150.414,-94.72593407072203,-55.688065929277954,55.688065929277954,-0.27876364148060395
1.1904,-11.824326000458804,13.014726000458804,13.014726000458804,0.0651491904453582
-11.0005,-171.397162835622,160.396662835622,160.396662835622,0.8029145395384787
1.752,-18.082777800793494,19.834777800793493,19.834777800793493,0.09928904506631213
-8.997,-7.64938986195444,-1.3476101380455603,1.3476101380455603,-0.006745874598245913
-26.9955,-47.85934484704813,20.863844847048128,20.863844847048128,0.1044403548192122
-8.7232,13.969933442608573,-22.693133442608573,22.693133442608573,-0.11359741821705
6.9132,-17.050239615541926,23.963439615541926,23.963439615541926,0.1199563241810658
-13.896,-159.01238668055487,145.11638668055485,145.11638668055485,0.7264244450678734
6.1792,-12.44478965380388,18.623989653803882,18.623989653803882,0.09322807477969774
21.0128,37.270640106793216,-16.257840106793218,16.257840106793218,-0.08138358973598944
28.8576,19.13475117773246,9.72284882226754,9.72284882226754,0.04867069268849797
13.0375,-19.020129748262722,32.05762974826272,32.05762974826272,0.16047426781191723
32.936,24.163444116040417,8.772555883959583,8.772555883959583,0.04391371081930444
30.8966,-17.11188134139848,48.00848134139848,48.00848134139848,0.24032113267639557
22.2,34.07805063598282,-11.87805063598282,11.87805063598282,-0.05945921435272419
59.0352,79.47973499019763,-20.444534990197624,20.444534990197624,-0.10234137112039238
1159.9855,740.1928222567886,419.79267774321136,419.79267774321136,2.1014006064280744
21.9945,56.154275542012854,-34.15977554201285,34.15977554201285,-0.17099720134552432
28.0192,22.737763776571725,5.281436223428276,5.281436223428276,0.026437843895677278
18.5274,-7.761786632639637,26.289186632639638,26.289186632639638,0.13159856200760792
7.25,34.26807090700309,-27.018070907003093,27.018070907003093,-0.13524721511036686
35.04,29.814181670662194,5.225818329337805,5.225818329337805,0.026159431520791927
25.473,50.88300718641726,-25.41000718641726,25.41000718641726,-0.12719756046707859
378.1674,270.1354954889646,108.0319045110354,108.0319045110354,0.5407867304249112
17.0268,37.03201709692742,-20.005217096927417,20.005217096927417,-0.10014223107751286
51.8238,7.035117634573073,44.78868236542692,44.78868236542692,0.22420344439975068
22.869,37.84746304866898,-14.978463048668978,14.978463048668978,-0.07497927668258979
55.764,45.43028079005502,10.33371920994498,10.33371920994498,0.05172859119691254
12.285,32.40395629797034,-20.11895629797034,20.11895629797034,-0.10071158742582069
8.5025,28.21670121303044,-19.714201213030442,19.714201213030442,-0.0986854620881419
0.4116,-16.796855773878594,17.208455773878594,17.208455773878594,0.08614218712275756
3.9609,28.72634905865906,-24.765449058659062,24.765449058659062,-0.12397102767515181
5.4432,-17.806282219805624,23.249482219805625,23.249482219805625,0.11638239213339484
1.7004,-13.739633931260173,15.440033931260173,15.440033931260173,0.07728981086770484
9.102,21.19529598205602,-12.09329598205602,12.09329598205602,-0.06053669074702597
229.3018,172.99324048674276,56.30855951325722,56.30855951325722,0.2818697118405457
2.1336,-16.546281653608343,18.679881653608344,18.679881653608344,0.09350785927454645
74.8098,60.615146045638674,14.194653954361321,14.194653954361321,0.0710556805995026
1.7591,-11.062523071591187,12.821623071591187,12.821623071591187,0.06418255469075919
8.445,-8.444314657294555,16.889314657294555,16.889314657294555,0.08454462868145463
-46.3946,-167.14064297361736,120.74604297361736,120.74604297361736,0.6044312380402237
3.8272,-16.6786282376806,20.5058282376806,20.5058282376806,0.10264819321200938
7.5992,26.097191338168987,-18.497991338168987,18.497991338168987,-0.09259735168488939
233.2204,164.17274343699958,69.04765656300043,69.04765656300043,0.34563915729536077
21.024,13.23480914308253,7.789190856917472,7.789190856917472,0.038991176497658875
29.7408,23.967627664097108,5.773172335902892,5.773172335902892,0.028899379362450798
11.2422,36.94583136633869,-25.703631366338687,25.703631366338687,-0.12866738607972605
0.504,-14.422232396823972,14.926232396823972,14.926232396823972,0.07471782018446485
20.8494,-39.107258195990426,59.95665819599043,59.95665819599043,0.30013138525852373
60.49,72.60303114605011,-12.113031146050112,12.113031146050112,-0.060635481144724404
9.5032,-4.017434758277844,13.520634758277843,13.520634758277843,0.06768167142190472
0.9856,-17.136714925509512,18.122314925509514,18.122314925509514,0.09071678853255578
3.6192,-21.770755187540487,25.389955187540487,25.389955187540487,0.12709718405549783
4.1944,34.70650517656716,-30.51210517656716,30.51210517656716,-0.15273767200069346
100.24,182.65164435615603,-82.41164435615603,82.41164435615603,-0.4125366844361583
-89.089,23.139105597296044,-112.22810559729604,112.22810559729604,-0.5617920980143768
4.672,-28.68862327320556,33.36062327320556,33.36062327320556,0.16699680031107067
-24.2352,-25.302950086922053,1.0677500869220538,1.0677500869220538,0.005344949540887789
17.8152,-10.738363930803267,28.553563930803268,28.553563930803268,0.1429335949413022
-98.8018,-118.3962942262955,19.594494226295495,19.594494226295495,0.09808623216381156
0.4706,-17.12231411399973,17.592914113999733,17.592914113999733,0.0880667108982082
15.599,7.782378870113142,7.816621129886858,7.816621129886858,0.03912848711622954
-115.7058,-1.863653786901125,-113.84214621309887,113.84214621309887,-0.5698716718342002
252.588,103.60544909712978,148.98255090287023,148.98255090287023,0.7457777122210794
14.8344,38.58471415706107,-23.75031415706107,23.75031415706107,-0.11888945953229532
31.587,114.9275875163219,-83.3405875163219,83.3405875163219,-0.4171867934628429
14.3075,14.677769184633602,-0.37026918463360303,0.37026918463360303,-0.0018534956191080558
35.9964,34.029509250573476,1.9668907494265255,1.9668907494265255,0.00984587305296206
67.6599,51.14437409957651,16.515525900423484,16.515525900423484,0.08267351476734927
11.4516,63.404512794175105,-51.952912794175106,51.952912794175106,-0.2600661903830693
8.2688,15.652564513757628,-7.383764513757628,7.383764513757628,-0.03696169097171275
12.432,28.153697662675132,-15.721697662675131,15.721697662675131,-0.07869976479826446
-52.17,-103.03397355344352,50.863973553443515,50.863973553443515,0.25461517205388234
381.297,168.35142720421317,212.94557279578686,212.94557279578686,1.0659641759710914
13.3476,-25.589639077208766,38.937239077208766,38.937239077208766,0.19491225585295385
-115.4958,21.804580831535628,-137.30038083153562,137.30038083153562,-0.6872990379281583
15.2712,39.22915047212395,-23.957950472123947,23.957950472123947,-0.11992884659529818
1.4456,30.048633134636162,-28.603033134636163,28.603033134636163,-0.14318122816704787
3.5178,30.671468232434353,-27.153668232434352,27.153668232434352,-0.13592598898375388
2.2412,33.56164066153927,-31.320440661539273,31.320440661539273,-0.15678404243156788
49.4982,98.19657473496352,-48.69837473496352,48.69837473496352,-0.2437746050032643
6.4128,31.452712256840176,-25.039912256840175,25.039912256840175,-0.12534493713493705
13.0375,-19.020129748262722,32.05762974826272,32.05762974826272,0.16047426781191723
4.176,-24.456436093206467,28.632436093206465,28.632436093206465,0.14332841366657248
157.0176,114.66376308631398,42.35383691368601,42.35383691368601,0.21201508100009933
9.3312,29.584997444929975,-20.253797444929972,20.253797444929972,-0.10138657601665495
68.976,51.95305792250315,17.02294207749685,17.02294207749685,0.08521354159188965
14.2758,33.872839071968386,-19.597039071968386,19.597039071968386,-0.09809897116695242
15.246,36.889018601783924,-21.643018601783922,21.643018601783922,-0.10834074729274698
131.355,104.90304174254297,26.451958257457022,26.451958257457022,0.1324133651455268
33.9388,48.75528728584656,-14.816487285846563,14.816487285846563,-0.07416845747523362
90.972,185.89059818743328,-94.91859818743329,94.91859818743329,-0.47514406602962866
8.7138,32.38516480209874,-23.671364802098743,23.671364802098743,-0.11849425439606752
2.4,32.91000394072151,-30.51000394072151,30.51000394072151,-0.15272715362218328
66.9546,93.04397346423522,-26.089373464235223,26.089373464235223,-0.13059833609724986
24.936,61.934839538692685,-36.998839538692685,36.998839538692685,-0.18520900426782433
79.1934,90.88385173776751,-11.690451737767518,11.690451737767518,-0.05852013070649628
114.9954,119.04924846798339,-4.053848467983386,4.053848467983386,-0.020292778032204657
2.376,32.96040678100576,-30.584406781005757,30.584406781005757,-0.15309959978902407
3.8822,30.534660523091397,-26.652460523091396,26.652460523091396,-0.13341704054277134
2.6892,-16.209302664279374,18.898502664279373,18.898502664279373,0.09460223359015336
6.3504,31.380708199291252,-25.03030819929125,25.03030819929125,-0.12529686108828952
3.1104,33.17641895365253,-30.06601895365253,30.06601895365253,-0.15050465101425922
2.3571,-13.424256159195885,15.781356159195884,15.781356159195884,0.07899840364409012
4.1965,-17.896866450499505,22.093366450499506,22.093366450499506,0.11059510115018467
47.9376,53.154296925145836,-5.216696925145833,5.216696925145833,-0.026113771543101197
95.7572,92.5881095232983,3.1690904767016974,3.1690904767016974,0.015863851378656108
377.9946,183.96485748403066,194.02974251596933,194.02974251596933,0.9712752037031802
3.5858,11.137767951892986,-7.551967951892986,7.551967951892986,-0.03780368471205413
13.7646,1.4188011457570227,12.345798854242977,12.345798854242977,0.061800671080344406
0.0,75.28035332844574,-75.28035332844574,75.28035332844574,-0.3768388266964569
22.3548,47.48722539150113,-25.132425391501126,25.132425391501126,-0.1258080399177779
53.7504,63.438495583040854,-9.688095583040855,9.688095583040855,-0.04849672472321828
-6.098,-0.08039377332045561,-6.017606226679544,6.017606226679544,-0.030122967942106383
-23.0352,75.15850868615428,-98.19370868615428,98.19370868615428,-0.4915386330457337
37.9962,65.04620530629056,-27.050005306290558,27.050005306290558,-0.13540707251042766
22.1536,22.906182830327328,-0.7525828303273272,0.7525828303273272,-0.003767283470829374
6.6976,33.35361937613176,-26.65601937613176,26.65601937613176,-0.13343485546983824
16.3863,25.161709933047366,-8.775409933047367,8.775409933047367,-0.04392799763468218
5.2026,-18.022294392452395,23.224894392452395,23.224894392452395,0.11625931024547675
12.264,35.35533217599185,-23.091332175991848,23.091332175991848,-0.11559072373230808
1.311,-23.3835756357275,24.6945756357275,24.6945756357275,0.12361624908604282
4.756,23.113413634250467,-18.357413634250467,18.357413634250467,-0.09189364700415803
80.3682,189.793235009801,-109.42503500980101,109.42503500980101,-0.5477604711072827
77.7519,77.92312137896124,-0.1712213789612349,0.1712213789612349,-0.0008571009659265281
297.69,124.37351024678634,173.31648975321366,173.31648975321366,0.86758868360771
6.2208,31.380708199291252,-25.15990819929125,25.15990819929125,-0.12594561351545708
1.3365,32.9010034335279,-31.564503433527896,31.564503433527896,-0.1580057732626548
38.2095,58.83844592561898,-20.62894592561898,20.62894592561898,-0.10326449644408717
6.2192,25.55716090655206,-19.33796090655206,19.33796090655206,-0.09680207619287864
106.477,66.90988163838335,39.56711836161665,39.56711836161665,0.19806530920621143
1.2885,39.74138890067565,-38.45288890067565,38.45288890067565,-0.19248769294689758
601.9699,266.23849501259906,335.731404987401,335.731404987401,1.680606202638519
125.99,113.84133586728748,12.148664132712511,12.148664132712511,0.060813852954789686
6.36,28.375329278108055,-22.015329278108055,22.015329278108055,-0.11020446222272906
5.6448,25.19714061880744,-19.55234061880744,19.55234061880744,-0.09787521939242463
31.6,80.00662922504821,-48.40662922504821,48.40662922504821,-0.24231418364776436
188.2192,153.43636711344067,34.78283288655933,34.78283288655933,0.17411610539289396
49.9704,45.224278744556216,4.746121255443782,4.746121255443782,0.023758161142752386
-14.1372,-15.540929543817828,1.4037295438178283,1.4037295438178283,0.007026797443199308
9.8658,-15.706643901679008,25.57244390167901,25.57244390167901,0.12801068711281305
171.93,90.5002109928495,81.4297890071505,81.4297890071505,0.4076217072695319
35.099,35.8639613141934,-0.7649613141934068,0.7649613141934068,-0.0038292477567304054
7.7004,-11.246642136189791,18.947042136189793,18.947042136189793,0.09484521275848143
6.603,-10.682059884097345,17.285059884097343,17.285059884097343,0.0865256524193272
1.984,-11.824326000458804,13.808326000458804,13.808326000458804,0.06912179790060648
-48.5082,18.202946960411154,-66.71114696041116,66.71114696041116,-0.33394304405631675
6.8714,31.679525038119287,-24.808125038119286,24.808125038119286,-0.12418465533916859
112.4064,103.98959983162598,8.416800168374024,8.416800168374024,0.04213286680722987
20.21,27.9016834612539,-7.6916834612538985,7.6916834612538985,-0.038503073414298296
27.441,59.01665596805257,-31.57565596805257,31.57565596805257,-0.15806160068427477
30.415,25.186911353189487,5.228088646810512,5.228088646810512,0.0261707962890856
132.5898,96.28415605393678,36.30564394606321,36.30564394606321,0.18173900177384109
56.3528,58.1029949186656,-1.7501949186655992,1.7501949186655992,-0.008761135814048155
63.8232,62.106991861400154,1.7162081385998462,1.7162081385998462,0.008591004594455042
44.5278,43.139761278514875,1.388038721485124,1.388038721485124,0.006948252234305814
27.8944,34.03923888581528,-6.144838885815279,6.144838885815279,-0.030759869920727455
38.15,33.896021252201805,4.253978747798193,4.253978747798193,0.021294591340689065
167.808,65.09371235278617,102.71428764721382,102.71428764721382,0.5141677732709651
29.952,-6.228029765938686,36.180029765938684,36.180029765938684,0.18111020158678515
1.1596,-6.3318564906268975,7.491456490626898,7.491456490626898,0.03750077609038877
6.2208,31.380708199291252,-25.15990819929125,25.15990819929125,-0.12594561351545708
5.2026,-18.022294392452395,23.224894392452395,23.224894392452395,0.11625931024547675
-68.392,74.92205361375827,-143.31405361375826,143.31405361375826,-0.7174023158113253
2.9372,36.60100237158822,-33.663802371588226,33.663802371588226,-0.1685144559896372
20.85,27.667670274219898,-6.817670274219896,6.817670274219896,-0.034127933163798564
133.152,70.09606118492323,63.05593881507676,63.05593881507676,0.3156457820494623
2.8322,33.05041185294191,-30.218211852941913,30.218211852941913,-0.15126649910694176
11.2476,-17.03274731900354,28.28034731900354,28.28034731900354,0.1415659256508117
5.1042,28.04051041050556,-22.936310410505563,22.936310410505563,-0.11481471488490817
123.7691,91.06342360469985,32.705676395300145,32.705676395300145,0.16371826345376392
12.4416,27.789286690568694,-15.347686690568695,15.347686690568695,-0.07682753851785282
22.5008,31.389489568014884,-8.888689568014883,8.888689568014883,-0.044495053484480254
1.742,-15.713914748342784,17.455914748342785,17.455914748342785,0.08738091868377638
10.465,21.772118923931778,-11.307118923931778,11.307118923931778,-0.05660124109701397
23.384,31.53788836747455,-8.15388836747455,8.15388836747455,-0.04081678139855295
27.3528,46.60135634517938,-19.248556345179384,19.248556345179384,-0.09635453432412576
-29.3436,1.6348133184037934,-30.978413318403792,30.978413318403792,-0.15507191998545047
137.2896,96.57511507159997,40.71448492840004,40.71448492840004,0.20380880338099258
24.528,-13.915042068044027,38.44304206804402,38.44304206804402,0.1924384016153414
-2.1624,-157.48885126372852,155.32645126372853,155.32645126372853,0.7775340452212027
0.0,50.49510300774617,-50.49510300774617,50.49510300774617,-0.2527686777496248
3.1584,-27.867917898965594,31.026317898965594,31.026317898965594,0.15531172101100538
22.5732,-5.140838937858813,27.714038937858813,27.714038937858813,0.13873109589160665
5.3214,31.002686897159403,-25.681286897159403,25.681286897159403,-0.12855553400708847
22.2516,40.39100638158471,-18.13940638158471,18.13940638158471,-0.09080234504191234
5.04,19.01357303832363,-13.973573038323632,13.973573038323632,-0.06994899247542946
200.9546,258.74367585179897,-57.78907585179897,57.78907585179897,-0.28928088906346383
46.3185,-1.8255608055797232,48.14406080557973,48.14406080557973,0.24099981713983432
15.6993,38.58212357413798,-22.88282357413798,22.88282357413798,-0.114546970171058
80.9919,22.592314308593544,58.39958569140646,58.39958569140646,0.29233698273827124
-447.5947,205.22439859242215,-652.8190985924222,652.8190985924222,-3.2678856073547355
-553.6476,122.63517324079217,-676.2827732407922,676.2827732407922,-3.385340205181896
-122.7816,43.2124672016939,-165.9940672016939,165.9940672016939,-0.8309340585842151
16.3842,20.512047916825615,-4.1278479168256155,4.1278479168256155,-0.020663204899839364
75.9696,51.03219646736129,24.93740353263871,24.93740353263871,0.12483179837234795
-10.054,-140.79071444152623,130.73671444152623,130.73671444152623,0.6544425988723193
40.9216,52.06747393309705,-11.14587393309705,11.14587393309705,-0.055794079992286805
44.8896,57.90700300031477,-13.017403000314772,13.017403000314772,-0.0651625909866706
20.7,31.403890379524668,-10.703890379524669,10.703890379524669,-0.05358159617169864
-18.1068,7.047937483114119,-25.15473748311412,25.15473748311412,-0.12591972991460748
11.3288,27.28525828772623,-15.95645828772623,15.95645828772623,-0.07987493088858294
-26.6352,66.3997942440854,-93.0349942440854,93.0349942440854,-0.46571511055069864
0.307,-16.759413663953158,17.066413663953156,17.066413663953156,0.08543115190999423
93.24,68.48598001722041,24.75401998277958,24.75401998277958,0.12391381594122361
-27.1296,-117.94703130752333,90.81743130752334,90.81743130752334,0.4546144212182028
0.8225,-14.207660305328176,15.030160305328176,15.030160305328176,0.07523806310801848
7.6986,-34.114778609183574,41.81337860918357,41.81337860918357,0.20930965170358065
-14.4784,4.620206569880825,-19.098606569880825,19.098606569880825,-0.09560391487444851
0.1134,27.106257763808276,-26.992857763808278,26.992857763808278,-0.1351210030128039
-58.8616,-126.47601822142133,67.61441822142132,67.61441822142132,0.33846464454220443
1.148,-15.990410329330647,17.138410329330647,17.138410329330647,0.08579155323261473
15.065,26.056579486562725,-10.991579486562726,10.991579486562726,-0.05502171196228975
1.7138,-16.344670292471353,18.058470292471352,18.058470292471352,0.09039719470041743
15.49,-8.720880679191307,24.210880679191305,24.210880679191305,0.12119496608402458
11.6263,-22.60579093238136,34.23209093238136,34.23209093238136,0.17135919814354236
45.7704,54.81240948867979,-9.042009488679788,9.042009488679788,-0.04526254322726186
4.4856,11.196303832963617,-6.710703832963617,6.710703832963617,-0.033592479935476906
62.748,9.899509484778138,52.84849051522186,52.84849051522186,0.26454927850225346
15.8376,14.444405597266213,1.393194402733787,1.393194402733787,0.006974060573223811
59.998,68.75836540575263,-8.76036540575263,8.76036540575263,-0.04385268765321575
3.6156,30.462656465542473,-26.847056465542472,26.847056465542472,-0.13439115003337393
8.8624,-13.24273549326372,22.105135493263717,22.105135493263717,0.11065401469230443
3.1104,33.17641895365253,-30.06601895365253,30.06601895365253,-0.15050465101425922
20.5114,21.772118923931778,-1.2607189239317798,1.2607189239317798,-0.006310914057691503
97.1946,299.912773488322,-202.718173488322,202.718173488322,-1.0147678015549675
42.1504,43.630179351331925,-1.4797793513319277,1.4797793513319277,-0.007407488008094354
10.3168,36.19057924355936,-25.873779243559362,25.873779243559362,-0.12951911330445073
2.256,35.81615814430496,-33.56015814430496,33.56015814430496,-0.16799563311917481
23.96,39.83038435265746,-15.87038435265746,15.87038435265746,-0.07944406148818381
16.65,26.821622598020042,-10.171622598020043,10.171622598020043,-0.05091716704242225
2.8224,30.084635163410624,-27.262235163410622,27.262235163410622,-0.136469453952743
4.3368,20.20163998788087,-15.86483998788087,15.86483998788087,-0.07941630747502088
12.5762,127.4290728697838,-114.8528728697838,114.8528728697838,-0.5749311731592566
14.677,30.322819896336462,-15.645819896336462,15.645819896336462,-0.07831993543807723
23.55,34.1560263408623,-10.606026340862297,10.606026340862297,-0.053091707802758556
13.348,25.27353536071818,-11.92553536071818,11.92553536071818,-0.05969691366156253
-225.0976,111.74002222643495,-336.837622226435,336.837622226435,-1.6861437112712188
200.8638,209.18766097667805,-8.323860976678048,8.323860976678048,-0.041667631265626816
-28.9674,-9.279279961226552,-19.688120038773448,19.688120038773448,-0.09855490479568353
26.973,-26.954624685609716,53.927624685609715,53.927624685609715,0.2699512145537857
7.986,24.51749275645448,-16.53149275645448,16.53149275645448,-0.08275344174732106
130.4913,44.193531573270675,86.29776842672932,86.29776842672932,0.4319898667128459
76.2624,49.4080666926931,26.854333307306902,26.854333307306902,0.13442757648983064
1.917,-16.621165873459223,18.538165873459224,18.538165873459224,0.09279845760525876
2.632,-25.176476668695702,27.808476668695704,27.808476668695704,0.13920383282908064
5.8604,31.200698055418943,-25.34029805541894,25.34029805541894,-0.12684861009724138
31.4532,92.63210116758268,-61.17890116758268,61.17890116758268,-0.3062496961721732
60.356,155.96990031920845,-95.61390031920845,95.61390031920845,-0.478624613449412
60.392,83.40363977838868,-23.011639778388677,23.011639778388677,-0.11519179906894497
95.2,127.26728287876871,-32.06728287876871,32.06728287876871,-0.16052258950825615
29.952,-6.228029765938686,36.180029765938684,36.180029765938684,0.18111020158678515
179.73,390.0352733917177,-210.3052733917177,210.3052733917177,-1.0527473499923958
3.178,40.48922147923011,-37.31122147923011,37.31122147923011,-0.18677272758670527
43.9956,50.009167507152185,-6.013567507152182,6.013567507152182,-0.03010275089661236
-48.9549,20.864216927419378,-69.81911692741937,69.81911692741937,-0.3495009380351784
3.2616,-15.904005460271943,19.165605460271944,19.165605460271944,0.09593929830622916
41.7186,-3.845853778584763,45.56445377858476,45.56445377858476,0.22808680541219944
-10.4184,-129.06567546375112,118.64727546375111,118.64727546375111,0.5939252155395589
-104.673,-15.181453830241193,-89.4915461697588,89.4915461697588,-0.4479772977516122
12.7764,-43.151006067937985,55.92740606793799,55.92740606793799,0.27996173172654776
-2.1504,-163.4002435066774,161.24984350667742,161.24984350667742,0.8071853962603895
-13.6488,-162.15313322993006,148.50433322993007,148.50433322993007,0.7433838474368637
-9.0944,-123.57925912990902,114.48485912990901,114.48485912990901,0.5730889678585253
27.4856,21.80171102843572,5.683888971564283,5.683888971564283,0.02845244418250976
3.034,30.379851799361212,-27.345851799361213,27.345851799361213,-0.13688802259104957
65.2064,56.91639481910577,8.290005180894234,8.290005180894234,0.041498155727907375
4.0776,-13.781184961911904,17.858784961911905,17.858784961911905,0.08939760872148071
16.98,35.16092122060975,-18.18092122060975,18.18092122060975,-0.09101016026244449
322.1829,174.79378020240583,147.3891197975942,147.3891197975942,0.7378013056078686
114.6285,106.57107836082932,8.057421639170684,8.057421639170684,0.04033388769386123
-99.2664,-61.4028430262143,-37.863556973785705,37.863556973785705,-0.1895376117896662
12.5328,-17.12217323218197,29.654973232181973,29.654973232181973,0.1484470359719686
2.1736,-16.220823313487205,18.394423313487206,18.394423313487206,0.09207891026984884
86.25,82.26474691069134,3.9852530893086566,3.9852530893086566,0.019949402890169866
-19.9184,-9.616075668404644,-10.302324331595354,10.302324331595354,-0.0515714345338728
172.3384,142.44134752572003,29.897052474279974,29.897052474279974,0.1496588376376936
30.432,37.280211957001214,-6.848211957001215,6.848211957001215,-0.034280818895543644
12.9024,22.03774345537843,-9.135343455378429,9.135343455378429,-0.0457297549358492
74.8142,75.48679365088451,-0.6725936508845081,0.6725936508845081,-0.003366873175222348
8.2156,32.19435404959409,-23.978754049594087,23.978754049594087,-0.12003298526333461
-14.081,38.83944619201412,-52.920446192014126,52.920446192014126,-0.26490947464397774
5.3898,74.59653392020095,-69.20673392020096,69.20673392020096,-0.34643546764714506
9.828,-21.288257561053815,31.116257561053814,31.116257561053814,0.15576194149000508
9.0,23.536437472350393,-14.536437472350393,14.536437472350393,-0.0727665825042964
31.122,38.74628500960619,-7.62428500960619,7.62428500960619,-0.03816568985647587
3.0861,-18.959787221739383,22.045887221739385,22.045887221739385,0.11035742935313088
18.2592,36.35697905740626,-18.097779057406257,18.097779057406257,-0.09059396674255075
13.604,24.163444116040417,-10.559444116040417,10.559444116040417,-0.0528585262331902
27.9344,30.61500767242399,-2.6806076724239887,2.6806076724239887,-0.01341860134081058
3.4357,33.325827373066545,-29.890127373066544,29.890127373066544,-0.14962417192611496
22.458,27.83767029094424,-5.37967029094424,5.37967029094424,-0.02692958455718595
12.0978,34.46147224243084,-22.363672242430837,22.363672242430837,-0.11194819944179657
25.4384,46.65996921117288,-21.221569211172877,21.221569211172877,-0.10623105350349385
13.4865,31.480504259905395,-17.994004259905395,17.994004259905395,-0.09007449026294037
34.4232,-2.901442307178403,37.32464230717841,37.32464230717841,0.18683990964462235
29.372,-11.423701676851262,40.795701676851266,40.795701676851266,0.20421535864861906
5.1184,-15.011155146665285,20.129555146665286,20.129555146665286,0.10076464320372214
36.9873,56.66954283042763,-19.682242830427633,19.682242830427633,-0.09852548463226288
1.512,32.57698517455774,-31.06498517455774,31.06498517455774,-0.1555052818820884
4.0995,33.6498456320367,-29.550345632036702,29.550345632036702,-0.14792329052796427
165.7176,125.98842037579095,39.72917962420905,39.72917962420905,0.19887655640880914
15.552,25.993575936207417,-10.441575936207418,10.441575936207418,-0.05226850101905068
4.5657,35.05392475424072,-30.48822475424072,30.48822475424072,-0.15261813124493678
4.2816,-32.847577637231396,37.12917763723139,37.12917763723139,0.18586145147291222
-67.6704,57.64107980201656,-125.31147980201656,125.31147980201656,-0.6272849280363977
6.4864,-11.891798491828148,18.378198491828147,18.378198491828147,0.09199769196404887
-29.9178,21.523703653658636,-51.441503653658636,51.441503653658636,-0.2575061755591052
29.0325,35.09308870895266,-6.060588708952665,6.060588708952665,-0.030338129899670996
41.2237,30.025584020477165,11.198115979522836,11.198115979522836,0.05605559352946989
429.5772,221.40099703386983,208.17620296613018,208.17620296613018,1.0420896369815118
-99.1764,217.43097379252836,-316.6073737925284,316.6073737925284,-1.584875017029709
1.4742,27.06845563359509,-25.59425563359509,25.59425563359509,-0.12811987240618716
0.8388,-12.668213554932187,13.507013554932186,13.507013554932186,0.06761348632366831
-32.6366,10.00305444583083,-42.63965444583083,42.63965444583083,-0.2134458280502999
0.0,197.86085138121794,-197.86085138121794,197.86085138121794,-0.9904529905478808
11.4296,-17.23737972426025,28.66697972426025,28.66697972426025,0.14350133237405185
250.305,224.96778846546465,25.337211534535356,25.337211534535356,0.12683315957320798
32.396,-8.586741809423664,40.982741809423665,40.982741809423665,0.20515164522257034
1.4456,30.048633134636162,-28.603033134636163,28.603033134636163,-0.14318122816704787
22.2352,44.44224423866602,-22.207044238666022,22.207044238666022,-0.11116415007756174
2.6568,27.856900063755806,-25.200100063755805,25.200100063755805,-0.12614680618230714
9.6192,29.69300353125336,-20.07380353125336,20.07380353125336,-0.10048556144587494
303.3408,136.88263428294312,166.4581657170569,166.4581657170569,0.8332572456080315
10.764,27.429266402824076,-16.665266402824077,16.665266402824077,-0.08342308663754738
41.5104,33.44318617112795,8.067213828872049,8.067213828872049,0.040382905493522074
1228.1787,833.0688368492368,395.1098631507631,395.1098631507631,1.9778432308402836
-34.392,4.294599532198584,-38.686599532198585,38.686599532198585,-0.19365760297355936
53.997,103.06995023169243,-49.07295023169243,49.07295023169243,-0.24564965718428572
32.392,127.89248942102,-95.50048942102,95.50048942102,-0.4780569005214258
18.6093,37.636851180338375,-19.027551180338374,19.027551180338374,-0.09524822539582967
58.4962,51.451839241053754,7.044360758946247,7.044360758946247,0.03526270169915359
3.3544,-12.956229785127881,16.31062978512788,16.31062978512788,0.08164784461213918
12.6927,-13.83597848655797,26.528678486557972,26.528678486557972,0.1327974117106664
4.4312,-15.443179491958826,19.874379491958827,19.874379491958827,0.0994872834402585
-3.5712,-163.22743376856,159.65623376855999,159.65623376855999,0.7992080954458713
-16.38,-161.957282193397,145.577282193397,145.577282193397,0.728731598483205
3.4686,30.376251596483765,-26.907651596483767,26.907651596483767,-0.1346944774891818
15.0416,32.7935686902189,-17.751968690218895,17.751968690218895,-0.08886290721282462
327.506,1494.0213017508588,-1166.5153017508587,1166.5153017508587,-5.83934902267724
34.2848,25.301108225313413,8.983691774686584,8.983691774686584,0.04497061607834245
-85.2384,-157.74072458333202,72.50232458333203,72.50232458333203,0.3629325543883259
14.7582,14.815876093309784,-0.05767609330978374,0.05767609330978374,-0.0002887153204032791
52.7934,103.59313923816694,-50.79973923816694,50.79973923816694,-0.2542936275481484
55.896,224.36036379913062,-168.46436379913064,168.46436379913064,-0.8432998835333729
41.535,36.370151110491705,5.164848889508292,5.164848889508292,0.025854230347393446
-33.484,-135.03939034480595,101.55539034480594,101.55539034480594,0.5083665584733181
1.1996,-6.292762976823838,7.492362976823838,7.492362976823838,0.03750531378421947
-2.0568,-32.35027677861409,30.29347677861409,30.29347677861409,0.1516432607057875
19.824,29.93665773767489,-10.112657737674887,10.112657737674887,-0.05062200040456333
204.0714,70.46535465602427,133.60604534397572,133.60604534397572,0.6688059120460151
12.993,49.47431824138145,-36.481318241381445,36.481318241381445,-0.18261839317413933
9.8784,17.865898801902667,-7.987498801902667,7.987498801902667,-0.039983867551947126
14.4354,22.502169626568985,-8.066769626568986,8.066769626568986,-0.0403806819030725
251.8911,182.44061111410153,69.45048888589847,69.45048888589847,0.34765565765972534
6.2208,31.380708199291252,-25.15990819929125,25.15990819929125,-0.12594561351545708
1.375,33.000009012657664,-31.625009012657664,31.625009012657664,-0.15830865243948825
55.936,45.01265725627126,10.923342743728739,10.923342743728739,0.054680132081614145
5.256,-30.809792367687976,36.065792367687976,36.065792367687976,0.1805383513600224
4.4604,-13.055524943636517,17.515924943636517,17.515924943636517,0.08768131806534744
-12.075,-159.43793066066902,147.36293066066904,147.36293066066904,0.7376702078752635
-16.884,-167.82979224526946,150.94579224526944,150.94579224526944,0.7556053170513046
2.8884,-16.209302664279374,19.097702664279375,19.097702664279375,0.0955993900985776
3.6288,-15.777278318985832,19.406078318985834,19.406078318985834,0.0971430587287489
52.532,40.71840570496233,11.813594295037667,11.813594295037667,0.05913655842961842
8.2616,26.356405945345113,-18.094805945345115,18.094805945345115,-0.09057908392105456
4.5612,16.517622824299067,-11.956422824299068,11.956422824299068,-0.05985153030482758
122.3856,84.31967227222874,38.06592772777125,38.06592772777125,0.19055064047667122
-337.806,294.8197060876873,-632.6257060876873,632.6257060876873,-3.1668014067359542
18.0648,31.461493625563808,-13.396693625563806,13.396693625563806,-0.06706124618522162
-54.5958,-8.229997560587858,-46.365802439412136,46.365802439412136,-0.2320982011584898
-100.7944,7.500685220063044,-108.29508522006304,108.29508522006304,-0.5421041619354463
-36.253,-33.40467117591945,-2.8483288240805535,2.8483288240805535,-0.014258180848715944
-219.1644,213.28807164388988,-432.4524716438899,432.4524716438899,-2.164773075722105
78.7671,105.42866227517743,-26.66156227517743,26.66156227517743,-0.13346260214583688
22.3776,-12.313530946338199,34.6911309463382,34.6911309463382,0.17365706329185665
14.3952,5.307020253398903,9.088179746601098,9.088179746601098,0.04549366257054428
13.9152,57.39656467320178,-43.48136467320178,43.48136467320178,-0.2176592659590859
6.9372,25.78037348495372,-18.84317348495372,18.84317348495372,-0.09432526646530223
2.0592,60.19111258758439,-58.131912587584395,58.131912587584395,-0.29099706317197466
-6.049,15.502386177161117,-21.551386177161117,21.551386177161117,-0.10788205317329255
0.2592,-14.266703632518293,14.525903632518293,14.525903632518293,0.07271385214813537
211.4955,311.8817171235714,-100.38621712357138,100.38621712357138,-0.502513904421966
105.6456,20.930812864908788,84.71478713509121,84.71478713509121,0.4240657698369889
1.764,-16.736372365537502,18.5003723655375,18.5003723655375,0.09260927064541775
213.6888,165.14580783386444,48.54299216613555,48.54299216613555,0.24299679004441646
10.7604,33.000799494142036,-22.240399494142036,22.240399494142036,-0.11133112000772268
12.4416,27.789286690568694,-15.347686690568695,15.347686690568695,-0.07682753851785282
70.5544,94.55057102432153,-23.996171024321526,23.996171024321526,-0.12012017125583725
12.0,38.048283928321595,-26.048283928321595,26.048283928321595,-0.13039264986148477
-32.32,-119.49079830137225,87.17079830137226,87.17079830137226,0.4363600846925095
0.5244,-16.384992564698752,16.909392564698752,16.909392564698752,0.08464513478609134
140.686,267.48596530963414,-126.79996530963413,126.79996530963413,-0.6347359973718193
7.56,22.996407040733466,-15.436407040733467,15.436407040733467,-0.07727165535819658
61.389,87.2090542198493,-25.820054219849304,25.820054219849304,-0.12925017627102842
3.3408,-21.909002978034422,25.249802978034424,25.249802978034424,0.1263956093171494
3.6288,-15.777278318985832,19.406078318985834,19.406078318985834,0.0971430587287489
2.7036,34.71370558232205,-32.01010558232205,32.01010558232205,-0.16023637106806596
9.1314,35.135719800467626,-26.004319800467627,26.004319800467627,-0.13017257397681217
27.69,35.904143976332406,-8.214143976332405,8.214143976332405,-0.041118409272758144
7.85,-22.008298136543058,29.858298136543056,29.858298136543056,0.14946484095042434
239.9058,488.15118103703463,-248.24538103703463,248.24538103703463,-1.2426681595749416
133.8624,97.33396739725674,36.528432602743266,36.528432602743266,0.1828542385158672
-35.6174,-34.743516185132805,-0.8738838148671988,0.8738838148671988,-0.004374492638561292
3.6432,-21.183202077941274,24.826402077941275,24.826402077941275,0.12427614665047995
0.91,-17.119433951697776,18.029433951697776,18.029433951697776,0.09025184441837328
52.4979,219.54961492925318,-167.0517149292532,167.0517149292532,-0.8362284376763629
31.587,114.9275875163219,-83.3405875163219,83.3405875163219,-0.4171867934628429
7.9527,29.00716488309986,-21.05446488309986,21.05446488309986,-0.10539456169463912
156.751,77.74649229949638,79.00450770050362,79.00450770050362,0.3954812201225313
5.3392,31.092691969095558,-25.753491969095556,25.753491969095556,-0.12891697857246182
290.3016,147.61404857912584,142.68755142087417,142.68755142087417,0.714266167522287
30.7818,37.393837486110755,-6.612037486110754,6.612037486110754,-0.033098575367571416
0.0,99.4652875007049,-99.4652875007049,99.4652875007049,-0.4979039096064942
9.3312,29.584997444929975,-20.253797444929972,20.253797444929972,-0.10138657601665495
8.34,32.05034593449624,-23.710345934496242,23.710345934496242,-0.11868938637335624
0.0,24.428411232077114,-24.428411232077114,24.428411232077114,-0.12228388177976356
4.4712,28.321326234946362,-23.850126234946362,23.850126234946362,-0.1193890994072083
52.6344,62.88608357982285,-10.251683579822853,10.251683579822853,-0.05131793676669687
2.1476,-16.45411645994572,18.60171645994572,18.60171645994572,0.09311657949747354
67.1139,58.98201576377686,8.131884236223144,8.131884236223144,0.040706632991476845
9.7812,36.011578719641406,-26.230378719641408,26.230378719641408,-0.13130418101768307
1.0166,33.086413881716375,-32.06981388171638,32.06981388171638,-0.1605352592174033
21.5397,23.706937119450885,-2.167237119450885,2.167237119450885,-0.010848768067063246
-7.7748,-108.48180054759509,100.70700054759509,100.70700054759509,0.5041196839353186
-300.735,17.627800919530095,-318.3628009195301,318.3628009195301,-1.5936623442624107
39.55,43.28657911500579,-3.736579115005796,3.736579115005796,-0.018704589275953937
157.3632,70.28924338188098,87.07395661811903,87.07395661811903,0.4358753140361705
81.432,61.62241236983924,19.809587630160763,19.809587630160763,0.0991629479649329
411.7365,190.78948158689926,220.94701841310072,220.94701841310072,1.1060178585720297
158.7519,131.92616454065407,26.825735459345935,26.825735459345935,0.13428442121763584
95.4612,124.51435643594671,-29.053156435946704,29.053156435946704,-0.14543445798379084
7.3206,28.774951797504585,-21.454351797504586,21.454351797504586,-0.10739631791618705
35.3626,50.99821367849553,-15.635613678495531,15.635613678495531,-0.0782688450939684
36.813,36.325939056007996,0.48706094399200595,0.48706094399200595,0.002438132481430075
7.0218,28.774951797504585,-21.753151797504586,21.753151797504586,-0.10889205267882338
364.4595,269.07229295408916,95.38720704591083,95.38720704591083,0.4774898309550108
5.1294,9.941060515429875,-4.811660515429875,4.811660515429875,-0.024086237948236517
20.7808,34.12564375487399,-13.344843754873992,13.344843754873992,-0.06680169580359863
-0.8558,-131.19987572950123,130.34407572950124,130.34407572950124,0.6524771257440309
4.9271,35.0683255657505,-30.1412255657505,30.1412255657505,-0.15088112070667903
0.0,-16.164589707690162,16.164589707690162,16.164589707690162,0.08091679635055386
0.882,-14.227821441441876,15.109821441441875,15.109821441441875,0.07563683128243738
-121.8735,169.50880962892353,-291.3823096289235,291.3823096289235,-1.4586032454124547
1.9926,-16.580843601231823,18.573443601231823,18.573443601231823,0.09297505105832535
5.1012,-17.780360759088012,22.88156075908801,22.88156075908801,0.1145406487642005
-3.9624,-112.89125859098229,108.92885859098229,108.92885859098229,0.5452767083294126
2.598,-10.160961830169779,12.758961830169778,12.758961830169778,0.06386888468719845
23.028,20.846935953607634,2.1810640463923647,2.1810640463923647,0.010917982977661653
5.715,-26.200303926132513,31.915303926132513,31.915303926132513,0.1597618123909636
2.7166,30.08823536628807,-27.37163536628807,27.37163536628807,-0.137017090119019
38.025,-28.323930537463603,66.3489305374636,66.3489305374636,0.33212985899808234
1.0842,26.83624254799981,-25.75204254799981,25.75204254799981,-0.12890972305198456
6.704,-11.500096418761999,18.204096418762,18.204096418762,0.09112617080296424
10.4496,32.80357881736687,-22.35397881736687,22.35397881736687,-0.111899676038727
8.6715,23.4824344291887,-14.8109344291887,14.8109344291887,-0.07414066095336247
12.4416,27.789286690568694,-15.347686690568695,15.347686690568695,-0.07682753851785282
3919.9888,1992.5398745813004,1927.4489254186997,1927.4489254186997,9.648434942954399
647.892,443.22705905077675,204.6649409492233,204.6649409492233,1.0245129413342156
28.755,31.663895468185167,-2.908895468185168,2.908895468185168,-0.014561365704952537
0.5299,41.54869074515364,-41.018790745153645,41.018790745153645,-0.20533209919287615
9.1296,-12.611839067317383,21.741439067317383,21.741439067317383,0.10883342102652625
-935.9595,-31.637282589424593,-904.3222174105755,904.3222174105755,-4.526861369495851
-7.48,-156.0498221330375,148.56982213303752,148.56982213303752,0.7437116721655944
7.0218,28.774951797504585,-21.753151797504586,21.753151797504586,-0.10889205267882338
17.1828,36.240982083843605,-19.058182083843604,19.058182083843604,-0.09540155774918888
4.2624,-9.97087111824062,14.23327111824062,14.23327111824062,0.07124899062108456
24.858,25.093594386025394,-0.23559438602539373,0.23559438602539373,-0.0011793397358103833
0.7392,-16.756533501651194,17.495733501651195,17.495733501651195,0.08758024362864998
-5.784,-141.9571801738188,136.17318017381882,136.17318017381882,0.6816564903772427
61.389,87.2090542198493,-25.820054219849304,25.820054219849304,-0.12925017627102842
9.3296,26.550816900727206,-17.221216900727207,17.221216900727207,-0.08620606684510657
4.2666,-18.242626808552103,22.509226808552103,22.509226808552103,0.11267681732803493
16.6764,37.63145087602221,-20.955050876022206,20.955050876022206,-0.10489691448486997
143.04,154.26962952568928,-11.22962952568929,11.22962952568929,-0.056213344220551256
2.999,37.40845743609052,-34.40945743609052,34.40945743609052,-0.1722470604103598
67.4424,3.9981978098861166,63.44420219011389,63.44420219011389,0.31758935309063213
4.1391,-8.058513790650089,12.197613790650088,12.197613790650088,0.061058885434697285
6.2856,-32.06417349109911,38.349773491099114,38.349773491099114,0.19197151723516026
23.6529,36.47038544804581,-12.817485448045812,12.817485448045812,-0.0641618425509616
20.1207,33.79183450722585,-13.671134507225851,13.671134507225851,-0.06843504393284706
6.2208,31.380708199291252,-25.15990819929125,25.15990819929125,-0.12594561351545708
213.6888,165.14580783386444,48.54299216613555,48.54299216613555,0.24299679004441646
28.3095,44.95966383306393,-16.650163833063928,16.650163833063928,-0.08334748610677298
19.998,61.63935782034149,-41.64135782034148,41.64135782034148,-0.20844854904706378
3.5022,-18.666010666939776,22.16821066693978,22.16821066693978,0.11096975676033191
4.2717,-18.484560441916486,22.756260441916485,22.756260441916485,0.11391341971412416
80.7912,55.76567276971866,25.02552723028134,25.02552723028134,0.12527292848605656
77.5764,258.827915666316,-181.251515666316,181.251515666316,-0.9073098820703848
8.9544,-13.038243969824773,21.992643969824773,21.992643969824773,0.11009090397573969
65.435,76.1636317918444,-10.728631791844393,10.728631791844393,-0.053705446876127445
7.056,22.75339334650585,-15.697393346505848,15.697393346505848,-0.07857810211226546
5.1042,28.04051041050556,-22.936310410505563,22.936310410505563,-0.11481471488490817
99.432,135.53218909614034,-36.10018909614034,36.10018909614034,-0.1807105347016126
494.9725,358.7884721061683,136.18402789383174,136.18402789383174,0.6817107919566225
35.982,43.441387838735984,-7.459387838735985,7.459387838735985,-0.03734024664787163
4.2048,30.624665595027555,-26.419865595027556,26.419865595027556,-0.13225271551091733
1.2948,-13.964286590812819,15.259086590812819,15.259086590812819,0.07638402362769917
-142.071,-0.5818406807125207,-141.48915931928747,141.48915931928747,-0.708267249431216
-2.0108,-133.87853623955618,131.8677362395562,131.8677362395562,0.6601042743094439
20.8719,-6.292833417732716,27.164733417732716,27.164733417732716,0.13598137915211325
9.5688,-9.577799404932378,19.146599404932378,19.146599404932378,0.09584415768483699
4.5882,-7.339913296311828,11.928113296311828,11.928113296311828,0.05970981830641948
29.6688,42.19729860610834,-12.52849860610834,12.52849860610834,-0.06271523055152932
79.8912,56.04648859415946,23.844711405840535,23.844711405840535,0.11936199382445287
212.1876,158.6654426544613,53.522157345538716,53.522157345538716,0.26792152380526535
12.838,33.76404250416063,-20.926042504160627,20.926042504160627,-0.10475170420976673
238.653,258.827696527846,-20.17469652784601,20.17469652784601,-0.10099061218988488
79.8912,56.04648859415946,23.844711405840535,23.844711405840535,0.11936199382445287
0.7665,-24.953264090294038,25.71976409029404,25.71976409029404,0.12874814336230983
4.3584,-6.835884893469363,11.194284893469362,11.194284893469362,0.056036415856816506
-8.1312,-147.18705401206714,139.05585401206713,139.05585401206713,0.6960865956958849
-16.776,-129.84234879365127,113.06634879365127,113.06634879365127,0.5659881806393162
7.056,22.75339334650585,-15.697393346505848,15.697393346505848,-0.07857810211226546
111.591,131.75853596838283,-20.167535968382836,20.167535968382836,-0.1009547678200422
42.0744,39.23793184084757,2.8364681591524246,2.8364681591524246,0.014198808663839825
152.0883,65.91860036066831,86.1696996393317,86.1696996393317,0.43134877923855103
49.497,61.709826858852296,-12.212826858852296,12.212826858852296,-0.06113503909921
101.5794,17.88367159034722,83.69572840965279,83.69572840965279,0.41896455979413044
29.985,-3.333466652471948,33.31846665247195,33.31846665247195,0.16678577245596177
-2.4564,-133.7953715530872,131.3389715530872,131.3389715530872,0.6574573809934928
-6.567,-165.88791325408386,159.32091325408385,159.32091325408385,0.797529546081323
7.065,22.98740653353985,-15.92240653353985,15.92240653353985,-0.0797044744211622
1.64,-22.623283228919746,24.263283228919747,24.263283228919747,0.12145728306956544
-4.455,-136.37196631156655,131.91696631156654,131.91696631156654,0.6603507104877336
5.6115,-17.81924295016443,23.43074295016443,23.43074295016443,0.11728974814242601
8.1432,-1.061018596227914,9.204218596227914,9.204218596227914,0.04607453051299126
37.366,39.9443620863114,-2.578362086311401,2.578362086311401,-0.012906779796383794
4.0383,-11.91217095066849,15.950470950668489,15.950470950668489,0.07984495944222121
10.6232,-12.179955603841602,22.803155603841603,22.803155603841603,0.11414816778604805
-16.426,54.23725436032601,-70.66325436032601,70.66325436032601,-0.3537265260634282
-1811.0784,3975.62661207509,-5786.70501207509,5786.70501207509,-28.967121310851926
7.4816,-19.72007962854714,27.20167962854714,27.20167962854714,0.1361663247072097
1.002,-19.162838664027348,20.164838664027346,20.164838664027346,0.10094126563834904
8.0766,-12.105071383990722,20.18167138399072,20.18167138399072,0.10102552696498539
5.9175,-17.19712789294173,23.11462789294173,23.11462789294173,0.11570733756651984
15.294,1.4188011457570227,13.875198854242978,13.875198854242978,0.06945655041761346
56.9772,47.01717977752442,9.960020222475585,9.960020222475585,0.049857926650995636
17.238,41.068415865558975,-23.830415865558976,23.830415865558976,-0.11929043312649505
4.3368,32.05034593449624,-27.713545934496242,27.713545934496242,-0.13872862801253202
9.3312,29.584997444929975,-20.253797444929972,20.253797444929972,-0.10138657601665495
92.2368,57.714173007901415,34.52262699209859,34.52262699209859,0.17281356522626806
81.8496,55.16400061224518,26.685599387754813,26.685599387754813,0.13358292726255505
215.9973,325.00935601407343,-109.01205601407344,109.01205601407344,-0.5456931784695706
-8.9796,-132.06295392846008,123.08335392846007,123.08335392846007,0.6161313626929978
9.1776,-15.307670981949094,24.485270981949093,24.485270981949093,0.1225685106434795
22.2444,19.13475117773246,3.1096488222675376,3.1096488222675376,0.015566298002197646
37.797,33.82494728622565,3.972052713774346,3.972052713774346,0.01988332437421765
5.56,22.663388274569694,-17.103388274569696,17.103388274569696,-0.08561623962898385
62.3904,52.445495235228904,9.944904764771096,9.944904764771096,0.04978226160567514
15.1158,42.004906890634956,-26.889106890634956,26.889106890634956,-0.13460164629373023
109.6113,94.12403432746908,15.487265672530924,15.487265672530924,0.07752624379045754
33.5772,51.43383822666652,-17.856638226666526,17.856638226666526,-0.08938686258181308
-14.3856,-109.6726772185454,95.2870772185454,95.2870772185454,0.4769886004879183
2.7222,-19.098035012233318,21.82023501223332,21.82023501223332,0.1092278582218594
5.096,-16.046362171492166,21.142362171492167,21.142362171492167,0.10583455844761717
12.18,34.77807095717612,-22.59807095717612,22.59807095717612,-0.1131215538794197
6.7915,22.762393853699464,-15.970893853699465,15.970893853699465,-0.07994719252795542
31.0856,-0.4260132495552895,31.51161324955529,31.51161324955529,0.1577410152748032
-71.994,-8.423301686260302,-63.5706983137397,63.5706983137397,-0.3182225681155514
-140.1408,-7.19246276337034,-132.94833723662967,132.94833723662967,-0.6655135530104554
-1.3128,-131.11455092130575,129.80175092130574,129.80175092130574,0.6497623530925648
94.4937,34.252924064229084,60.24077593577092,60.24077593577092,0.30155362347830733
1.7901,27.27906750192569,-25.488967501925693,25.488967501925693,-0.12759282046967127
343.9828,167.1243384534911,176.8584615465089,176.8584615465089,0.8853191064306986
21.506,51.366443991949396,-29.860443991949396,29.860443991949396,-0.14947558268578864
19.9746,42.364927178379574,-22.390327178379575,22.390327178379575,-0.11208162887383931
2.1762,33.01440982416745,-30.83820982416745,30.83820982416745,-0.15437008852570355
23.0864,31.965522028406273,-8.879122028406272,8.879122028406272,-0.044447160239548866
94.4925,94.12403432746908,0.368465672530931,0.368465672530931,0.001844467587826925
19.8716,21.84772318435815,-1.9761231843581477,1.9761231843581477,-0.00989208882896944
56.9943,80.08324310542895,-23.088943105428946,23.088943105428946,-0.11557876450911088
43.1904,45.245089480336524,-2.0546894803365277,2.0546894803365277,-0.010285376446326995
9.5448,109.03146482301938,-99.48666482301938,99.48666482301938,-0.49801092032978017
1.5588,33.72444027250872,-32.165640272508725,32.165640272508725,-0.1610149475168882
17.52,-18.12007902890117,35.64007902890117,35.64007902890117,0.17840731307440857
13.4292,35.40933521915354,-21.98013521915354,21.98013521915354,-0.1100282875995144
100.4796,63.57688425535255,36.90271574464745,36.90271574464745,0.18472782722542155
47.241,2.071157907150269,45.169842092849734,45.169842092849734,0.22611145596073892
21.9978,-0.28207557536632066,22.279875575366322,22.279875575366322,0.11152872960270199
-130.0104,82.06568118868566,-212.07608118868566,212.07608118868566,-1.061611669871487
-1.3584,-18.677460875238722,17.319060875238723,17.319060875238723,0.08669585477680462
-6.0324,-135.85353709721429,129.8211370972143,129.8211370972143,0.6498593965236926
73.194,84.79949978741075,-11.60549978741075,11.60549978741075,-0.05809487774363693
110.0528,78.58288205309267,31.46991794690733,31.46991794690733,0.15753229668842703
22.5296,22.911941883201884,-0.3823418832018852,0.3823418832018852,-0.001913929203202465
2.224,30.048633134636162,-27.824633134636162,27.824633134636162,-0.13928470895943035
129.348,84.29548047204098,45.052519527959035,45.052519527959035,0.22552416198902314
68.5965,114.59059943952026,-45.994099439520255,45.994099439520255,-0.23023752813869566
419.8185,280.75293205149336,139.0655679485066,139.0655679485066,0.6961352217749163
5.8604,31.200698055418943,-25.34029805541894,25.34029805541894,-0.12684861009724138
71.991,69.28263447309038,2.708365526909617,2.708365526909617,0.013557551768823815
31.5372,36.96980402805647,-5.432604028056474,5.432604028056474,-0.02719456056359499
125.1432,109.76590621001841,15.377293789981579,15.377293789981579,0.07697574590678413
23.232,28.87373823816437,-5.641738238164372,5.641738238164372,-0.028241445798249845
0.4356,32.18816326379355,-31.752563263793547,31.752563263793547,-0.1589471642451977
36.917,-8.197919898659478,45.11491989865948,45.11491989865948,0.2258365261244249
-7.5768,-135.4744357342192,127.89763573421921,127.89763573421921,0.6402307223114768
-23.8855,-137.6504374816738,113.7649374816738,113.7649374816738,0.5694851799213102
0.6696,-16.03649292616196,16.706092926161958,16.706092926161958,0.08362745628344448
3.8682,-8.491978217094612,12.360178217094612,12.360178217094612,0.06187265137780676
312.676,310.95163602276597,1.7243639772340202,1.7243639772340202,0.008631831138509884
-80.48,-151.92293761519673,71.44293761519673,71.44293761519673,0.3576294689956757
-0.6265,-23.432397513043007,22.805897513043007,22.805897513043007,0.11416189325093605
1.7991,-11.969633314889862,13.768733314889861,13.768733314889861,0.06892360460692644
14.17,29.971800115785456,-15.801800115785456,15.801800115785456,-0.07910074211984933
5.7312,-17.16688618877118,22.89808618877118,22.89808618877118,0.11462337185538062
24.2256,34.98530176109926,-10.759701761099258,10.759701761099258,-0.053860977107347476
3.6288,-15.777278318985832,19.406078318985834,19.406078318985834,0.0971430587287489
1.5444,53.88636686769175,-52.341966867691745,52.341966867691745,-0.2620137195072463
4.5738,-21.47676731001424,26.050567310014237,26.050567310014237,0.1304040800267259
-13.7976,29.21508934783092,-43.012689347830914,43.012689347830914,-0.21531316831334596
6.216,-31.154042203680714,37.37004220368071,37.37004220368071,0.18706717270827222
0.7425,-20.17809587546717,20.92059587546717,20.92059587546717,0.10472443944445223
29.6,33.780024278639154,-4.180024278639152,4.180024278639152,-0.02092438963261178
9.68,9.310588006666183,0.36941199333381647,0.36941199333381647,0.0018492046859577207
74.8142,75.48679365088451,-0.6725936508845081,0.6725936508845081,-0.003366873175222348
-15.992,-60.01694038480504,44.024940384805035,44.024940384805035,0.22038030039004228
-15.5844,-65.9434534798392,50.359053479839204,50.359053479839204,0.25208764023847785
0.0,84.71460544041189,-84.71460544041189,84.71460544041189,-0.42406486030871565
2.528,30.469856871297367,-27.941856871297368,27.941856871297368,-0.13987150821622515
-24.803,-109.40756140494759,84.60456140494759,84.60456140494759,0.4235140012415646
1.4406,-29.490818915209452,30.931418915209452,30.931418915209452,0.154836675131009
-23.976,-112.7197480521981,88.7437480521981,88.7437480521981,0.44423396562353473
7.5284,33.72084006963128,-26.192440069631278,26.192440069631278,-0.13111426750473915
10.881,32.61456816630094,-21.73356816630094,21.73356816630094,-0.10879402082484098
3.1104,33.17641895365253,-30.06601895365253,30.06601895365253,-0.15050465101425922
94.0702,140.33700422489335,-46.26680422489335,46.26680422489335,-0.23160263532550898
38.3572,55.342710285054906,-16.985510285054907,16.985510285054907,-0.08502616530948268
6.5569,-29.19848244156082,35.75538244156082,35.75538244156082,0.17898449956224538
-18.147,46.599999453495826,-64.74699945349582,64.74699945349582,-0.3241109031425325
4.1416,25.528359283532488,-21.386759283532488,21.386759283532488,-0.1070579629200624
18.7812,36.240982083843605,-17.459782083843606,17.459782083843606,-0.0874002778141223
70.008,46.41572675852092,23.592273241479077,23.592273241479077,0.11809833740594038
78.396,114.59059943952026,-36.19459943952026,36.19459943952026,-0.1811831345427966
1.773,-13.262967070286301,15.0359670702863,15.0359670702863,0.07526713064552293
17.3754,33.532619900049724,-16.157219900049725,16.157219900049725,-0.08087990452497908
5.778,28.396930495372732,-22.618930495372734,22.618930495372734,-0.11322597267598335
11.556,21.821731282731655,-10.265731282731656,10.265731282731656,-0.051388256838905313
-2.0364,-32.43596160709731,30.39956160709731,30.39956160709731,0.15217430075180716
0.471,30.743472289983277,-30.272472289983277,30.272472289983277,-0.1515381163155047
6.2208,31.380708199291252,-25.15990819929125,25.15990819929125,-0.12594561351545708
56.392,147.0503976903355,-90.6583976903355,90.6583976903355,-0.4538183298204262
28.0784,83.44431298343112,-55.365912983431116,55.365912983431116,-0.27715100640701357
84.5154,40.6819653992479,43.8334346007521,43.8334346007521,0.21942165963216442
76.0878,50.605353287913935,25.482446712086066,25.482446712086066,0.12756017866229855
36.3987,64.62757215255246,-28.228872152552462,28.228872152552462,-0.1413082509658272
229.9908,203.12636722795298,26.864432772047024,26.864432772047024,0.13447813244865198
111.1035,143.7312297758001,-32.627729775800105,32.627729775800105,-0.16332807781649417
51.57,40.79040976251125,10.779590237488748,10.779590237488748,0.05396053495711867
15.185,42.94376936016404,-27.758769360164038,27.758769360164038,-0.13895500769746116
27.3592,51.43383822666652,-24.074638226666522,24.074638226666522,-0.12051296282971352
315.7404,213.18691503050636,102.55348496949367,102.55348496949367,0.5133628262997769
2.352,-25.32048478379355,27.67248478379355,27.67248478379355,0.1385230838676195
7.4694,33.17691076828534,-25.70751076828534,25.70751076828534,-0.12868680561235604
22.6782,33.82494728622565,-11.14674728622565,11.14674728622565,-0.05579845182841299
0.558,-16.03649292616196,16.59449292616196,16.59449292616196,0.08306880836005019
-2.974,-9.078020804633969,6.104020804633969,6.104020804633969,0.030555542534626393
10.56,-29.333779628843917,39.893779628843916,39.893779628843916,0.1997005120609593
-97.2312,8.440488940478023,-105.67168894047802,105.67168894047802,-0.5289719497147432
-4.3584,-157.22747653482594,152.86907653482595,152.86907653482595,0.7652329046360502
1.1016,-17.05607038105472,18.15767038105472,18.15767038105472,0.09089377107575461
37.9176,-9.9907504907188,47.9083504907188,47.9083504907188,0.2398198970867907
6.291,-16.463985705275928,22.754985705275928,22.754985705275928,0.11390703863009978
29.364,-3.548109184876619,32.91210918487662,32.91210918487662,0.1647516259019484
-94.333,53.37995011718013,-147.71295011718013,147.71295011718013,-0.7394223372885925
54.5916,7.471462223319552,47.12013777668045,47.12013777668045,0.2358742573386679
4.1769,17.021651227141533,-12.844751227141533,12.844751227141533,-0.06429832974515114
3.4368,30.336649364831857,-26.89984936483186,26.89984936483186,-0.1346554210329974
2.8314,33.970263688129414,-31.138863688129415,31.138863688129415,-0.15587510337124855
9.3312,29.584997444929975,-20.253797444929972,20.253797444929972,-0.10138657601665495
39.52,-4.640919455742644,44.16091945574264,44.16091945574264,0.22106098520728582
-27.828,37.55233326327165,-65.38033326327165,65.38033326327165,-0.3272812491787929
31.2858,53.67057383351496,-22.38477383351496,22.38477383351496,-0.11205382990809998
284.98,228.32058696432142,56.6594130356786,56.6594130356786,0.283626016425817
83.2097,8.865742541102247,74.34395745889775,74.34395745889775,0.37215141085418113
-32.3388,8.22887446782535,-40.56767446782535,40.56767446782535,-0.2030738987310588
-0.9012,-14.11679431099877,13.215594310998771,13.215594310998771,0.06615469819230149
-12.0784,93.43403399905412,-105.51243399905412,105.51243399905412,-0.5281747504108297
14.2632,35.25531697690772,-20.992116976907724,20.992116976907724,-0.1050824601863755
-1143.891,-23.405344997228013,-1120.485655002772,1120.485655002772,-5.608933551616387
15.7584,27.330041685224323,-11.571641685224323,11.571641685224323,-0.057925390660514005
1264.7559,510.48749710412073,754.2684028958794,754.2684028958794,3.775721119710665
-5.6994,-144.8826345911227,139.1832345911227,139.1832345911227,0.6967242381328935
-12.9568,-3.0196698433764055,-9.937130156623594,9.937130156623594,-0.04974334342738835
13.2352,28.192509412842668,-14.957309412842667,14.957309412842667,-0.07487338569041589
6.8908,34.70650517656716,-27.815705176567164,27.815705176567164,-0.13924001733545727
6.9088,26.781229884883764,-19.872429884883765,19.872429884883765,-0.09947752408592232
10.4754,33.33820894466763,-22.862808944667627,22.862808944667627,-0.11444678082346732
9.5081,17.878499511973725,-8.370399511973725,8.370399511973725,-0.041900594133913026
100.196,265.012765542917,-164.816765542917,164.816765542917,-0.8250407151533516
22.5296,22.911941883201884,-0.3823418832018852,0.3823418832018852,-0.001913929203202465
4.068,35.32811151594102,-31.26011151594102,31.26011151594102,-0.15648204644672367
98.2722,94.12403432746908,4.148165672530922,4.148165672530922,0.020764911638484543
374.6286,301.51666387022425,73.11193612977576,73.11193612977576,0.3659841513820353
140.5957,65.88720488271865,74.70849511728134,74.70849511728134,0.3739762155661436
7.2576,-19.83528612062542,27.09288612062542,27.09288612062542,0.1356217255380408
8.4888,31.74511917139769,-23.256319171397692,23.256319171397692,-0.11641661658509068
22.6233,29.319944256497713,-6.696644256497713,6.696644256497713,-0.033522100426547866
15.4752,36.79980401133214,-21.32460401133214,21.32460401133214,-0.10674682570014546
9.2568,28.86934755380255,-19.61254755380255,19.61254755380255,-0.09817660361472709
-3.312,-23.88040363281507,20.56840363281507,20.56840363281507,0.10296143348573203
-2.436,-13.58972460974065,11.15372460974065,11.15372460974065,0.055833378954689906
1.068,-14.567610152163912,15.635610152163911,15.635610152163911,0.07826882744183725
23.235,-7.221685760113829,30.456685760113828,30.456685760113828,0.15246025316630835
-35.3646,35.98074876924043,-71.34534876924043,71.34534876924043,-0.35714095818797026
1.7466,32.776796434256,-31.030196434256,31.030196434256,-0.15533113620532255
24.3384,157.31334733551026,-132.97494733551025,132.97494733551025,-0.6656467579968439
2.9547,27.171061415602306,-24.216361415602307,24.216361415602307,-0.12122240158594821
-5.7588,10.000174283528878,-15.758974283528879,15.758974283528879,-0.07888636432184065
76.0116,149.98361476893598,-73.97201476893598,73.97201476893598,-0.3702895379924533
24.5998,38.4695076649828,-13.869707664982801,13.869707664982801,-0.06942906259075717
1.3514,29.886624005151084,-28.535224005151086,28.535224005151086,-0.1428417888357395
91.7892,71.98278663117502,19.806413368824977,19.806413368824977,0.09914705822923803
12.72,21.778528848202303,-9.058528848202302,9.058528848202302,-0.04534523593239677
8.0997,31.113283566405883,-23.013583566405885,23.013583566405885,-0.1152015292942078
-13.7175,-165.0112638534257,151.2937638534257,151.2937638534257,0.7573471953335328
2.2272,24.376294362749707,-22.149094362749707,22.149094362749707,-0.11087406425460827
5.8914,-14.501366419218908,20.39276641921891,20.39276641921891,0.10208222770933191
-34.641,28.898570550546054,-63.53957055054605,63.53957055054605,-0.3180667485790994
1.7901,27.27906750192569,-25.488967501925693,25.488967501925693,-0.12759282046967127
6.2208,31.380708199291252,-25.15990819929125,25.15990819929125,-0.12594561351545708
15.552,25.993575936207417,-10.441575936207418,10.441575936207418,-0.05226850101905068
10.7325,24.454489206099172,-13.721989206099172,13.721989206099172,-0.06868961267765372
12.99,38.40110381031132,-25.411103810311317,25.411103810311317,-0.1272030499532897
8.6112,29.31498222912151,-20.70378222912151,20.70378222912151,-0.10363911244360505
5.6644,31.12869399787002,-25.46429399787002,25.46429399787002,-0.12746930970082215
11.88,24.91351507297356,-13.03351507297356,13.03351507297356,-0.06524324489287499
29.0136,14.82328909352067,14.190310906479331,14.190310906479331,0.07103394014537646
10.0464,32.54436421019074,-22.497964210190744,22.497964210190744,-0.11262043894822672
20.853,29.098750918004754,-8.245750918004752,8.245750918004752,-0.04127662748360134
119.996,149.2360013288515,-29.240001328851505,29.240001328851505,-0.1463697672258885
-5.8346,32.53077937728241,-38.36537937728241,38.36537937728241,-0.19204963727018737
59.998,68.75836540575263,-8.76036540575263,8.76036540575263,-0.04385268765321575
6.048,25.391551574189535,-19.343551574189533,19.343551574189533,-0.09683006198916952
84.9436,47.47756746889756,37.46603253110244,37.46603253110244,0.18754768164268162
8.381,-22.368318424287676,30.749318424287676,30.749318424287676,0.15392511544371032
12.1758,-25.710605893890957,37.88640589389096,37.88640589389096,0.18965198904565725
-7.7094,53.19241413185496,-60.90181413185496,60.90181413185496,-0.30486265229127024
80.6312,84.87252255238673,-4.24132255238672,4.24132255238672,-0.021231236884733044
3.852,30.588663566253093,-26.736663566253092,26.736663566253092,-0.13383854462167602
14.148,29.593778813653607,-15.445778813653607,15.445778813653607,-0.0773185686331102
6.8724,28.774951797504585,-21.902551797504586,21.902551797504586,-0.10963992006014153
0.2244,28.10531406229959,-27.880914062299592,27.880914062299592,-0.13956644035159774
24.196,46.12043059418876,-21.92443059418876,21.92443059418876,-0.10974944106671841
19.458,27.6136672310582,-8.155667231058203,8.155667231058203,-0.04082568604413547
10.5,29.423778796929266,-18.923778796929266,18.923778796929266,-0.0947287610006937
14.3376,-13.486038766870202,27.823638766870204,27.823638766870204,0.1392797313475348
35.2872,50.51657697440211,-15.229376974402115,15.229376974402115,-0.07623530305858912
5.652,31.30870414174233,-25.656704141742328,25.656704141742328,-0.12843247750829762
71.2692,70.63890133793322,0.6302986620667781,0.6302986620667781,0.003155152676360255
0.372,-13.610026627672113,13.982026627672113,13.982026627672113,0.06999130950172656
2.37,-23.68599267743298,26.055992677432982,26.055992677432982,0.1304312383622289
3.9512,-15.057237743496596,19.008437743496597,19.008437743496597,0.09515254724349466
12.3284,-19.773151308406703,32.101551308406705,32.101551308406705,0.16069413061090176
6.465,52.32308833739573,-45.85808833739573,45.85808833739573,-0.22955668297955198
-5.823,-159.98120127487564,154.15820127487564,154.15820127487564,0.7716860126918293
3.04,33.104414896103606,-30.064414896103607,30.064414896103607,-0.15049662141373313
8.955,35.59215508441892,-26.63715508441892,26.63715508441892,-0.13334042448962605
4.9497,44.73847049457096,-39.78877049457096,39.78877049457096,-0.19917485673121899
7.9128,29.47699135860659,-21.56419135860659,21.56419135860659,-0.10794615342439651
2.5056,27.640887891109035,-25.135287891109034,25.135287891109034,-0.125822369034818
-1306.5504,153.69392982316757,-1460.2443298231676,1460.2443298231676,-7.309699484802852
8.2992,26.68042420431527,-18.381224204315266,18.381224204315266,-0.09201283809306068
2.2302,-16.45411645994572,18.68431645994572,18.68431645994572,0.09353005905367756
2.73,-16.33314964326353,19.06314964326353,19.06314964326353,0.09542642438677203
10.8588,11.38114166640835,-0.5223416664083498,0.5223416664083498,-0.0026147409251015877
13.7193,13.542703474027043,0.1765965259729576,0.1765965259729576,0.0008840079078265094
26.9985,57.15426193207695,-30.15576193207695,30.15576193207695,-0.15095388693304077
16.1505,38.47051728493715,-22.32001728493715,22.32001728493715,-0.1117296712038959
15.3426,-23.956587051999172,39.29918705199917,39.29918705199917,0.19672409711185554
116.5976,58.89381079327943,57.70378920672057,57.70378920672057,0.2888539606838374
89.159,54.309171567321684,34.84982843267832,34.84982843267832,0.17445147208389788
19.4376,-9.839753292592697,29.277353292592696,29.277353292592696,0.14655674390132498
14.5584,48.3890762123014,-33.8306762123014,33.8306762123014,-0.16934979402353725
427.4368,289.0331795311496,138.40362046885042,138.40362046885042,0.6928216412650058
40.5867,92.50394303261831,-51.91724303261831,51.91724303261831,-0.25988763448502555
76.2525,63.21743531062232,13.035064689377677,13.035064689377677,0.06525100197160454
7.106,35.37614291177215,-28.270142911772147,28.270142911772147,-0.14151484437026252
16.4647,21.129482710307634,-4.664782710307634,4.664782710307634,-0.023350996184578355
11.025,30.8108665247004,-19.785866524700403,19.785866524700403,-0.09904420471846294
22.736,-41.496282384554846,64.23228238455485,64.23228238455485,0.32153432947139027
20.539,28.027690561964516,-7.488690561964514,7.488690561964514,-0.037486930388744524
13.0,-16.079554478873554,29.079554478873554,29.079554478873554,0.1455666014592636
8.381,-22.368318424287676,30.749318424287676,30.749318424287676,0.15392511544371032
9.9652,2.857371774675638,7.107828225324361,7.107828225324361,0.03558040750825064
-5.6784,2.799768528636495,-8.478168528636495,8.478168528636495,-0.042440064898831495
0.693,-16.21794315118525,16.91094315118525,16.91094315118525,0.08465289672086487
50.3988,103.32031302923605,-52.921513029236046,52.921513029236046,-0.26491481502389375
11.5971,39.20855887481362,-27.61145887481362,27.61145887481362,-0.1382176000206223
31.941,37.238124167924866,-5.297124167924867,5.297124167924867,-0.026516374698682166
-1.9275,-130.99358410462355,129.06608410462354,129.06608410462354,0.6460797479003642
7.2268,-19.979294235723266,27.206094235723267,27.206094235723267,0.13618842337326298
21.5824,31.389489568014884,-9.807089568014884,9.807089568014884,-0.049092385499223234
9.3564,29.747006574415053,-20.390606574415052,20.390606574415052,-0.10207141594576086
19.2472,18.34551626608738,0.9016837339126198,0.9016837339126198,0.004513653633590448
9.1764,-2.960556075277406,12.136956075277405,12.136956075277405,0.060755244693381956
6.074,-0.14951766856741955,6.223517668567419,6.223517668567419,0.031153720625025607
8.208,-22.152306251640905,30.360306251640907,30.360306251640907,0.1519777960671492
7.584,32.46076906252511,-24.87676906252511,24.87676906252511,-0.12452827399228454
-19.7712,-116.94343562710907,97.17223562710907,97.17223562710907,0.4864253373177873
3.0016,-18.16479198549039,21.16639198549039,21.16639198549039,0.10595484702906571
43.7136,69.32438773899605,-25.610787738996052,25.610787738996052,-0.1282026289147139
10.8864,-23.893293922264995,34.779693922265,34.779693922265,0.17410039234733266
-10.6176,-149.75608834450384,139.13848834450383,139.13848834450383,0.6965002471135985
6.3612,-12.554376703096008,18.915576703096008,18.915576703096008,0.09468770291209662
-51.8272,23.07913217853315,-74.90633217853315,74.90633217853315,-0.3749665494679245
5.184,22.105356828565533,-16.921356828565532,16.921356828565532,-0.08470502556713183
-31.3722,2.9342315623727764,-34.30643156237278,34.30643156237278,-0.17173133289774065
5.3784,-20.699334811212502,26.0777348112125,26.0777348112125,0.13054007526084976
-2.6936,-21.858933389191492,19.165333389191492,19.165333389191492,0.09593793637124609
5.8708,33.112405783342865,-27.241605783342866,27.241605783342866,-0.13636618728306768
87.3504,115.47380873373938,-28.12340873373938,28.12340873373938,-0.14078032157591688
7.2576,-19.83528612062542,27.09288612062542,27.09288612062542,0.1356217255380408
4.3296,-9.849904301558428,14.179504301558428,14.179504301558428,0.07097984438016136
13.8528,-1.4022473881009354,15.255047388100936,15.255047388100936,0.07636380416347728
3.8016,-21.540342203383936,25.341942203383937,25.341942203383937,0.12685684038260336
4.6746,-10.988938051073525,15.663538051073525,15.663538051073525,0.07840862907920841
-170.8038,-35.12755280665765,-135.67624719334236,135.67624719334236,-0.6791689403986647
6.24,27.61647695245128,-21.376476952451277,21.376476952451277,-0.10700649156785656
9.2928,32.53277312007403,-23.239973120074033,23.239973120074033,-0.11633479142713675
152.118,236.50240020786228,-84.38440020786229,84.38440020786229,-0.42241191705192566
0.7794,34.34828499026126,-33.56888499026126,33.56888499026126,-0.16803931801497474
6.496,-20.22698819369156,26.722988193691563,26.722988193691563,0.1337700883628665
8.983,101.01280339499237,-92.02980339499237,92.02980339499237,-0.46068332040320076
10.9368,-26.82954894820123,37.76634894820123,37.76634894820123,0.18905100729477345
16.5888,37.14542348756697,-20.556623487566974,20.556623487566974,-0.10290246436673443
421.0824,184.3981118594779,236.6842881405221,236.6842881405221,1.1847955741017768
18.684,-13.602614899190577,32.28661489919058,32.28661489919058,0.16162052300057295
6.291,-16.463985705275928,22.754985705275928,22.754985705275928,0.11390703863009978
8.4024,-19.086443922116608,27.488843922116608,27.488843922116608,0.1376038133835141
0.6474,-13.964286590812819,14.611686590812818,14.611686590812818,0.07314326497532046
28.7904,-6.292762976823838,35.08316297682384,35.08316297682384,0.17561949949019762
-172.4925,-100.07382085043471,-72.41867914956529,72.41867914956529,-0.3625138415937452
3.8864,-9.648292940421445,13.534692940421445,13.534692940421445,0.06775204395112713
-7.2048,-132.75095269834003,125.54615269834002,125.54615269834002,0.6284596549737456
8.93,23.581440008318474,-14.651440008318474,14.651440008318474,-0.07334226286185595
10.43,-17.559957902079425,27.989957902079425,27.989957902079425,0.14011229263342517
62.244,69.35845787198673,-7.11445787198673,7.11445787198673,-0.03561359423173424
45.84,42.58893023826561,3.251069761734392,3.251069761734392,0.016274223756298254
253.372,183.0524264647974,70.31957353520261,70.31957353520261,0.352006126607643
11.1384,-14.436492326515996,25.574892326515997,25.574892326515997,0.12802294345197765
74.8098,60.615146045638674,14.194653954361321,14.194653954361321,0.0710556805995026
27.4365,17.37072093696336,10.06577906303664,10.06577906303664,0.05038733486479511
-9.223,-141.09313148323173,131.87013148323172,131.87013148323172,0.6601162644340438
-3399.98,315.7645132082154,-3715.7445132082153,3715.7445132082153,-18.60029530616034
-15.8356,-130.4849850072754,114.64938500727541,114.64938500727541,0.5739125524439675
-6.5736,-144.60721907099807,138.03361907099807,138.03361907099807,0.6909694861345111
7.2576,-19.83528612062542,27.09288612062542,27.09288612062542,0.1356217255380408
-103.266,-2.3719319922876423,-100.89406800771236,100.89406800771236,-0.5050561073056515
-172.7328,95.50397518717817,-268.2367751871782,268.2367751871782,-1.342741195665752
-10.1736,-109.91893109536272,99.74533109536273,99.74533109536273,0.4993057534471346
-33.32,87.50425395258385,-120.82425395258386,120.82425395258386,-0.6048227470096347
0.2016,26.99285137316872,-26.79125137316872,26.79125137316872,-0.1341118005802429
41.823,42.81574301954472,-0.9927430195447187,0.9927430195447187,-0.004969478730580945
22.0077,38.0904767428966,-16.0827767428966,16.0827767428966,-0.08050725653972363
28.65,-10.02682296040214,38.676822960402134,38.676822960402134,0.19360866335409696
-14.4588,13.336764853804842,-27.79556485380484,27.79556485380484,-0.139139198791661
17.6418,-34.89372163004517,52.53552163004517,52.53552163004517,0.26298261705251347
8.073,29.31498222912151,-21.24198222912151,21.24198222912151,-0.10633323710642589
0.0,25.18014013690187,-25.18014013690187,25.18014013690187,-0.12604689066538913
2.6936,-16.151699418240238,18.845299418240238,18.845299418240238,0.09433590847440428
80.784,111.04836891587362,-30.264368915873618,30.264368915873618,-0.15149755239866913
25.198,49.00635322074962,-23.808353220749616,23.808353220749616,-0.1191799918119132
31.0912,58.1029949186656,-27.0117949186656,27.0117949186656,-0.1352157987317648
7.5371,36.688416860601286,-29.151316860601288,29.151316860601288,-0.14592583000343945
-12.196,11.558482970705343,-23.754482970705343,23.754482970705343,-0.1189103278036698
7.2576,-19.83528612062542,27.09288612062542,27.09288612062542,0.1356217255380408
10.203,26.86561551403377,-16.66261551403377,16.66261551403377,-0.08340981680315802
16.6796,20.764062118246848,-4.084462118246847,4.084462118246847,-0.02044602401918675
15.764,39.18234783471714,-23.418347834717142,23.418347834717142,-0.11722770060205989
15.552,25.993575936207417,-10.441575936207418,10.441575936207418,-0.05226850101905068
10.7892,34.29687253002267,-23.507672530022667,23.507672530022667,-0.11767484267679339
-6.4233,10.22777754629236,-16.65107754629236,16.65107754629236,-0.08335205997771958
3.344,-23.520383345070453,26.864383345070454,26.864383345070454,0.13447788502680771
6.2208,31.380708199291252,-25.15990819929125,25.15990819929125,-0.12594561351545708
10.8682,33.04040172579395,-22.172201725793947,22.172201725793947,-0.11098973522575328
256.784,334.37311586227986,-77.58911586227987,77.58911586227987,-0.3883960434987595
-255.7425,110.92342370108086,-366.6659237010809,366.6659237010809,-1.835458394758582
3.614,22.663388274569694,-19.049388274569694,19.049388274569694,-0.09535753764802762
12.1348,36.758620816711485,-24.623820816711486,24.623820816711486,-0.12326206420509807
13.4925,-24.682387952092327,38.17488795209233,38.17488795209233,0.19109607419575317
70.006,103.17595398132315,-33.16995398132315,33.16995398132315,-0.16604234687052255
129.6,87.92707555542984,41.67292444457016,41.67292444457016,0.20860656543661502
2.9372,36.60100237158822,-33.663802371588226,33.663802371588226,-0.1685144559896372
66.0736,64.13693494126542,1.936665058734576,1.936665058734576,0.009694569116239697
18.2112,35.87736159322154,-17.666161593221542,17.666161593221542,-0.08843337355198176
134.654,122.27503024617516,12.378969753824833,12.378969753824833,0.06196671816070753
2.4288,29.998230294351917,-27.569430294351918,27.569430294351918,-0.13800721311024472
874.9875,477.4910494860961,397.4964505139039,397.4964505139039,1.9897900236218036
4.3008,30.660667623802016,-26.359867623802018,26.359867623802018,-0.13195237732065732
15.12,11.020684373453124,4.0993156265468755,4.0993156265468755,0.02052037779666821
10.3904,34.5488867314439,-24.1584867314439,24.1584867314439,-0.12093269215833
-3.3506,-13.2571363047735,9.9065363047735,9.9065363047735,0.04959019654741803
22.4955,0.9910970439164153,21.504402956083585,21.504402956083585,0.10764686429435584
9.744,-30.578009743289318,40.322009743289314,40.322009743289314,0.2018441488366745
23.5116,41.2010520290101,-17.6894520290101,17.6894520290101,-0.08854996094972571
7.3479,44.9812650503286,-37.6333650503286,37.6333650503286,-0.1883853157321263
25.424,27.61963887838876,-2.1956388783887597,2.1956388783887597,-0.010990941755695764
49.2576,-10.082774802563662,59.34037480256366,59.34037480256366,0.29704639029472224
88.1295,58.8544277000975,29.27507229990249,29.27507229990249,0.146545325694966
21.7728,22.402154427484863,-0.6293544274848628,0.6293544274848628,-0.0031504260214464197
138.3552,69.08519465784522,69.27000534215478,69.27000534215478,0.3467521920959327
82.992,95.94723841804401,-12.955238418044004,12.955238418044004,-0.06485140716234947
792.2691,542.4460597702706,249.82304022972937,249.82304022972937,1.250565615057225
14.9292,48.4806622472063,-33.551462247206295,33.551462247206295,-0.1679521031473449
26.565,30.556833083370464,-3.9918330833704623,3.9918330833704623,-0.019982341062379318
28.615,49.65173780233066,-21.03673780233066,21.03673780233066,-0.1053058233715248
18.4548,15.75033058618217,2.7044694138178293,2.7044694138178293,0.013538048583447143
38.5722,41.113197991327716,-2.540997991327714,2.540997991327714,-0.012719742394303655
-14.229,-116.8995835929131,102.6705835929131,102.6705835929131,0.5139489992639847
-140.196,135.66759130892208,-275.8635913089221,275.8635913089221,-1.3809195557779592
10.5072,17.006240795677396,-6.499040795677397,6.499040795677397,-0.03253293588315365
6.2208,31.380708199291252,-25.15990819929125,25.15990819929125,-0.12594561351545708
15.1116,-12.833682005476952,27.94528200547695,27.94528200547695,0.13988865377264784
28.0032,39.54956852821665,-11.546368528216654,11.546368528216654,-0.05779887814546066
134.9925,123.28567763478321,11.706822365216794,11.706822365216794,0.05860207888776151
1.3257,-13.974367158869669,15.300067158869668,15.300067158869668,0.07658916439153857
-417.0936,-118.13849293142394,-298.955107068576,298.955107068576,-1.4965111984944213
15.998,5.394794762699707,10.603205237300292,10.603205237300292,0.0530775859062837
-2.6892,-110.30926352818678,107.62006352818678,107.62006352818678,0.5387251344586294
-32.48,-155.37913237754506,122.89913237754507,122.89913237754507,0.6152091853913568
25.62,31.141866050955468,-5.521866050955467,5.521866050955467,-0.027641388912434554
188.1404,135.19111027355777,52.94928972644223,52.94928972644223,0.2650538597749062
219.4514,94.85623733608941,124.5951626639106,124.5951626639106,0.6236991835767683
129.5865,106.5571158262595,23.029384173740496,23.029384173740496,0.11528062406549677
79.8912,56.04648859415946,23.844711405840535,23.844711405840535,0.11936199382445287
2.772,-17.865255106086863,20.63725510608686,20.63725510608686,0.10330609058757723
3.6288,-15.777278318985832,19.406078318985834,19.406078318985834,0.0971430587287489
2.256,-33.25080035950538,35.50680035950538,35.50680035950538,0.17774014594277135
-13.5548,-156.67952565687864,143.12472565687864,143.12472565687864,0.7164545768332672
11.592,-17.606040498910737,29.198040498910736,29.198040498910736,0.14615971946145914
-42.1096,-11.932774253057097,-30.176825746942903,30.176825746942903,-0.15105932829893348
3.5022,-18.666010666939776,22.16821066693978,22.16821066693978,0.11096975676033191
9.0882,23.020018410434155,-13.931818410434154,13.931818410434154,-0.06973997691841728
34.758,142.33492240236535,-107.57692240236534,107.57692240236534,-0.538509178362276
50.8254,71.7885948142629,-20.96319481426289,20.96319481426289,-0.10493768145786647
-9.5018,-146.85061505316978,137.34881505316977,137.34881505316977,0.6875414902340465
11.556,21.821731282731655,-10.265731282731656,10.265731282731656,-0.051388256838905313
5.6956,-20.7396570834399,26.4352570834399,26.4352570834399,0.13232976231234658
26.1156,24.234218143435648,1.881381856564353,1.881381856564353,0.009417832144098285
10.0878,30.033222703172026,-19.945422703172028,19.945422703172028,-0.09984291195652657
4.8588,69.81726460039113,-64.95846460039112,64.95846460039112,-0.32516945659399604
3.7436,33.385230720544406,-29.641630720544406,29.641630720544406,-0.14838024595029126
25.4016,20.606443673123586,4.795156326876413,4.795156326876413,0.024003621186025947
47.7306,79.74324307198026,-32.01264307198026,32.01264307198026,-0.1602490732484261
62.82,130.1706965301386,-67.3506965301386,67.3506965301386,-0.33714450497957793
63.873,44.62462582699145,19.24837417300855,19.24837417300855,0.09635362240562273
16.9932,23.441822577582442,-6.448622577582441,6.448622577582441,-0.03228055207634373
-39.9528,66.3997942440854,-106.3525942440854,106.3525942440854,-0.5323804294090838
11.206,27.91968447564113,-16.71368447564113,16.71368447564113,-0.08366545810559399
0.1588,25.981984846090707,-25.823184846090708,25.823184846090708,-0.12926584757791626
-182.637,175.78684795035056,-358.4238479503506,358.4238479503506,-1.7942001644485113
31.198,27.284028257572544,3.9139717424274565,3.9139717424274565,0.01959258231300203
7.3008,-11.84434625475474,19.14514625475474,19.14514625475474,0.09583688349730009
7.596,-6.7047670678214395,14.30076706782144,14.30076706782144,0.07158686223462264
-62.88,-129.10985620565208,66.22985620565208,66.22985620565208,0.3315337960214151
-3.14,-133.6938458319432,130.55384583194322,130.55384583194322,0.6535271941321978
51.8312,168.95921189083495,-117.12801189083496,117.12801189083496,-0.5863200771874245
21.1428,77.92318273239741,-56.780382732397406,56.780382732397406,-0.2842315672310643
-47.3968,-17.797361240993585,-29.599438759006414,29.599438759006414,-0.14816904118598004
23.0864,31.965522028406273,-8.879122028406272,8.879122028406272,-0.044447160239548866
14.6718,37.051027731269,-22.379227731269005,22.379227731269005,-0.11202606719750288
18.1176,25.84106694429211,-7.72346694429211,7.72346694429211,-0.038662175356928535
39.5,91.26525410430682,-51.76525410430682,51.76525410430682,-0.2591268074314401
70.5564,89.32862544814694,-18.77222544814694,18.77222544814694,-0.09397011437362653
6.3744,31.438311445330392,-25.06391144533039,25.06391144533039,-0.12546507241104107
4.4352,-18.324711434157877,22.75991143415788,22.75991143415788,0.11393169587213477
-45.84,-161.10324362995786,115.26324362995786,115.26324362995786,0.5769854094763979
-15.5904,-6.573649242173516,-9.016750757826484,9.016750757826484,-0.045136102926735214
8.499,-2.4421973018340353,10.941197301834036,10.941197301834036,0.05476950853151241
4.4312,-15.443179491958826,19.874379491958827,19.874379491958827,0.0994872834402585
-0.5598,-9.582049207476434,9.022249207476435,9.022249207476435,0.0451636270976925
-17.7072,-109.87572866083335,92.16852866083335,92.16852866083335,0.4613777521387239
90.8292,63.24509424761312,27.584105752386883,27.584105752386883,0.1380806756026828
-336.6272,-119.84512997715122,-216.7820700228488,216.7820700228488,-1.085168935908422
35.988,-4.936136091693232,40.92413609169323,40.92413609169323,0.2048582763828827
0.9282,-27.58278183107185,28.51098183107185,28.51098183107185,0.14272043722097313
-24.843,6.8076820224737915,-31.65068202247379,31.65068202247379,-0.1584371665400354
108.3528,149.806273464639,-41.45347346463899,41.45347346463899,-0.20750803645610078
7.7679,-4.625219444899642,12.393119444899643,12.393119444899643,0.06203754876586535
10.368,25.993575936207417,-15.625575936207417,15.625575936207417,-0.07821859810575316
15.552,25.993575936207417,-10.441575936207418,10.441575936207418,-0.05226850101905068
14.904,31.674915215287488,-16.770915215287488,16.770915215287488,-0.08395194407206134
607.608,335.0930155559513,272.51498444404865,272.51498444404865,1.3641570802284484
-2639.9912,189.64505485523964,-2829.6362548552397,2829.6362548552397,-14.164609477921807
-16.998,-45.97614916276491,28.97814916276491,28.97814916276491,0.14505898614326684
69.0018,14.863680534927585,54.13811946507242,54.13811946507242,0.27100491053436077
331.191,161.53164242184843,169.65935757815154,169.65935757815154,0.8492817902817522
33.7212,-3.860536353730069,37.58173635373007,37.58173635373007,0.1881268725050446
-75.8304,-13.146619163908607,-62.68378083609139,62.68378083609139,-0.3137828314926989
11.7,33.728040475386166,-22.028040475386167,22.028040475386167,-0.1102680920073462
5.9185,-14.354266819092462,20.27276681909246,20.27276681909246,0.10148153301919942
-17.9964,0.9910970439164153,-18.987497043916417,18.987497043916417,-0.09504772216880926
-8.029,-165.67190108143708,157.6429010814371,157.6429010814371,0.7891297430734426
7.3132,31.84873457335926,-24.535534573359257,24.535534573359257,-0.12282012041913924
36.8245,34.265042047140035,2.5594579528599652,2.5594579528599652,0.012812149376166832
15.4752,36.79980401133214,-21.32460401133214,21.32460401133214,-0.10674682570014546
17.334,15.246532070090579,2.0874679299094208,2.0874679299094208,0.010449458998172704
23.9984,25.55593087639837,-1.5575308763983706,1.5575308763983706,-0.007796697040523631
9.4815,29.56879653198147,-20.08729653198147,20.08729653198147,-0.1005531047867093
32.16,32.221926914189325,-0.061926914189328386,0.061926914189328386,-0.0003099941040688589
-24.392,34.83623645875694,-59.22823645875694,59.22823645875694,-0.2964850475267966
19.435,-39.032373976139546,58.46737397613954,58.46737397613954,0.2926763177247999
11.2236,21.4977130237615,-10.2741130237615,10.2741130237615,-0.05143021420647477
-4.752,-157.14755203094663,152.39555203094662,152.39555203094662,0.7628625329445762
0.0,45.24690726314897,-45.24690726314897,45.24690726314897,-0.22649722923451754
1.5066,-18.19510413056981,19.70170413056981,19.70170413056981,0.0986229041207125
50.9208,46.9735390660551,3.9472609339448965,3.9472609339448965,0.019759221539818274
-240.784,-101.86445219244145,-138.91954780755856,138.91954780755856,-0.6954042733115259
0.5998,-9.006016747085045,9.605816747085045,9.605816747085045,0.04808485285183824
9.0048,32.42476703375065,-23.41996703375065,23.41996703375065,-0.11723580599791679
6.0726,29.85501266073844,-23.782412660738437,23.782412660738437,-0.1190501384070572
18.1908,39.61077197713324,-21.41997197713324,21.41997197713324,-0.10722421921316626
68.823,66.04583294779627,2.7771670522037226,2.7771670522037226,0.01390195884079435
4.4344,30.783074521635186,-26.348674521635186,26.348674521635186,-0.13189634682530033
355.4466,174.88558537578072,180.56101462421927,180.56101462421927,0.9038533679729929
473.6106,302.29430769175264,171.31629230824734,171.31629230824734,0.8575760837061956
157.8702,124.07952236926008,33.790677630739935,33.790677630739935,0.16914956889335778
-44.2782,-155.99145644608979,111.71325644608979,111.71325644608979,0.5592148631650695
26.9526,-7.221685760113829,34.17428576011383,34.17428576011383,0.17106983667894826
32.1678,26.825003662427505,5.342796337572494,5.342796337572494,0.026745000708812618
1.8,32.68499126088113,-30.884991260881126,30.884991260881126,-0.15460426731130839
7.5864,-19.80072417300193,27.387124173001933,27.387124173001933,0.13709462407696302
-3.168,-18.324711434157877,15.156711434157877,15.156711434157877,0.07587155347830447
17.1574,43.888822615493666,-26.731422615493667,26.731422615493667,-0.13381230944014946
-9.555,-171.38204198353674,161.82704198353673,161.82704198353673,0.810074739723506
-6.0192,-160.02332364854178,154.00412364854176,154.00412364854176,0.7709147300216418
10.8864,-23.893293922264995,34.779693922265,34.779693922265,0.17410039234733266
0.2334,30.287037006031984,-30.053637006031984,30.053637006031984,-0.15044266938947612
14.0859,31.480504259905395,-17.394604259905392,17.394604259905392,-0.08707401028729038
-2.244,-136.7283863964337,134.4843863964337,134.4843863964337,0.6732027167502053
9.5968,-6.292762976823838,15.889562976823838,15.889562976823838,0.07954006595560412
2.338,-29.08759619293548,31.42559619293548,31.42559619293548,0.15731043059687178
3.7308,6.257473813044697,-2.5266738130446975,2.5266738130446975,-0.012648038340073038
5.7768,-20.699334811212502,26.476134811212503,26.476134811212503,0.1325343882776982
60.1536,72.86589949379652,-12.712299493796522,12.712299493796522,-0.06363530209476435
4.2861,33.988264702516645,-29.702164702516644,29.702164702516644,-0.1486832673062373
11.1664,36.226581272333824,-25.060181272333825,25.060181272333825,-0.12544639988954973
28.008,22.478549169395603,5.529450830604397,5.529450830604397,0.0276793568461288
14.896,29.737786928751454,-14.841786928751453,14.841786928751453,-0.07429510257354396
18.3264,18.44632194665587,-0.11992194665587164,0.11992194665587164,-0.000600305971941787
118.983,83.15579712285927,35.827202877140735,35.827202877140735,0.1793440187127292
141.723,29.652014756143316,112.0709852438567,112.0709852438567,0.5610055840433027
5.022,-18.19510413056981,23.21710413056981,23.21710413056981,0.11622031370763262
-18.5262,-170.50755270460505,151.98135270460506,151.98135270460506,0.7607891315688412
58.0272,39.69349057091894,18.33370942908106,18.33370942908106,0.09177498835726197
0.1692,-14.41071174761614,14.57991174761614,14.57991174761614,0.07298420628205879
6.534,-11.370629996991699,17.904629996991698,17.904629996991698,0.08962710006238811
35.3346,30.732233404410977,4.602366595589025,4.602366595589025,0.023038553237679695
52.4895,53.08172152458253,-0.5922215245825271,0.5922215245825271,-0.0029645459220199715
314.2719,147.01532575313382,167.2565742468662,167.2565742468662,0.8372539236295212
124.9552,106.6105475264068,18.3446524735932,18.3446524735932,0.09182976711256949
45.528,37.23520942103314,8.292790578966859,8.292790578966859,0.04151209888963765
23.004,32.325542316150894,-9.321542316150893,9.321542316150893,-0.046661830266574285
32.4,48.21086616986781,-15.810866169867815,15.810866169867815,-0.07914612502564225
3.4104,-15.950088057103255,19.360488057103254,19.360488057103254,0.09691484273298093
1.46,-16.802616098482506,18.262616098482507,18.262616098482507,0.09141910895308576
107.46,39.671606318289385,67.7883936817106,67.7883936817106,0.3393355319043207
4.6284,-27.193959920307663,31.82235992030766,31.82235992030766,0.15929655275076646
-3.264,-14.87866768077527,11.61466768077527,11.61466768077527,0.05814077043709562
20.1579,20.864216927419378,-0.7063169274193761,0.7063169274193761,-0.003535685347321411
-0.0895,-13.39257437387436,13.303074373874361,13.303074373874361,0.0665926063953826
18.767,99.57496062239258,-80.80796062239259,80.80796062239259,-0.404508955156157
39.066,40.844412805672945,-1.778412805672943,1.778412805672943,-0.008902389075510764
-44.2782,-155.99145644608979,111.71325644608979,111.71325644608979,0.5592148631650695
-4.7784,-154.23433830342606,149.45593830342605,149.45593830342605,0.7481473975999461
-7.7292,-11.785373368473504,4.056173368473504,4.056173368473504,0.020304416032481565
1.3944,-13.964286590812819,15.35868659081282,15.35868659081282,0.07688260188191127
-15.5826,-5.301842991125881,-10.280757008874119,10.280757008874119,-0.0514634727054553
12.5832,34.17525611367387,-21.59205611367387,21.59205611367387,-0.10808563897595767
15.9516,-12.40165766018341,28.35325766018341,28.35325766018341,0.14193090065703126
-77.333,7.444777049963998,-84.777777049964,84.777777049964,-0.4243810851160074
46.095,-10.327659039138881,56.42265903913888,56.42265903913888,0.2824408719050086
-2.8272,-112.7162887311384,109.8890887311384,109.8890887311384,0.5500834339009074
14.677,30.322819896336462,-15.645819896336462,15.645819896336462,-0.07831993543807723
-22.8956,-187.87738890225413,164.98178890225412,164.98178890225412,0.8258667900369111
24.7275,13.036076672518147,11.691423327481852,11.691423327481852,0.058524994295889685
-18.1176,13.122156105878878,-31.239756105878875,31.239756105878875,-0.15638015121768192
4.908,34.92049810930523,-30.012498109305227,30.012498109305227,-0.1502367360630681
38.988,78.64654301885793,-39.65854301885793,39.65854301885793,-0.1985229632825096
5.2896,29.368985272283204,-24.079385272283204,24.079385272283204,-0.12053672561802908
9.9652,2.857371774675638,7.107828225324361,7.107828225324361,0.03558040750825064
7.9188,1.3625675399599793,6.556232460040021,6.556232460040021,0.03281922624634042
11.6795,18.710146376663797,-7.030646376663796,7.030646376663796,-0.035194050165258194
5.2773,-9.749028180081055,15.026328180081055,15.026328180081055,0.07521888023336355
2.205,-19.335648402144763,21.54064840214476,21.54064840214476,0.10782830195721045
2.0388,-12.750227739629079,14.789027739629079,14.789027739629079,0.07403100032046886
9.4486,4.756768371907363,4.691831628092638,4.691831628092638,0.023486397813168455
6.03,-17.1323242411477,23.1623242411477,23.1623242411477,0.11594609622134741
1.6704,-16.814136747690338,18.48453674769034,18.48453674769034,0.0925300006183032
-29.3238,-52.90106895662377,23.57726895662377,23.57726895662377,0.11802322887030924
-2.0622,-133.84181417020625,131.77961417020626,131.77961417020626,0.6596631523466522
-4.704,-157.15331235555055,152.44931235555055,152.44931235555055,0.7631316466874165
7.2576,-19.83528612062542,27.09288612062542,27.09288612062542,0.1356217255380408
7.9984,47.04519091905962,-39.04679091905962,39.04679091905962,-0.19546065109447713
352.296,146.35533939651842,205.94066060348158,205.94066060348158,1.0308989461342573
72.432,69.54724938458267,2.8847506154173317,2.8847506154173317,0.014440501261767836
3.528,-21.753474213728744,25.281474213728742,25.281474213728742,0.12655414937137846
10.5714,33.10195610752558,-22.53055610752558,22.53055610752558,-0.11278358765580365
67.9833,15.654003323179248,52.32929667682075,52.32929667682075,0.26195029499273836
33.995,53.52555609846276,-19.53055609846276,19.53055609846276,-0.09776617031489153
12.586,40.10140918842028,-27.51540918842028,27.51540918842028,-0.1377367939467306
1.3068,26.62023037535304,-25.31343037535304,25.31343037535304,-0.12671411570947044
2.6814,27.262866588977182,-24.581466588977182,24.581466588977182,-0.12305004716772587
3.4848,12.700398154251754,-9.215598154251754,9.215598154251754,-0.04613149437015222
22.941,10.177515587825871,12.763484412174128,12.763484412174128,0.06389152385426934
1049.985,575.3331134867844,474.65188651321546,474.65188651321546,2.3760151499622735
9.12,29.368985272283204,-20.248985272283207,20.248985272283207,-0.10136248721507672
9.1674,22.199752584863507,-13.032352584863506,13.032352584863506,-0.06523742570319173
7.5768,18.36992720474513,-10.793127204745131,10.793127204745131,-0.05402829838585375
8.4071,37.22844729221821,-28.821347292218213,28.821347292218213,-0.1442740664356929
6.3504,31.380708199291252,-25.03030819929125,25.03030819929125,-0.12529686108828952
6.6584,18.36992720474513,-11.711527204745131,11.711527204745131,-0.058625630400596714
83.281,769.7324868662347,-686.4514868662347,686.4514868662347,-3.4362428104726193
13.1956,-9.006016747085045,22.201616747085048,22.201616747085048,0.11113698110891522
1.6762,-13.84908009873454,15.52528009873454,15.52528009873454,0.07771653662430768
5.1816,28.828954840666277,-23.647354840666278,23.647354840666278,-0.11837406519270709
-46.8776,-137.67603805042978,90.79843805042978,90.79843805042978,0.4545193446623443
1.9024,30.22864327850847,-28.32624327850847,28.32624327850847,-0.14179567190950002
3.4086,28.445533234218257,-25.036933234218257,25.036933234218257,-0.12533002472632165
49.4376,68.38689490970906,-18.949294909709053,18.949294909709053,-0.09485648970515179
9.855,-21.273856749544034,31.128856749544035,31.128856749544035,0.15582501058038603
27.3735,64.9567715773688,-37.5832715773688,37.5832715773688,-0.18813455753638617
15.2208,38.53352083529246,-23.312720835292456,23.312720835292456,-0.11669895235938094
3.504,31.150295215134697,-27.646295215134696,27.646295215134696,-0.1383919839738394
0.1191,28.229521061571486,-28.110421061571486,28.110421061571486,-0.14071530781170255
1.1136,29.67421203538176,-28.56061203538176,28.56061203538176,-0.14296887638383482
-52.632,-169.91776903237047,117.28576903237047,117.28576903237047,0.5871097787960216
767.2005,309.28568254128317,457.91481745871687,457.91481745871687,2.292232633197018
-12.796,-145.72789178583818,132.9318917858382,132.9318917858382,0.6654312302780725
13.7016,-1.644181021465318,15.345781021465317,15.345781021465317,0.0768179991084686
215.9973,325.00935601407343,-109.01205601407344,109.01205601407344,-0.5456931784695706
-40.7976,-122.22997026034407,81.43237026034407,81.43237026034407,0.4076346285216496
-16.3183,-0.8581080357577093,-15.460191964242291,15.460191964242291,-0.07739071806542146
-107.9928,21.015267663238323,-129.00806766323834,129.00806766323834,-0.6457893288636027
5.2773,-9.749028180081055,15.026328180081055,15.026328180081055,0.07521888023336355
-1.4256,-136.98436082102015,135.55876082102014,135.55876082102014,0.6785808264387638
4.7067,-18.268548269269715,22.975248269269713,22.975248269269713,0.11500963024279359
19.0386,21.523703653658636,-2.485103653658637,2.485103653658637,-0.01243994619655877
28.7679,38.57721508445462,-9.80931508445462,9.80931508445462,-0.04910352600224777
-3.6576,-160.26849746449585,156.61089746449585,156.61089746449585,0.7839637334180697
14.3952,-9.006016747085045,23.401216747085044,23.401216747085044,0.11714194570482729
8.8704,-24.9301523509695,33.8005523509695,33.8005523509695,0.16919899982481248
78.435,15.304204485309247,63.13079551469075,63.13079551469075,0.3160205001479525
38.038,29.798771239198057,8.23922876080194,8.23922876080194,0.04124397883147408
45.294,82.18157313674963,-36.88757313674964,36.88757313674964,-0.1846520262715068
40.1702,43.80500832935805,-3.6348083293580515,3.6348083293580515,-0.018195144490431376
48.3136,54.622353361340394,-6.308753361340393,6.308753361340393,-0.03158039394730783
4.8519,-18.017974148999464,22.869874148999465,22.869874148999465,0.11448214786404382
-427.45,-58.35668460276065,-369.09331539723934,369.09331539723934,-1.8476094461055665
48.9645,40.95738091937253,8.007119080627469,8.007119080627469,0.04008208285630221
4.2336,27.640887891109035,-23.407287891109036,23.407287891109036,-0.11717233667258384
3.8073,-24.621904543751228,28.42920454375123,28.42920454375123,0.14231107600464263
74.574,98.71932419276871,-24.14532419276871,24.14532419276871,-0.1208668030463453
9.072,-21.86429002144521,30.93629002144521,30.93629002144521,0.15486105894268673
20.682,38.49549956660929,-17.81349956660929,17.81349956660929,-0.08917091882859636
50.2398,49.27450698168318,0.9652930183168209,0.9652930183168209,0.004832069356180087
-1480.0335,-5.137054674672807,-1474.8964453253272,1474.8964453253272,-7.383045129055672
-1.9744,-154.53351516254185,152.55911516254184,152.55911516254184,0.7636812982116867
6.756,-8.444314657294555,15.200314657294555,15.200314657294555,0.07608982274406256
7.8735,-22.620332625708908,30.493832625708908,30.493832625708908,0.15264620316026264
95.0968,11.80645869230917,83.29034130769084,83.29034130769084,0.41693527070199893
16.704,9.08428267150656,7.61971732849344,7.61971732849344,0.038142824932028155
15.0735,22.808326481240314,-7.734826481240315,7.734826481240315,-0.038719038992473656
28.497,20.43219258212583,8.06480741787417,8.06480741787417,0.040370859467475505
19.755,-11.122865598114522,30.87786559811452,30.87786559811452,0.15456859762755057
-1.3208,-107.69846684237167,106.37766684237167,106.37766684237167,0.5325059379661333
4.9648,26.205197424492372,-21.24039742449237,21.24039742449237,-0.10632530388227665
37.7972,54.19064536427213,-16.393445364272132,16.393445364272132,-0.08206240331566636
10.3936,46.510341653288876,-36.11674165328888,36.11674165328888,-0.18079339358761526
28.4364,81.77100912690301,-53.33460912690301,53.33460912690301,-0.26698269385116913
42.4647,-17.291750603453025,59.756450603453025,59.756450603453025,0.29912918493756685
54.9504,62.721264728944696,-7.770864728944694,7.770864728944694,-0.03889943946059929
24.84,29.476772220136606,-4.636772220136606,4.636772220136606,-0.023210781111394657
60.2553,48.22144764003017,12.033852359969828,12.033852359969828,0.06023912752088362
20.967,6.006034226644857,14.960965773355142,14.960965773355142,0.07489168872094881
28.7856,36.88080857607468,-8.095208576074679,8.095208576074679,-0.04052304176046381
36.693,22.99056845947733,13.702431540522667,13.702431540522667,0.06859171080255735
5.256,25.22594224182701,-19.96994224182701,19.96994224182701,-0.09996565200448529
13.92,25.381541447041567,-11.461541447041567,11.461541447041567,-0.05737425025347087
13.208,29.305762583457913,-16.097762583457914,16.097762583457914,-0.08058227274680156
-25.648,-163.71879102042251,138.07079102042252,138.07079102042252,0.6911555616932431
5.6956,-20.7396570834399,26.4352570834399,26.4352570834399,0.13232976231234658
18.8937,42.28111289224396,-23.38741289224396,23.38741289224396,-0.11707284628868207
20.5176,69.55129279721527,-49.03369279721527,49.03369279721527,-0.24545314209245367
31.494,-2.525651567681905,34.019651567681905,34.019651567681905,0.17029576794697826
93.5948,93.84782832586006,-0.25302832586005763,0.25302832586005763,-0.0012666106523445766
-4.032,-25.325631365049965,21.293631365049965,21.293631365049965,0.1065917826488232
9.6048,32.80638853875994,-23.201588538759943,23.201588538759943,-0.11614264566870058
1.8288,32.695791869513464,-30.866991869513463,30.866991869513463,-0.15451416585423036
26.4654,-25.236678313401278,51.70207831340127,51.70207831340127,0.25881056169310523
-5.2932,-157.14035162519176,151.84715162519174,151.84715162519174,0.7601173470318203
-3.272,-12.93167796465237,9.659677964652369,9.659677964652369,0.04835447164525646
14.3068,28.602932540871535,-14.296132540871534,14.296132540871534,-0.07156366269289792
11.9952,32.43635812386736,-20.441158123867357,20.441158123867357,-0.10232446718344808
9.3312,29.584997444929975,-20.253797444929972,20.253797444929972,-0.10138657601665495
18.94,35.866560984589206,-16.926560984589205,16.926560984589205,-0.08473107656135803
-3.8208,-112.26914353375957,108.44834353375957,108.44834353375957,0.5428713432857104
3.4196,46.352055044474774,-42.93245504447477,42.93245504447477,-0.21491153097504043
3.6288,-15.777278318985832,19.406078318985834,19.406078318985834,0.0971430587287489
4.485,-18.022294392452395,22.507294392452394,22.507294392452394,0.11266714402838228
41.1684,54.602016758819175,-13.433616758819177,13.433616758819177,-0.06724607621853994
23.1168,-11.678666481483333,34.79546648148333,34.79546648148333,0.17417934671519947
244.6155,251.9153070031494,-7.299807003149397,7.299807003149397,-0.03654141598107976
9.0384,-24.84374748191079,33.88214748191079,33.88214748191079,0.1696074492016892
48.288,58.022209492393046,-9.734209492393049,9.734209492393049,-0.048727561996508566
11.376,31.205088739780763,-19.829088739780765,19.829088739780765,-0.09926056673189615
8.098,62.41304369057285,-54.31504369057285,54.31504369057285,-0.2718905588423711
10.3896,30.31662911053592,-19.92702911053592,19.92702911053592,-0.09975083720446634
68.3332,70.82326630984825,-2.4900663098482454,2.4900663098482454,-0.012464788289523326
6.9795,-18.276766110722306,25.256266110722308,25.256266110722308,0.12642796250401955
-22.0416,-167.08671037136455,145.04511037136456,145.04511037136456,0.7260676497084078
3.21,-18.756735779451418,21.96673577945142,21.96673577945142,0.10996121260700333
7.2144,-34.049974957389544,41.26437495738954,41.26437495738954,0.20656144605832422
0.9774,-14.16013762734589,15.137537627345889,15.137537627345889,0.07577557312562454
8.7906,29.31498222912151,-20.524382229121514,20.524382229121514,-0.10274107088933143
29.8802,60.04641120075748,-30.166211200757484,30.166211200757484,-0.15100619394244372
539.925,344.1345037089335,195.79049629106646,195.79049629106646,0.9800891951016271
65.3256,80.95887379866004,-15.633273798660042,15.633273798660042,-0.07825713210999807
5.9175,-17.19712789294173,23.11462789294173,23.11462789294173,0.11570733756651984
16.6788,22.38775234424572,-5.70895234424572,5.70895234424572,-0.0285779065579734
-33.636,-137.13859820173593,103.50259820173594,103.50259820173594,0.5181139027895456
-36.1116,-39.43811029641375,3.326510296413744,3.326510296413744,0.016651864419724553
2.14,-16.410914025416364,18.550914025416365,18.550914025416365,0.09286227237782123
68.198,172.8533322048985,-104.6553322048985,104.6553322048985,-0.5238842653082978
-43.8336,21.808839721552374,-65.64243972155236,65.64243972155236,-0.32859330319874586
-11.0848,-153.50853740333292,142.42373740333292,142.42373740333292,0.7129455657923432
15.012,-22.28616335777302,37.29816335777302,37.29816335777302,0.1867073611670329
13.3176,103.03352682919405,-89.71592682919405,89.71592682919405,-0.44910050375020844
78.1954,62.60987757821385,15.585522421786159,15.585522421786159,0.07801809799234742
12.4416,27.789286690568694,-15.347686690568695,15.347686690568695,-0.07682753851785282
9.9873,38.66852844319669,-28.681228443196694,28.681228443196694,-0.14357265869345034
301.968,130.44345229816062,171.5245477018394,171.5245477018394,0.858618569756069
9.6975,60.99856765208669,-51.301067652086694,51.301067652086694,-0.2568031802127973
1.4742,27.06845563359509,-25.59425563359509,25.59425563359509,-0.12811987240618716
-8.9152,-121.82524028801723,112.91004028801723,112.91004028801723,0.5652057306206664
-52.3392,-105.17379326197977,52.83459326197977,52.83459326197977,0.264479711551854
3.894,43.06696673948158,-39.17296673948158,39.17296673948158,-0.19609226274377195
-12.0588,9.66049059830549,-21.71929059830549,21.71929059830549,-0.10872255009265658
-12.0588,9.66049059830549,-21.71929059830549,21.71929059830549,-0.10872255009265658
-5.2416,-150.7972670166613,145.5556670166613,145.5556670166613,0.7286233971068861
7.8176,-19.547269890429725,27.364869890429723,27.364869890429723,0.13698322346096306
3.6288,-15.777278318985832,19.406078318985834,19.406078318985834,0.0971430587287489
30.2634,20.155408693488457,10.107991306511543,10.107991306511543,0.050598641156543035
88.3948,31.316255480312265,57.07854451968774,57.07854451968774,0.28572410722483915
3.1752,25.240343053336794,-22.065143053336794,22.065143053336794,-0.11045382030595455
37.9848,43.00216308768755,-5.017363087687549,5.017363087687549,-0.02511594507035671
15.808,-8.88793009270481,24.69593009270481,24.69593009270481,0.12362302923458854
0.6516,32.335771581768846,-31.684171581768847,31.684171581768847,-0.15860480876902797
3.8822,30.534660523091397,-26.652460523091396,26.652460523091396,-0.13341704054277134
3.267,-18.688911083537672,21.95591108353767,21.95591108353767,0.10990702628179194
0.73,-16.592364250439655,17.322364250439655,17.322364250439655,0.08671239083143001
60.392,54.622353361340394,5.769646638659609,5.769646638659609,0.028881730406864085
78.672,76.25363686378054,2.4183631362194546,2.4183631362194546,0.012105856129590494
84.0512,44.16617130313145,39.885028696868545,39.885028696868545,0.19965670659522625
7.896,37.92622923503283,-30.030229235032827,30.030229235032827,-0.1503254946344585
7.384,-19.478145995182757,26.862145995182757,26.862145995182757,0.13446668528784114
41.88,82.87404084764364,-40.99404084764364,40.99404084764364,-0.2052082060132329
6.858,25.866778354012432,-19.00877835401243,19.00877835401243,-0.09515425227357852
394.268,258.8226484280743,135.4453515719257,135.4453515719257,0.678013121765822
11.1024,-17.646362771138136,28.748762771138136,28.748762771138136,0.1439107224216073
-103.9882,-25.60620128217437,-78.38199871782564,78.38199871782564,-0.3923650610681643
11.223,-23.919215382982614,35.14221538298261,35.14221538298261,0.17591510436539504
8.6391,31.448102434008376,-22.809002434008377,22.809002434008377,-0.11417743588220493
15.468,52.25108427984681,-36.783084279846804,36.783084279846804,-0.18412897534922532
28.8576,19.13475117773246,9.72284882226754,9.72284882226754,0.04867069268849797
8.3754,-16.13866824697255,24.51406824697255,24.51406824697255,0.12271266415875538
5.4288,-26.7964975226376,32.225297522637604,32.225297522637604,0.1613135801235182
-22.62,-155.0032711971397,132.3832711971397,132.3832711971397,0.6626849421722681
-12.7512,-109.61651405365723,96.86531405365723,96.86531405365723,0.48488894753594336
-8.5008,-108.11169969179362,99.61089969179362,99.61089969179362,0.4986328159521269
-68.1302,4.194302569478939,-72.32450256947894,72.32450256947894,-0.36204241192620384
4.0644,-19.73721972054112,23.80161972054112,23.80161972054112,0.11914628521774966
1.5602,-13.906683344773676,15.466883344773676,15.466883344773676,0.0774242138166625
49.014,13.108363765431946,35.90563623456806,35.90563623456806,0.17973664086552146
8.37,29.09897005647474,-20.728970056474743,20.728970056474743,-0.10376519781498225
626.185,465.1155020641652,161.06949793583476,161.06949793583476,0.8062826213621404
-16.9568,-2.381643452584054,-14.575156547415947,14.575156547415947,-0.07296040267348207
5.083,25.543550576526645,-20.460550576526643,20.460550576526643,-0.10242154203477095
33.3136,41.806895732375416,-8.493295732375415,8.493295732375415,-0.042515788742518865
1.0904,29.724614875666006,-28.634214875666007,28.634214875666007,-0.14333731790606347
8.8608,-12.735826928119298,21.5966269281193,21.5966269281193,0.10810851958526017
24.3595,30.358821925110924,-5.999321925110923,5.999321925110923,-0.030031440279901858
4.1916,34.70470507512844,-30.513105075128436,30.513105075128436,-0.15274267729867608
1.9698,29.771417513072805,-27.801617513072806,27.801617513072806,-0.13916949722831926
29.495,67.30676360556633,-37.81176360556633,37.81176360556633,-0.18927834424843543
27.0112,33.69361940958044,-6.682419409580444,6.682419409580444,-0.033450893605840575
0.8385,-19.676947634926663,20.515447634926662,20.515447634926662,0.10269634604620129
5.5674,-14.674176157336323,20.241576157336322,20.241576157336322,0.10132539862476071
19.7934,-7.64938986195444,27.442789861954438,27.442789861954438,0.1373732757036443
2.2512,-16.553411618454348,18.80461161845435,18.80461161845435,0.0941322332516635
-2.7552,-133.75216911855782,130.99696911855781,130.99696911855781,0.6557453832350194
-412.6154,-37.49174468284038,-375.12365531715966,375.12365531715966,-1.8777961564427097
14.3952,-9.006016747085045,23.401216747085044,23.401216747085044,0.11714194570482729
55.4364,65.13526211170854,-9.698862111708543,9.698862111708543,-0.04855061987449399
74.5654,65.86200346257654,8.703396537423458,8.703396537423458,0.043567512563697695
1.651,-13.766995473128766,15.417995473128766,15.417995473128766,0.07717949062693492
7.1988,-6.0424001792802216,13.241200179280222,13.241200179280222,0.06628287619536727
16.1096,40.201205249034416,-24.091605249034416,24.091605249034416,-0.12059789644810069
83.2508,94.20424841072723,-10.953448410727233,10.953448410727233,-0.05483083520303985
125.469,58.50296964260654,66.96603035739346,66.96603035739346,0.3352189408343799
58.6872,41.208823777779386,17.47837622222061,17.47837622222061,0.08749335645920849
16.1838,-11.9739535583428,28.1577535583428,28.1577535583428,0.14095224509692084
4.3524,32.06114654312858,-27.70874654312858,27.70874654312858,-0.13870460319155442
3.5256,-15.690873449927128,19.21647344992713,19.21647344992713,0.09619393358210829
3.0134,-14.30551538268583,17.31891538268583,17.31891538268583,0.08669512646934456
47.0548,64.58818905937052,-17.53338905937052,17.53338905937052,-0.08776874003657252
42.9914,47.04519091905962,-4.053790919059622,4.053790919059622,-0.020292489953470303
15.378,26.45260180308181,-11.074601803081809,11.074601803081809,-0.05543730555295972
69.92,47.52278914333563,22.397210856664373,22.397210856664373,0.112116087230283
18.504,24.967079839195286,-6.463079839195284,6.463079839195284,-0.03235292231987404
2.4824,30.588663566253093,-28.10626356625309,28.10626356625309,-0.14069449619766902
21.7728,22.402154427484863,-0.6293544274848628,0.6293544274848628,-0.0031504260214464197
-195.4788,226.4216117408136,-421.90041174081364,421.90041174081364,-2.1119515134247417
2.7776,30.660667623802016,-27.883067623802017,27.883067623802017,-0.13957722066218223
168.1855,124.55813021349046,43.62736978650953,43.62736978650953,0.21839013919702788
12.5216,28.365319150960087,-15.843719150960087,15.843719150960087,-0.07931058066779736
300.735,242.6270027178082,58.1079972821918,58.1079972821918,0.2908773477983643
3.564,24.549104100867126,-20.985104100867126,20.985104100867126,-0.10504735509106097
2.7144,-8.166519876973474,10.880919876973474,10.880919876973474,0.0544677714506351
-29.4368,8.85098952504805,-38.287789525048055,38.287789525048055,-0.19166123754055303
-5.8346,32.53077937728241,-38.36537937728241,38.36537937728241,-0.19204963727018737
-92.7996,15.94672658596206,-108.74632658596205,108.74632658596205,-0.5443629885663521
6.0025,-14.18145708097504,20.18395708097504,20.18395708097504,0.10103696872012696
48.9942,57.78933771965846,-8.795137719658463,8.795137719658463,-0.04402675110263428
3.7692,-15.633270203887985,19.402470203887987,19.402470203887987,0.09712499720539065
12.96,36.084154120204715,-23.124154120204715,23.124154120204715,-0.11575502400987332
275.478,138.22990064059235,137.24809935940766,137.24809935940766,0.6870373270335679
181.176,131.83514984876354,49.34085015123645,49.34085015123645,0.2469907121460309
12.8256,74.70590055929374,-61.88030055929374,61.88030055929374,-0.3097607652908954
136.6176,105.02962018626798,31.587979813732034,31.587979813732034,0.15812329146202625
5.334,-23.786798358001473,29.120798358001473,29.120798358001473,0.14577306030718057
71.3898,63.88233015692109,7.507469843078901,7.507469843078901,0.0375809358224129
30.2112,37.415438703375436,-7.2042387033754345,7.2042387033754345,-0.03606301963510263
7.776,12.97840425729948,-5.202404257299481,5.202404257299481,-0.0260422252239961
3.6288,-15.777278318985832,19.406078318985834,19.406078318985834,0.0971430587287489
20.3439,-3.372348843548366,23.716248843548367,23.716248843548367,0.1187189351895207
117.0104,185.14695405798673,-68.13655405798673,68.13655405798673,-0.3410783551230916
20.1584,18.643541351701685,1.5148586482983148,1.5148586482983148,0.007583088155087219
-5.088,-163.03158273202692,157.94358273202693,157.94358273202693,0.7906348970134496
-19.8744,-16.829050166383922,-3.045349833616079,3.045349833616079,-0.015244429754110816
5.4432,-17.806282219805624,23.249482219805625,23.249482219805625,0.11638239213339484
4.0768,-15.546865334829281,19.623665334829283,19.623665334829283,0.09823225706708674
-97.72,11.053224537709191,-108.77322453770918,108.77322453770918,-0.5444976344882795
-127.372,59.25850225729203,-186.63050225729202,186.63050225729202,-0.9342360441583281
-117.882,86.81513144977819,-204.6971314497782,204.6971314497782,-1.0246740807274772
5.55,-17.408819822135563,22.958819822135563,22.958819822135563,0.11492739262741648
0.864,-19.361569862862375,20.225569862862375,20.225569862862375,0.10124527422360383
8.619,38.02027278678639,-29.401272786786393,29.401272786786393,-0.14717706081977822
9.63,-32.831666303661756,42.46166630366176,42.46166630366176,0.21255485398209598
4.4784,-9.582049207476434,14.060449207476434,14.060449207476434,0.07038387770383146
64.0728,78.95428083649799,-14.881480836497985,14.881480836497985,-0.07449380256578415
-525.6405,40.872972571540785,-566.5134725715408,566.5134725715408,-2.8358564070517827
4.3308,-15.333733324484466,19.664533324484466,19.664533324484466,0.09843683428531405
19.8254,21.520104722510546,-1.6947047225105472,1.6947047225105472,-0.008483362670224126
109.3338,98.97890790770526,10.354892092294733,10.354892092294733,0.05183457853344445
29.0,32.155894503970956,-3.1558945039709556,3.1558945039709556,-0.01579779490228338
49.3164,88.8737006862555,-39.5573006862555,39.5573006862555,-0.19801616383028792
257.9871,134.08628626712178,123.90081373287822,123.90081373287822,0.6202234076947586
0.7794,33.10059555475618,-32.32119555475618,32.32119555475618,-0.161793627045567
22.0032,19.52638280988973,2.476817190110271,2.476817190110271,0.01239846576955539
-9.56,-16.68438856228451,7.12438856228451,7.12438856228451,0.035663305338479105
10.896,-4.914675756246311,15.810675756246312,15.810675756246312,0.07914517185203797
6.206,24.013464353612015,-17.807464353612016,17.807464353612016,-0.08914070772458049
15.372,30.04380417333438,-14.67180417333438,14.67180417333438,-0.07344420191649569
97.1892,28.269184646659575,68.92001535334043,68.92001535334043,0.34500021019217
3.8048,25.485156849003133,-21.680356849003132,21.680356849003132,-0.10852765530593869
3.5475,22.096356321371918,-18.548856321371918,18.548856321371918,-0.09285197191105249
3.6022,31.139494606502357,-27.537294606502357,27.537294606502357,-0.1378463480987393
0.4074,33.41921350941017,-33.01181350941017,33.01181350941017,-0.16525072638451196
14.985,41.07144472542204,-26.08644472542204,26.08644472542204,-0.1305836753996141
4.536,27.786696107645604,-23.250696107645602,23.250696107645602,-0.11638846862014249
9.499,23.878456745707783,-14.379456745707783,14.379456745707783,-0.0719807674778464
21.7728,22.402154427484863,-0.6293544274848628,0.6293544274848628,-0.0031504260214464197
1.6056,-19.642385687303182,21.24798568730318,21.24798568730318,0.10636328925200272
-7.098,-23.101355586454833,16.003355586454834,16.003355586454834,0.08010968965693004
0.3674,-14.20045989957329,14.567859899573289,14.567859899573289,0.07292387707164479
10.3936,-30.255431565470143,40.64903156547014,40.64903156547014,0.20348115655948756
-74.7456,-170.21442574947204,95.46882574947205,95.46882574947205,0.4778983983318442
4.2392,33.31436934902426,-29.07516934902426,29.07516934902426,-0.14554465035098293
10.518,35.35893237886929,-24.84093237886929,24.84093237886929,-0.12434888251463523
9.1638,38.119497504386146,-28.955697504386144,28.955697504386144,-0.14494659750231653
14.4,16.675022130952346,-2.2750221309523457,2.2750221309523457,-0.011388318899037445
15.9348,-12.410298147089279,28.345098147089278,28.345098147089278,0.14189005571934357
-36.1764,99.111413054969,-135.287813054969,135.287813054969,-0.677224514549402
60.9552,110.88404187962827,-49.92884187962827,49.92884187962827,-0.2499340845298939
-5.9808,-130.06419173181087,124.08339173181086,124.08339173181086,0.621137357694411
85.904,88.52312827011716,-2.6191282701171588,2.6191282701171588,-0.013110847394303118
37.797,79.36916508979755,-41.57216508979755,41.57216508979755,-0.2081021836775983
21.7728,22.402154427484863,-0.6293544274848628,0.6293544274848628,-0.0031504260214464197
3.6714,-15.820480753515188,19.49188075351519,19.49188075351519,0.09757256905018258
7.6272,-19.64519540869626,27.272395408696262,27.272395408696262,0.1365203141671695
145.134,102.29188503644014,42.84211496355985,42.84211496355985,0.21445930607716954
0.6192,-22.081812716151838,22.701012716151837,22.701012716151837,0.1136368603299783
-20.448,-138.65759423663937,118.20959423663936,118.20959423663936,0.5917342683295711
-3.0576,-133.5858397456198,130.5282397456198,130.5282397456198,0.6533990150376563
3.744,-21.494259606552625,25.238259606552624,25.238259606552624,0.1263378254416362
6.2208,31.380708199291252,-25.15990819929125,25.15990819929125,-0.12594561351545708
0.0792,29.760616904440468,-29.681416904440468,29.681416904440468,-0.14857940785901275
757.4112,310.13080666992425,447.28039333007575,447.28039333007575,2.238998771584478
-12.0064,-114.24918467544612,102.24278467544612,102.24278467544612,0.51180752097659
26.3912,39.84478516416724,-13.45358516416724,13.45358516416724,-0.06734603417715275
209.58,401.6679671656862,-192.0879671656862,192.0879671656862,-0.961555053460045
742.632,326.9445445890823,415.68745541091766,415.68745541091766,2.080850660809726
2.6973,-13.242805934172601,15.940105934172601,15.940105934172601,0.07979307418288989
1.8144,-13.748274418166048,15.562674418166047,15.562674418166047,0.07790372532410297
5.4896,31.150295215134697,-25.660695215134698,25.660695215134698,-0.1284524560464944
26.2,24.215427919293404,1.9845720807065952,1.9845720807065952,0.009934382363019922
4.8924,-17.996372931734783,22.888772931734785,22.888772931734785,0.1145767514996152
1.5548,-13.820278475714971,15.375078475714972,15.375078475714972,0.07696465647385667
2.3177,32.861401201875985,-30.543701201875987,30.543701201875987,-0.1528958355663412
0.3156,33.43023325651249,-33.114633256512484,33.114633256512484,-0.16576542206733128
32.095,31.95191169838086,0.14308830161913733,0.14308830161913733,0.0007162722451751505
388.8128,448.71376823600474,-59.90096823600476,59.90096823600476,-0.29985261213576475
50.328,50.884016806371605,-0.556016806371602,0.556016806371602,-0.00278331213487294
1.521,29.74981629580813,-28.22881629580813,28.22881629580813,-0.1413079713578144
200.49,173.40871171454341,27.081288285456594,27.081288285456594,0.13556366902788908
32.6332,63.60252395243464,-30.969323952434635,30.969323952434635,-0.15502642038488024
1.2006,32.47977969686669,-31.27917969686669,31.27917969686669,-0.1565774980567329
1.6688,30.120637192185086,-28.451837192185085,28.451837192185085,-0.14242437064665417
-253.4337,143.25958502390924,-396.6932850239092,396.6932850239092,-1.9857695331815932
33.3124,328.87627257130214,-295.5638725713021,295.5638725713021,-1.4795353372968842
1.4112,32.52838243571222,-31.117182435712216,31.117182435712216,-0.1557665712329022
375.4296,259.3534592140276,116.07614078597237,116.07614078597237,0.5810546147464752
0.365,-14.155817383892952,14.520817383892952,14.520817383892952,0.0726883913754435
120.9468,109.82271897457318,11.124081025426818,11.124081025426818,0.05568498892943108
-17.9424,-133.29703303393975,115.35463303393976,115.35463303393976,0.5774428870817271
3.752,-19.77617235252642,23.52817235252642,23.52817235252642,0.11777746080646787
0.4264,-14.209100386479157,14.635500386479157,14.635500386479157,0.07326247221095789
5.4432,-17.806282219805624,23.249482219805625,23.249482219805625,0.11638239213339484
-4.8528,-17.8449530881554,12.9921530881554,12.9921530881554,0.06503619483081288
5.0232,-17.460662743570794,22.483862743570793,22.483862743570793,0.11254984974532305
-31.6204,-36.97859257236027,5.35819257236027,5.35819257236027,0.02682207126967536
64.7892,39.37256252524803,25.416637474751965,25.416637474751965,0.12723075040264928
3.89,-15.402857219731434,19.292857219731435,19.292857219731435,0.096576295897361
-93.99,68.55822089461304,-162.54822089461305,162.54822089461305,-0.8136848212742994
133.152,70.09606118492323,63.05593881507676,63.05593881507676,0.3156457820494623
8.5544,33.576831954533425,-25.022431954533424,25.022431954533424,-0.12525743413687282
31.2528,39.66995618614112,-8.41715618614112,8.41715618614112,-0.04213464896302091
13.4964,31.36709786926584,-17.87069786926584,17.87069786926584,-0.08945724242179312
47.061,4.494814484247044,42.566185515752956,42.566185515752956,0.21307805685655434
2.5056,-19.361569862862375,21.867169862862376,21.867169862862376,0.10946280496772627
2.0322,-15.728245118943683,17.760445118943682,17.760445118943682,0.08890533856860332
-37.7332,14.320417736464305,-52.053617736464304,52.053617736464304,-0.26057029976376284
16.7946,-7.128150926209113,23.922750926209112,23.922750926209112,0.11975264450542591
5.5512,-14.682816644242191,20.23401664424219,20.23401664424219,0.10128755717053213
10.5754,-11.022130358454913,21.59753035845491,21.59753035845491,0.10811304198204262
-71.8116,76.43013492705802,-148.24173492705802,148.24173492705802,-0.7420693313384198
8.7384,-17.84797413227512,26.586374132275118,26.586374132275118,0.13308622490662317
-7.3255,-141.53865658931568,134.21315658931567,134.21315658931567,0.6718449930180446
152.495,70.1984465567311,82.2965534432689,82.2965534432689,0.41196056168090794
1.7375,-13.680590604070055,15.418090604070056,15.418090604070056,0.07717996683394929
65.355,59.376457117327206,5.978542882672798,5.978542882672798,0.029927424429470134
4.5873,-13.265706350770493,17.853006350770492,17.853006350770492,0.08936868211651429
5.5944,-23.907553851957022,29.501953851957023,29.501953851957023,0.14768105067625398
52.688,45.794691762161456,6.893308237838546,6.893308237838546,0.03450656211814742
3.4368,30.336649364831857,-26.89984936483186,26.89984936483186,-0.1346554210329974
42.588,75.39496375855026,-32.80696375855026,32.80696375855026,-0.16422528832066138
1.0208,29.68141244113665,-28.66061244113665,28.66061244113665,-0.14346945899148317
1.395,33.01440982416745,-31.61940982416745,31.61940982416745,-0.1582806239894636
10.896,38.547921646802244,-27.651921646802244,27.651921646802244,-0.1384201487979182
643.9825,338.5003180000753,305.48218199992465,305.48218199992465,1.52918446781554
9.801,-11.19630973681442,20.997309736814422,20.997309736814422,0.10510845413385367
23.9778,5.912136100445391,18.065663899554607,18.065663899554607,0.09043320450022724
19.4656,41.56208193670908,-22.09648193670908,22.09648193670908,-0.1106106966690139
45.8064,148.70166205265897,-102.89526205265898,102.89526205265898,-0.5150736959930928
3.3408,-21.909002978034422,25.249802978034424,25.249802978034424,0.1263956093171494
-9.7902,-71.59304053268886,61.80284053268886,61.80284053268886,0.30937301544314555
32.4684,-1.5204749242989308,33.98887492429893,33.98887492429893,0.17014170604809886
7.5087,-16.60093429643664,24.109634296436642,24.109634296436642,0.12068814635752749
29.302,36.713820515997355,-7.411820515997356,7.411820515997356,-0.03710213386947234
29.6576,-5.761161709386132,35.41876170938613,35.41876170938613,0.17729944156044564
1.6762,-13.84908009873454,15.52528009873454,15.52528009873454,0.07771653662430768
-29.0745,-0.24709098228955284,-28.827409017710448,28.827409017710448,-0.14430441025610888
-46.592,-136.6024575523753,90.01045755237531,90.01045755237531,0.4505748673423324
152.495,70.1984465567311,82.2965534432689,82.2965534432689,0.41196056168090794
12.298,37.562256539866354,-25.264256539866352,25.264256539866352,-0.1264679610402951
1.1564,32.7533951155526,-31.5969951155526,31.5969951155526,-0.1581684203118545
50.414,1.393020566857171,49.02097943314283,49.02097943314283,0.245389501461285
3.1752,33.17641895365253,-30.00121895365253,30.00121895365253,-0.15018027480067545
4.5008,25.917181194296678,-21.416381194296676,21.416381194296676,-0.10720624445174147
-2.0622,-133.84181417020625,131.77961417020626,131.77961417020626,0.6596631523466522
18.5976,-19.573050469329573,38.17065046932957,38.17065046932957,0.1910748621801095
41.952,36.07853467741856,5.873465322581438,5.873465322581438,0.02940142657337357
12.492,26.40759926711373,-13.91559926711373,13.91559926711373,-0.0696587870372776
15.5112,29.193365812772708,-13.682165812772707,13.682165812772707,-0.068490264505751
7.0218,28.774951797504585,-21.753151797504586,21.753151797504586,-0.10889205267882338
166.0698,123.29042052368942,42.77937947631057,42.77937947631057,0.21414526441341558
-21.294,2.799768528636495,-24.093768528636495,24.093768528636495,-0.12060872540560448
1.7055,-13.044074735337567,14.749574735337568,14.749574735337568,0.07383350624413268
2.9322,-19.041871847345156,21.974071847345158,21.974071847345158,0.10999793553795957
3.86,-18.00926322118471,21.86926322118471,21.86926322118471,0.10947328391288481
1.4418,-19.452294975374024,20.894094975374024,20.894094975374024,0.10459178108598345
4.225,-20.445810087731413,24.67081008773141,24.67081008773141,0.12349728336887131
94.4925,94.12403432746908,0.368465672530931,0.368465672530931,0.001844467587826925
93.204,51.954991090016286,41.24900890998371,41.24900890998371,0.20648452660963204
11.5432,33.46882586821004,-21.92562586821004,21.92562586821004,-0.10975542437630512
9.0636,-27.434383031612192,36.49798303161219,36.49798303161219,0.18270181387715198
-4.5192,-139.13433153852213,134.61513153852212,134.61513153852212,0.673857201536241
19.755,-11.122865598114522,30.87786559811452,30.87786559811452,0.15456859762755057
-2.6025,-24.031612153667812,21.429112153667813,21.429112153667813,0.1072699731615578
-18.186,-22.63438123267429,4.44838123267429,4.44838123267429,0.022267732420247502
3.744,-24.456436093206467,28.200436093206466,28.200436093206466,0.14116590557601397
3.6288,-15.777278318985832,19.406078318985834,19.406078318985834,0.0971430587287489
2.9304,-13.572443635928906,16.502843635928905,16.502843635928905,0.08261002981462676
3.2161,-13.084397007564966,16.300497007564967,16.300497007564967,0.08159712189579746
-100.92,-124.42088153715727,23.50088153715727,23.50088153715727,0.11764084828555647
-30.9332,-18.061071558030168,-12.872128441969831,12.872128441969831,-0.06443537476497326
16.1838,-11.9739535583428,28.1577535583428,28.1577535583428,0.14095224509692084
14.6718,37.051027731269,-22.379227731269005,22.379227731269005,-0.11202606719750288
5.056,25.967584034580923,-20.911584034580923,20.911584034580923,-0.10467932791938894
209.2365,109.78491684436,99.45158315564001,99.45158315564001,0.4978353083169603
20.0156,61.80242251371155,-41.78682251371155,41.78682251371155,-0.20917671704776608
5.6994,28.315925930630193,-22.616525930630193,22.616525930630193,-0.11321393589193238
42.045,41.22265324627478,0.8223467537252205,0.8223467537252205,0.00411650812077625
32.5376,37.409028779104915,-4.871428779104917,4.871428779104917,-0.024385426267115953
70.5456,35.91889699238659,34.6267030076134,34.6267030076134,0.17333454954474928
21.4032,25.061913872433227,-3.6587138724332284,3.6587138724332284,-0.0183148109957769
28.4809,31.915690531136413,-3.4347905311364144,3.4347905311364144,-0.017193894242954533
3.2472,27.856900063755806,-24.609700063755806,24.609700063755806,-0.12319137845854382
-2.245,-133.88717672646206,131.64217672646205,131.64217672646205,0.6589751671984057
7.92,-24.9301523509695,32.8501523509695,32.8501523509695,0.16444148202558373
15.921,-18.624107431743635,34.54510743174363,34.54510743174363,0.17292609794064706
-45.9954,-123.57259548257873,77.57719548257873,77.57719548257873,0.3883363723933284
164.997,64.52157621866507,100.47542378133494,100.47542378133494,0.5029604556236914
30.786,-10.696460695607133,41.48246069560713,41.48246069560713,0.20765314090399775
3.6784,-20.7799793556673,24.4583793556673,24.4583793556673,0.122433896385603
116.48,56.17205741793011,60.30794258206989,60.30794258206989,0.30188984666357865
32.6046,29.176945761354222,3.4276542386457756,3.4276542386457756,0.01715817134886287
14.2758,33.872839071968386,-19.597039071968386,19.597039071968386,-0.09809897116695242
22.7136,54.602016758819175,-31.888416758819176,31.888416758819176,-0.15962722045381708
5.955,-12.237347527154096,18.192347527154098,18.192347527154098,0.09106735813361892
70.5028,52.637886950702296,17.864913049297698,17.864913049297698,0.08942828473664606
6.8274,38.837737978436664,-32.01033797843667,32.01033797843667,-0.16023753439787633
3.792,-14.91322962839875,18.705229628398747,18.705229628398747,0.09363474631288794
6.9384,21.659722153246577,-14.721322153246577,14.721322153246577,-0.07369207930582032
8.8044,29.530994401768282,-20.72659440176828,20.72659440176828,-0.10375330574895657
314.9895,188.0893294288146,126.90017057118541,126.90017057118541,0.6352376054477943
15.552,25.993575936207417,-10.441575936207418,10.441575936207418,-0.05226850101905068
6.5538,-16.315798228542903,22.869598228542902,22.869598228542902,0.11448076665983163
-2.5472,-109.88011934519518,107.33291934519518,107.33291934519518,0.5372877464519716
-87.1488,-154.5279739764079,67.37917397640791,67.37917397640791,0.3372870575442905
1.6632,-31.45652968629507,33.119729686295074,33.119729686295074,0.16579093380491883
6.378,71.24257583209938,-64.86457583209938,64.86457583209938,-0.32469946765639535
100.4255,57.05432626137441,43.371173738625586,43.371173738625586,0.21710767154351363
3.462,34.08727028164642,-30.62527028164642,30.62527028164642,-0.15330415453611662
34.146,55.355249641689795,-21.209249641689794,21.209249641689794,-0.10616938413155089
21.0128,37.270640106793216,-16.257840106793218,16.257840106793218,-0.08138358973598944
45.294,82.18157313674963,-36.88757313674964,36.88757313674964,-0.1846520262715068
1.1775,24.40048616293748,-23.22298616293748,23.22298616293748,-0.1162497580191697
0.1512,29.95502785982256,-29.80382785982256,29.80382785982256,-0.14919217332518583
107.4785,65.15478273562833,42.323717264371666,42.323717264371666,0.21186430788591634
12.358,26.173586080079726,-13.815586080079726,13.815586080079726,-0.06915814044902857
7.3788,26.529215683462528,-19.150415683462526,19.150415683462526,-0.09586326123390475
6.939,31.823533153217134,-24.884533153217134,24.884533153217134,-0.12456713952223207
2.232,-28.988160152609087,31.220160152609086,31.220160152609086,0.1562820576818298
-459.9875,-43.895754248658875,-416.09174575134114,416.09174575134114,-2.0828744597266247
2.205,-19.335648402144763,21.54064840214476,21.54064840214476,0.10782830195721045
3.51,-14.273833597364305,17.783833597364307,17.783833597364307,0.0890224167487201
93.6988,93.91983238340899,-0.221032383408982,0.221032383408982,-0.001106445179160557
2.79,31.056689940321096,-28.266689940321097,28.266689940321097,-0.14149755946586584
6.8724,28.774951797504585,-21.902551797504586,21.902551797504586,-0.10963992006014153
7.9724,36.60100237158822,-28.628602371588222,28.628602371588222,-0.14330922280079378
0.0,128.8781545279559,-128.8781545279559,128.8781545279559,-0.645139008942033
129.9974,122.01322505607595,7.984174943924046,7.984174943924046,0.03996722896451509
327.5818,241.03707487047575,86.54472512952424,86.54472512952424,0.43322608399944695
31.8892,34.83848392460833,-2.949283924608334,2.949283924608334,-0.014763542472962417
12.1348,36.758620816711485,-24.623820816711486,24.623820816711486,-0.12326206420509807
16.5531,39.04093030254239,-22.487830302542392,22.487830302542392,-0.11256971057489677
62.3904,52.445495235228904,9.944904764771096,9.944904764771096,0.04978226160567514
15.9446,34.90530681631107,-18.960706816311067,18.960706816311067,-0.09491361549301186
3.052,33.97206378956814,-30.92006378956814,30.92006378956814,-0.15477983357760933
25.1916,39.84478516416724,-14.65318516416724,14.65318516416724,-0.07335099877306485
23.3954,19.812101308548186,3.5832986914518123,3.5832986914518123,0.017937297248037897
7.5992,26.097191338168987,-18.497991338168987,18.497991338168987,-0.09259735168488939
28.8576,19.13475117773246,9.72284882226754,9.72284882226754,0.04867069268849797
17.3376,-11.688817490449061,29.02641749044906,29.02641749044906,0.14530060801626385
3.792,28.218720452939145,-24.426720452939144,24.426720452939144,-0.12227541806780705
34.2925,41.447446787645184,-7.154946787645187,7.154946787645187,-0.03581627387916331
81.1734,92.50394303261831,-11.330543032618309,11.330543032618309,-0.05671849763532125
99.23,64.77258988760465,34.45741011239535,34.45741011239535,0.17248710219386243
96.576,81.0722892767723,15.503710723227698,15.503710723227698,0.07760856452004417
329.994,140.76242295467642,189.2315770453236,189.2315770453236,0.9472565193279257
8.236,25.27353536071818,-17.03753536071818,17.03753536071818,-0.08528659273317192
23.028,20.846935953607634,2.1810640463923647,2.1810640463923647,0.010917982977661653
56.9772,47.01717977752442,9.960020222475585,9.960020222475585,0.049857926650995636
294.5488,133.84715326767775,160.70164673232227,160.70164673232227,0.8044412296868685
17.745,84.04684733502721,-66.3018473350272,66.3018473350272,-0.331894169631883
15.5092,-24.75295192849027,40.26215192849027,40.26215192849027,0.20154451224226227
-56.343,51.5472622986798,-107.8902622986798,107.8902622986798,-0.5400776970217084
8.3328,-12.45465889913409,20.78745889913409,20.78745889913409,0.10405798160076522
5.4896,31.150295215134697,-25.660695215134698,25.660695215134698,-0.1284524560464944
5.07,32.089948166148154,-27.019948166148154,27.019948166148154,-0.13525661230501795
10.248,33.44002424519047,-23.192024245190474,23.192024245190474,-0.11609476867281066
42.048,35.9301358779589,6.117864122041105,6.117864122041105,0.030624839492712278
24.196,72.60303114605011,-48.407031146050116,48.407031146050116,-0.24231619558623282
4.1748,27.619286673844357,-23.444486673844356,23.444486673844356,-0.11735854655365804
-3.0396,-160.35814251614426,157.31854251614425,157.31854251614425,0.7875060670973136
-1.4196,-23.101355586454833,21.681755586454834,21.681755586454834,0.1085346571139384
0.504,-14.439513370635716,14.943513370635715,14.943513370635715,0.07480432538279963
11.996,-4.936136091693232,16.93213609169323,16.93213609169323,0.08475898446464088
101.3832,144.12118528512036,-42.73798528512036,42.73798528512036,-0.2139380531325106
0.6696,-17.28648336521128,17.956083365211278,17.956083365211278,0.0898846656296597
-325.572,331.1615940137801,-656.73359401378,656.73359401378,-3.2874808111027463
-19.5624,-2.816547960179559,-16.74585203982044,16.74585203982044,-0.08382648268381464
22.6476,37.41003839905927,-14.762438399059267,14.762438399059267,-0.07389789924615212
2.3328,-19.361569862862375,21.694369862862374,21.694369862862374,0.10859780173150285
81.5949,48.513775026206105,33.08112497379389,33.08112497379389,0.1655976861125172
3.6288,-15.777278318985832,19.406078318985834,19.406078318985834,0.0971430587287489
41.993,28.01882184911597,13.974178150884033,13.974178150884033,0.0699520215513729
106.5408,137.06422538978416,-30.52342538978415,30.52342538978415,-0.15279433878927814
8.997,-7.64938986195444,16.64638986195444,16.64638986195444,0.08332859434043546
18.2112,35.87736159322154,-17.666161593221542,17.666161593221542,-0.08843337355198176
10.9584,78.36335574996401,-67.40495574996402,67.40495574996402,-0.3374161160949943
40.4973,-18.697701539734,59.195001539734,59.195001539734,0.29631867997754624
3.339,-19.00298965626874,22.341989656268737,22.341989656268737,0.11183966062698228
-63.0056,106.05084777330899,-169.056447773309,169.056447773309,-0.8462637409047867
8.2848,-10.18688329088739,18.47168329088739,18.47168329088739,0.0924656587101365
-2.61,-133.808332283446,131.19833228344598,131.19833228344598,0.6567533681267118
282.2092,209.623504663319,72.585695336681,72.585695336681,0.3633498921860877
1.0269,-13.977247321171625,15.004147321171624,15.004147321171624,0.07510784716195804
7.0173,-9.377487243128606,16.394787243128604,16.394787243128604,0.08206912050058227
9.0055,25.390541954235182,-16.385041954235184,16.385041954235184,-0.08202033747725622
67.86,3.0823061978638027,64.7776938021362,64.7776938021362,0.324264553089915
-3.3879,-136.53883571493617,133.15093571493617,133.15093571493617,0.6665277216411792
2.2044,-26.606406810708442,28.810806810708442,28.810806810708442,0.1442213028325835
12.5118,31.448102434008376,-18.936302434008375,18.936302434008375,-0.09479145189538535
14.3075,42.311933755172234,-28.004433755172236,28.004433755172236,-0.1401847559422931
-16.65,39.33757793217126,-55.987577932171256,55.987577932171256,-0.2802629403914284
12.0252,29.68299340410539,-17.65779340410539,17.65779340410539,-0.08839148402265999
88.074,24.69195262672016,63.38204737327984,63.38204737327984,0.3172782181501904
-192.0468,26.985632792468433,-219.03243279246843,219.03243279246843,-1.0964338148343344
118.9965,218.27644230997046,-99.27994230997047,99.27994230997047,-0.49697610758216704
10.2592,3.786153676147869,6.473046323852131,6.473046323852131,0.032402812606227877
5.9598,-10.594496697523184,16.554296697523185,16.554296697523185,0.08286759384699166
33.7212,-3.860536353730069,37.58173635373007,37.58173635373007,0.1881268725050446
1.4364,-15.34525397369229,16.78165397369229,16.78165397369229,0.084005700210795
13.128,-17.26618134727982,30.39418134727982,30.39418134727982,0.15214736821619457
14.682,-7.633689851111441,22.315689851111443,22.315689851111443,0.11170800891070273
1.323,-24.41323365867711,25.73623365867711,25.73623365867711,0.12883058682267187
-4.0158,-133.4292309204509,129.41343092045088,129.41343092045088,0.6478184985935501
-3.7296,-136.4950932499752,132.7654932499752,132.7654932499752,0.6645982715279317
-72.039,67.78076162696487,-139.81976162696486,139.81976162696486,-0.6999105688386063
10.0792,3.462135417177713,6.617064582822287,6.617064582822287,0.033123740037272136
16.4403,5.700162407616027,10.740137592383974,10.740137592383974,0.05376304267880151
11.7782,33.558830940146194,-21.780630940146196,21.780630940146196,-0.109029607929481
6.4428,-25.92380834514465,32.36660834514465,32.36660834514465,0.16202095465350658
51.4975,121.79100519441262,-70.29350519441262,70.29350519441262,-0.3518756335570278
4.995,-14.766341350998946,19.761341350998947,19.761341350998947,0.0989214364625561
200.49,173.40871171454341,27.081288285456594,27.081288285456594,0.13556366902788908
0.0,36.88080857607468,-36.88080857607468,36.88080857607468,-0.18461816419468113
306.4894,204.48241495432583,102.00698504567416,102.00698504567416,0.5106271538304498
4.3254,-18.298789973440265,22.624189973440266,22.624189973440266,0.11325230060161565
-15.7176,35.98074876924043,-51.698348769240425,51.698348769240425,-0.25879189231944333
8.9206,32.46436926540255,-23.543769265402553,23.543769265402553,-0.11785553592286226
6.156,-26.208944413038388,32.36494441303839,32.36494441303839,0.16201262533257618
257.712,195.62512539432387,62.086874605676115,62.086874605676115,0.31079483484321324
329.994,140.76242295467642,189.2315770453236,189.2315770453236,0.9472565193279257
4.536,-36.04592743264571,40.58192743264571,40.58192743264571,0.20314524630452752
10.744,-22.00074552624376,32.74474552624376,32.74474552624376,0.1639138359346821
423.0085,282.73304363408874,140.27545636591128,140.27545636591128,0.7021916881899872
7.4592,36.80542345411829,-29.34622345411829,29.34622345411829,-0.14690149455293883
119.2,114.87661333302326,4.323386666976745,4.323386666976745,0.021642033902662335
18.4604,21.442883642796318,-2.9824836427963177,2.9824836427963177,-0.014929733813670236
26.649,39.79157260248992,-13.14257260248992,13.14257260248992,-0.06578916570286447
9.3812,32.64077920639742,-23.25957920639742,23.25957920639742,-0.116432935687087
-209.994,115.78369758563322,-325.77769758563323,325.77769758563323,-1.6307798767418171
-34.9176,66.04513840433785,-100.96273840433784,100.96273840433784,-0.5053998579729767
0.8288,-17.21735946996431,18.046159469964312,18.046159469964312,0.09033556911413756
6.8904,-17.184167162582924,24.074567162582923,24.074567162582923,0.12051260709671414
113.998,146.5227475585903,-32.524747558590306,32.524747558590306,-0.16281256883987416
-109.5822,100.78440056327182,-210.36660056327182,210.36660056327182,-1.0530543419013239
36.1827,32.435700708457404,3.7469992915425934,3.7469992915425934,0.018756750655736048
70.0977,56.86193454590102,13.235765454098981,13.235765454098981,0.06625567101672283
10.647,10.059288051627874,0.5877119483721263,0.5877119483721263,0.0029419718594274205
2.245,-16.350430617075265,18.595430617075266,18.595430617075266,0.09308511378899359
0.0628,30.178240438224226,-30.115440438224226,30.115440438224226,-0.15075204536665207
14.4222,115.58585329988016,-101.16365329988015,101.16365329988015,-0.5064055989153933
-36.294,93.24641936799789,-129.54041936799788,129.54041936799788,-0.6484541780963924
38.178,45.61468161828915,-7.43668161828915,7.43668161828915,-0.037226583718653374
0.0,116.41649054461587,-116.41649054461587,116.41649054461587,-0.5827583395304711
318.3016,147.68324291528168,170.61835708471833,170.61835708471833,0.8540823555405307
15.378,26.45260180308181,-11.074601803081809,11.074601803081809,-0.05543730555295972
40.4012,29.710566268700624,10.690633731299378,10.690633731299378,0.05351523596558549
14.501,44.402642007014116,-29.901642007014118,29.901642007014118,-0.1496818119471137
-53.7088,-169.4483025771515,115.73950257715151,115.73950257715151,0.5793694692599793
2.178,32.9010034335279,-30.723003433527897,30.723003433527897,-0.1537933877112543
0.0,24.91351507297356,-24.91351507297356,24.91351507297356,-0.12471221738323482
-6.237,-160.03844450062704,153.80144450062704,153.80144450062704,0.7699001575745281
51.4975,121.79100519441262,-70.29350519441262,70.29350519441262,-0.3518756335570278
0.8988,-18.756735779451418,19.65553577945142,19.65553577945142,0.09839179432251513
89.5888,48.17995796281462,41.40884203718539,41.40884203718539,0.20728462019924523
-269.3376,-4.0652215185219305,-265.2723784814781,265.2723784814781,-1.3279020015460725
10.9193,7.782378870113142,3.136921129886858,3.136921129886858,0.01570281787690825
14.5638,-13.373712437093879,27.93751243709388,27.93751243709388,0.13984976082244288
3.9498,-18.644409449675095,22.594209449675095,22.594209449675095,0.11310222392290878
2.7664,25.038731692199807,-22.272331692199806,22.272331692199806,-0.1114909663888552
-182.352,-92.55861193849942,-89.79338806150058,89.79338806150058,-0.44948825963346656
38.08,71.89019097631576,-33.810190976315766,33.810190976315766,-0.16924724891113926
55.9224,45.1618465372153,10.760553462784706,10.760553462784706,0.05386524056055471
63.7776,35.011645867270154,28.765954132729846,28.765954132729846,0.1439967790385744
27.0882,28.662115478150056,-1.573915478150056,1.573915478150056,-0.007878715174432425
16.7972,2.101681374956339,14.695518625043661,14.695518625043661,0.07356291185558013
5.6644,31.12869399787002,-25.46429399787002,25.46429399787002,-0.12746930970082215
5.664,25.247543459091688,-19.583543459091686,19.583543459091686,-0.09803141475020957
42.1176,131.0261047338198,-88.9085047338198,88.9085047338198,-0.44505870557024885
7.6284,-16.380601880336933,24.009001880336932,24.009001880336932,0.12018440002885139
-63.1092,-133.6916935259601,70.58249352596009,70.58249352596009,0.3533222530131584
6.799,1.9386000003513715,4.860399999648629,4.860399999648629,0.024330218339330745
3.21,-18.756735779451418,21.96673577945142,21.96673577945142,0.10996121260700333
-26.733,-136.3840661195321,109.65106611953209,109.65106611953209,0.548891938939485
3.7224,-14.633713003291163,18.356113003291163,18.356113003291163,0.09188713629820358
3.9072,-14.190168008789797,18.097368008789797,18.097368008789797,0.0905919091130167
2.99,-15.92128643408368,18.911286434083678,18.911286434083678,0.09466622665874051
-19.5624,-2.816547960179559,-16.74585203982044,16.74585203982044,-0.08382648268381464
-36.4704,36.15809007353743,-72.62849007353742,72.62849007353742,-0.36356411432656305
11.0704,-16.321488112237937,27.391888112237936,27.391888112237936,0.13711847143145559
0.3822,-19.819515668873535,20.201715668873536,20.201715668873536,0.10112586476181074
-20.6176,-161.45901411515842,140.84141411515841,140.84141411515841,0.7050247627540179
37.758,50.35996814923321,-12.601968149233208,12.601968149233208,-0.06308300481406906
2.6536,30.588663566253093,-27.935063566253092,27.935063566253092,-0.1398375022506699
67.1916,69.28263447309038,-2.0910344730903887,2.0910344730903887,-0.010467312420589764
107.082,93.30059748848825,13.781402511511743,13.781402511511743,0.06898702414441647
217.767,147.83647067604312,69.93052932395688,69.93052932395688,0.35005864685207855
210.594,273.78012047189173,-63.18612047189174,63.18612047189174,-0.3162974461376677
190.3728,112.06599757176654,78.30680242823347,78.30680242823347,0.3919886430482036
48.9902,17.93825379226664,31.051946207733362,31.051946207733362,0.15544001134678692
-16.467,-164.80785239085,148.34085239085,148.34085239085,0.7425654941100999
18.093,28.963743310100526,-10.870743310100526,10.870743310100526,-0.05441682953351274
1.2432,-19.96640394627334,21.20960394627334,21.20960394627334,0.10617115771147782
5.4432,-17.806282219805624,23.249482219805625,23.249482219805625,0.11638239213339484
0.8288,-17.21735946996431,18.046159469964312,18.046159469964312,0.09033556911413756
25.5968,5.394794762699707,20.202005237300295,20.202005237300295,0.1011273142851108
3.6288,-15.777278318985832,19.406078318985834,19.406078318985834,0.0971430587287489
-1.1996,-9.006016747085045,7.806416747085045,7.806416747085045,0.0390774059579701
75.6952,42.165601189300126,33.52959881069987,33.52959881069987,0.1678426590308344
18.396,-14.793350688323136,33.18935068832314,33.18935068832314,0.16613944301824865
21.1428,77.92318273239741,-56.780382732397406,56.780382732397406,-0.2842315672310643
-6.952,-138.4193312470613,131.4673312470613,131.4673312470613,0.6580999246896054
-68.392,74.92205361375827,-143.31405361375826,143.31405361375826,-0.7174023158113253
-3.2175,-70.54840253947174,67.33090253947174,67.33090253947174,0.3370454201069818
-9.7972,-56.77675779510348,46.979557795103474,46.979557795103474,0.23517054125642073
2.37,-13.3162500728725,15.6862500728725,15.6862500728725,0.07852232104886865
-211.47,-33.1226780808601,-178.34732191913992,178.34732191913992,-0.8927720522675657
52.9173,64.06665145677363,-11.14935145677363,11.14935145677363,-0.05581148780035558
9.3312,29.584997444929975,-20.253797444929972,20.253797444929972,-0.10138657601665495
3.2406,30.8154763475322,-27.5748763475322,27.5748763475322,-0.13803447499465205
-448.896,47.72887803938768,-496.6248780393877,496.6248780393877,-2.4860076776222773
10.098,11.440255434507353,-1.3422554345073525,1.3422554345073525,-0.006719069992403512
5.2312,-14.746180214885246,19.977380214885248,19.977380214885248,0.10000288505290147
-6.1248,-138.91831936587536,132.79351936587537,132.79351936587537,0.6647385648204804
-42.8967,35.553044667399824,-78.44974466739983,78.44974466739983,-0.39270418413311053
16.6536,34.22644943544248,-17.572849435442482,17.572849435442482,-0.08796627101460978
30.7008,34.63687256347134,-3.936072563471342,3.936072563471342,-0.019703214730398766
35.9976,44.193531573270675,-8.195931573270677,8.195931573270677,-0.04102724152051393
7.92,-24.9301523509695,32.8501523509695,32.8501523509695,0.16444148202558373
9.352,-21.720281906347363,31.072281906347364,31.072281906347364,0.1555418079041479
1.2112,34.49848389115965,-33.28728389115965,33.28728389115965,-0.1666296776096104
16.2204,36.513587882575166,-20.293187882575165,20.293187882575165,-0.10158375689651228
13.4292,35.40933521915354,-21.98013521915354,21.98013521915354,-0.1100282875995144
46.3185,-1.8255608055797232,48.14406080557973,48.14406080557973,0.24099981713983432
-14.196,-11.102785044839326,-3.093214955160674,3.093214955160674,-0.015484033255489875
1.8792,-13.748274418166048,15.627474418166049,15.627474418166049,0.07822810153768676
16.3737,-6.25510954417175,22.62880954417175,22.62880954417175,0.11327542527541598
1.6416,-19.6207844700385,21.2623844700385,21.2623844700385,0.10643536676163079
13.1956,-9.006016747085045,22.201616747085048,22.201616747085048,0.11113698110891522
2.726,21.8533426271443,-19.1273426271443,19.1273426271443,-0.09574776199556662
37.0,33.48199792129549,3.5180020787045123,3.5180020787045123,0.01761043508750062
12.599,18.643541351701685,-6.044541351701685,6.044541351701685,-0.03025779994622811
9.3444,-15.430148320691139,24.77454832069114,24.77454832069114,0.12401657681349088
9.8658,-15.706643901679008,25.57244390167901,25.57244390167901,0.12801068711281305
-25.3764,-5.460361486968498,-19.916038513031502,19.916038513031502,-0.09969582040811593
356.225,276.6577012783983,79.56729872160173,79.56729872160173,0.3982984426605367
6.2608,31.668724429486947,-25.407924429486947,25.407924429486947,-0.12718713459042935
1.0287,-14.132776085477296,15.161476085477297,15.161476085477297,0.0758954043973483
9.072,-21.86429002144521,30.93629002144521,30.93629002144521,0.15486105894268673
16.7034,164.57596615927358,-147.8725661592736,147.8725661592736,-0.7402213441923194
8.4966,29.206976142798126,-20.710376142798125,20.710376142798125,-0.10367212029470255
15.5344,-6.691876778371515,22.226276778371513,22.226276778371513,0.11126042443569857
-0.6624,-14.151497140440014,13.489097140440014,13.489097140440014,0.06752380023271201
1.0348,-16.497318894475075,17.532118894475076,17.532118894475076,0.08776238183781616
15.8756,-8.850487982779367,24.72608798277937,24.72608798277937,0.12377399377458949
6.6312,-14.106784183850802,20.737984183850802,20.737984183850802,0.1038103207857694
-18.222,-6.916001766972215,-11.305998233027786,11.305998233027786,-0.05659563113602578
6.0368,-14.538808529144344,20.575608529144343,20.575608529144343,0.10299749979731465
13.9986,11.155119366613611,2.8434806333863882,2.8434806333863882,0.01423391174778839
5.842,31.333905561884453,-25.491905561884455,25.491905561884455,-0.1276075278271513
2.3521,32.994608708341495,-30.642508708341495,30.642508708341495,-0.15339044675184949
23.808,37.409028779104915,-13.601028779104915,13.601028779104915,-0.06808410827484701
6.4206,30.071024833385213,-23.650424833385213,23.650424833385213,-0.1183894329799586
-8.6457,-135.30432614825986,126.65862614825986,126.65862614825986,0.6340284809829659
0.3336,-16.842938370709906,17.176538370709906,17.176538370709906,0.08598241480196611
14.547,-12.548545937583214,27.095545937583214,27.095545937583214,0.13563504006510246
17.6088,24.089859095522755,-6.481059095522756,6.481059095522756,-0.03244292298485178
44.985,47.15376834839739,-2.1687683483973927,2.1687683483973927,-0.010856433101751488
3.4668,28.396930495372732,-24.930130495372733,24.930130495372733,-0.12479539096047153
12.0609,34.126653374828344,-22.065753374828343,22.065753374828343,-0.11045687545679557
0.8856,-19.18876012474496,20.07436012474496,20.07436012474496,0.10048834764478404
0.8856,-19.18876012474496,20.07436012474496,20.07436012474496,0.10048834764478404
22.8904,38.97151682791656,-16.08111682791656,16.08111682791656,-0.08049894732774684
-32.508,-141.868294291072,109.360294291072,109.360294291072,0.5474363916442269
-9.1648,-174.45978498255658,165.29498498255657,165.29498498255657,0.8274345887813214
13.2,-33.737406906718334,46.93740690671834,46.93740690671834,0.23495954209633488
24.219,18.000687271336915,6.218312728663086,6.218312728663086,0.03112766570684507
20.6336,37.409028779104915,-16.775428779104914,16.775428779104914,-0.08397453809584013
6.74,31.474313474104854,-24.73431347410485,24.73431347410485,-0.12381516898648803
9.3125,-21.16585066322065,30.47835066322065,30.47835066322065,0.15256870346318258
124.2,85.79891737791917,38.401082622080835,38.401082622080835,0.19222836077883504
14.9814,-25.01504669796835,39.99644669796835,39.99644669796835,0.20021444346747672
11.1776,30.309428704781027,-19.13182870478103,19.13182870478103,-0.0957702184288636
4.1124,27.694890934270727,-23.582490934270727,23.582490934270727,-0.11804936907612003
-20.1362,-2.381643452584054,-17.754556547415945,17.754556547415945,-0.08887586152330108
-19.5492,-54.737602885317955,35.188402885317956,35.188402885317956,0.17614631003086464
15.8256,36.25977357971521,-20.434173579715207,20.434173579715207,-0.10228950391206408
9.7911,30.184431224024767,-20.393331224024767,20.393331224024767,-0.10208505501248527
-3.5996,28.269184646659575,-31.868784646659574,31.868784646659574,-0.15952894591358585
944.9865,477.4910494860961,467.4954505139039,467.4954505139039,2.3401914213787647
24.47,40.81964966247079,-16.34964966247079,16.34964966247079,-0.08184317053909901
24.2352,37.419482116008055,-13.184282116008056,13.184282116008056,-0.06599795542609647
621.9744,489.63051221512063,132.3438877848793,132.3438877848793,0.6624877964601226
10.4875,27.712672810187975,-17.225172810187974,17.225172810187974,-0.08622586935949182
13.846,-12.287750367438345,26.133750367438346,26.133750367438346,0.13082047825514495
20.1248,38.58111395418363,-18.456313954183628,18.456313954183628,-0.09238872279585778
-64.4274,30.93902465966479,-95.3664246596648,95.3664246596648,-0.4773857983661262
14.2992,-9.165795313934773,23.46499531393477,23.46499531393477,0.1174612088224587
4.6548,-13.157700264447108,17.81250026444711,17.81250026444711,0.08916591651607175
10.794,1.5961424500540193,9.197857549945981,9.197857549945981,0.04604268835084058
97.4586,118.42000344591469,-20.961403445914684,20.961403445914684,-0.10492871421586146
189.4046,169.21302746542426,20.191572534575727,20.191572534575727,0.10107509020166575
223.2855,158.76005754922926,64.52544245077075,64.52544245077075,0.32300183182097497
4.494,34.70650517656716,-30.212505176567163,30.212505176567163,-0.151237932593445
82.0776,84.35725526397195,-2.2796552639719465,2.2796552639719465,-0.011411511463017818
5.798,15.21779961625053,-9.419799616250529,9.419799616250529,-0.04715368722588424
19.041,13.813432186397012,5.227567813602988,5.227567813602988,0.026168189099212674
58.65,82.26474691069134,-23.614746910691345,23.614746910691345,-0.11821083622884793
-127.5792,70.87625064558289,-198.45545064558289,198.45545064558289,-0.9934294389734117
33.5895,-15.470479680391236,49.05997968039124,49.05997968039124,0.2455847291238046
11.895,-14.017428711581253,25.912428711581253,25.912428711581253,0.12971258503429595
0.4984,32.33037127745268,-31.831971277452677,31.831971277452677,-0.1593446653377742
12.4416,27.789286690568694,-15.347686690568695,15.347686690568695,-0.07682753851785282
21.4074,35.54930485443397,-14.141904854433971,14.141904854433971,-0.07079162885097812
0.5992,-16.410914025416364,17.010114025416364,17.010114025416364,0.0851493268548291
199.2606,87.7904009121613,111.47019908783871,111.47019908783871,0.5579981652398665
2.64,-16.12289779522067,18.76289779522067,18.76289779522067,0.0939234219548326
3.9296,-16.494297850355352,20.423897850355353,20.423897850355353,0.10223806560679308
4.9648,26.205197424492372,-21.24039742449237,21.24039742449237,-0.10632530388227665
152.0232,123.82030776208398,28.202892237916018,28.202892237916018,0.14117820055936114
4.2336,27.640887891109035,-23.407287891109036,23.407287891109036,-0.11717233667258384
94.962,55.04721315719816,39.914786842801846,39.914786842801846,0.1998056700937003
9.63,24.013464353612015,-14.383464353612014,14.383464353612014,-0.07200082878459799
48.94,46.667169616927765,2.2728303830722325,2.2728303830722325,0.01137734743486335
47.8629,53.65889667100269,-5.795996671002683,5.795996671002683,-0.029013633550679777
6.7236,30.740662568590203,-24.0170625685902,24.0170625685902,-0.12022475026858094
-4.8588,-13.339335043350609,8.48053504335061,8.48053504335061,0.042451911211830805
-15.1767,-52.39560047263033,37.218900472630324,37.218900472630324,0.18631058655962066
0.0,103.84020909358568,-103.84020909358568,103.84020909358568,-0.5198039173383552
6.549,85.34804384440368,-78.79904384440367,78.79904384440367,-0.3944527079671296
34.742,-6.31580427523949,41.05780427523949,41.05780427523949,0.20552739334669995
10.0116,-18.228155556133437,28.23975555613344,28.23975555613344,0.14136273117021764
2.87,-30.801292762599864,33.67129276259986,33.67129276259986,0.16855195143214674
13.4386,10.00305444583083,3.4355455541691686,3.4355455541691686,0.01719767374160474
-22.512,-173.17523259588378,150.66323259588378,150.66323259588378,0.7541908783294021
239.985,112.48506900244465,127.49993099755537,127.49993099755537,0.6382398896478448
60.5488,65.04418606638185,-4.495386066381855,4.495386066381855,-0.02250302948781224
66.3264,59.839873668563406,6.4865263314366,6.4865263314366,0.03247029090590891
14.651,25.543550576526645,-10.892550576526645,10.892550576526645,-0.05452599247351146
21.0,41.12443814862938,-20.12443814862938,20.12443814862938,-0.10073902850545358
-14.3313,-133.96937092130284,119.63807092130284,119.63807092130284,0.5988849451530873
76.7904,39.62292532279164,37.16747467720837,37.16747467720837,0.18605315901641836
1.551,-13.176491760318708,14.727491760318708,14.727491760318708,0.0737229631604709
8.217,24.643499857165097,-16.426499857165098,16.426499857165098,-0.08222786768675512
9.504,26.92523799998161,-17.421237999981614,17.421237999981614,-0.08720733361691228
287.982,108.74682056975847,179.23517943024154,179.23517943024154,0.8972164945152982
4.6644,-18.022294392452395,22.686694392452395,22.686694392452395,0.11356518558265591
19.1976,13.951827402722694,5.245772597277307,5.245772597277307,0.02625931871028347
126.3942,57.77392855992368,68.62027144007632,68.62027144007632,0.34349975038307434
23.9904,29.900586539720905,-5.910186539720904,5.910186539720904,-0.029585245853834798
57.358,57.036325246987175,0.32167475301282167,0.32167475301282167,0.0016102413331450156
-13.734,-159.03182777609308,145.29782777609307,145.29782777609307,0.7273327039499595
-62.3792,-153.39902079494968,91.01982079494968,91.01982079494968,0.45562754368117375
39.6312,40.64482068444467,-1.0136206844446676,1.0136206844446676,-0.005073988265900643
191.968,113.3384501504738,78.62954984952619,78.62954984952619,0.3936042539504082
49.8042,75.89260695608158,-26.088406956081577,26.088406956081577,-0.13059349794516223
32.6332,36.80134911798176,-4.168149117981756,4.168149117981756,-0.020864944884930525
1.4784,-19.845437129591147,21.323837129591148,21.323837129591148,0.10674298683910517
-81.8544,9.338087886893824,-91.19248788689382,91.19248788689382,-0.4564918816054849
18.018,-34.323449494257694,52.341449494257695,52.341449494257695,0.2620111296363274
6.8016,-19.80072417300193,26.602324173001932,26.602324173001932,0.13316606771244835
-337.806,294.8197060876873,-632.6257060876873,632.6257060876873,-3.1668014067359542
-20.1528,-49.280485804593894,29.127685804593895,29.127685804593895,0.14580753752704032
-8.0775,89.7924020196709,-97.8699020196709,97.8699020196709,-0.48991771976784687
-15.4581,-19.35984801807588,3.90174801807588,3.90174801807588,0.019531392723170917
35.76,82.38880394067277,-46.628803940672775,46.628803940672775,-0.2334147355897518
17.8794,-8.344949057877045,26.224349057877046,26.224349057877046,0.1312739977020609
7.8225,-16.099786055896132,23.92228605589613,23.92228605589613,0.11975031745493313
7.4985,-7.4824813302587,14.9809813302587,14.9809813302587,0.07499188271108997
1.7514,-34.77577585748269,36.52717585748269,36.52717585748269,0.18284794749319644
0.3492,-14.122695517420446,14.471895517420446,14.471895517420446,0.07244349801421197
1.41,-25.176476668695702,26.586476668695703,26.586476668695703,0.13308673818402847
0.8988,-18.756735779451418,19.65553577945142,19.65553577945142,0.09839179432251513
15.5376,-38.659463398945,54.197063398945,54.197063398945,0.2712999724183626
110.1195,137.8222703307405,-27.702770330740506,27.702770330740506,-0.13867468743312825
-21.681,-176.0877262828289,154.40672628282888,154.40672628282888,0.7729300806094336
-16.5396,-161.83775545786577,145.29815545786576,145.29815545786576,0.7273343442612664
-52.8908,-17.5097734001541,-35.381026599845896,35.381026599845896,-0.17711054693155934
449.991,209.0543204041381,240.93667959586188,240.93667959586188,1.2060822197647265
213.7044,165.15660844249678,48.54779155750322,48.54779155750322,0.24302081486539412
55.016,16.045775837154274,38.970224162845724,38.970224162845724,0.19507737278480036
0.0,37.47994368831791,-37.47994368831791,37.47994368831791,-0.18761731819367117
3.3088,30.315048147567182,-27.00624814756718,27.00624814756718,-0.1351880326730222
0.2016,24.030674886514873,-23.829074886514874,23.829074886514874,-0.1192837204458651
56.9772,47.01717977752442,9.960020222475585,9.960020222475585,0.049857926650995636
4.7976,-11.969633314889862,16.76723331488986,16.76723331488986,0.08393351319382407
22.518,-27.5696097779864,50.0876097779864,50.0876097779864,0.25072884579082083
-3.5154,-130.50593662487347,126.99053662487347,126.99053662487347,0.6356899603603227
-320.2395,-127.73922438561857,-192.50027561438145,192.50027561438145,-0.9636189894695569
3.21,-18.756735779451418,21.96673577945142,21.96673577945142,0.10996121260700333
-6.0237,-135.91996084030316,129.89626084030317,129.89626084030317,0.650235451389949
30.2384,36.78856385403048,-6.55016385403048,6.55016385403048,-0.03278884798339124
7.0713,-16.834227442895155,23.905527442895156,23.905527442895156,0.1196664270933564
3.9771,-18.484560441916486,22.461660441916486,22.461660441916486,0.11243870933570162
172.4814,123.30662143663794,49.17477856336207,49.17477856336207,0.24615939003401643
9.936,32.77398671286293,-22.83798671286293,22.83798671286293,-0.11432252555239468
3.285,28.056711323454067,-24.771711323454067,24.771711323454067,-0.12400237535636574
4.6644,-18.022294392452395,22.686694392452395,22.686694392452395,0.11356518558265591
-55.256,22.14293854857938,-77.39893854857938,77.39893854857938,-0.3874440528054308
1416.8,568.66813742815,848.13186257185,848.13186257185,4.245583367296548
18.3908,37.51703486542829,-19.126234865428295,19.126234865428295,-0.09574221675558219
170.5113,131.92616454065407,38.585135459345935,38.585135459345935,0.19314969353271474
15.552,25.993575936207417,-10.441575936207418,10.441575936207418,-0.05226850101905068
16.196,93.04735452864269,-76.85135452864269,76.85135452864269,-0.3847029535615103
4630.4755,1721.2481063608752,2909.2273936391243,2909.2273936391243,14.563027259303562
6.47,31.377107996413805,-24.907107996413806,24.907107996413806,-0.12468014480245404
-5.2072,-154.34810471435338,149.14090471435338,149.14090471435338,0.7465704006435402
-1.11,-154.67572317620096,153.56572317620095,153.56572317620095,0.7687201824097397
47.5072,-9.1035196198983,56.6107196198983,56.6107196198983,0.28338226664437755
7.0048,31.91353822515329,-24.90873822515329,24.90873822515329,-0.1246883054108767
17.9955,2.2642696631991477,15.731230336800852,15.731230336800852,0.0787474835133606
4.644,-15.166683910970963,19.810683910970965,19.810683910970965,0.09916843573373287
-6.8992,-156.9416204263567,150.0424204263567,150.0424204263567,0.7510832131920884
0.2792,31.56071834316356,-31.28151834316356,31.28151834316356,-0.1565892048658485
-14.1639,-62.362402118552346,48.19850211855235,48.19850211855235,0.24127233977817672
19.9746,42.364927178379574,-22.390327178379575,22.390327178379575,-0.11208162887383931
20.9274,60.987986181924335,-40.060586181924336,40.060586181924336,-0.20053551326603936
8.4966,29.206976142798126,-20.710376142798125,20.710376142798125,-0.10367212029470255
0.9512,32.60038649326114,-31.64918649326114,31.64918649326114,-0.1584296802112807
2.9889,-19.011630143174607,22.000530143174608,22.000530143174608,0.11013038062775951
13.8579,7.903486568613097,5.954413431386904,5.954413431386904,0.02980663708311253
381.2375,193.07502216784715,188.16247783215286,188.16247783215286,0.9419048163230842
0.99,-17.073351354866464,18.063351354866462,18.063351354866462,0.09042162835069509
9.3312,29.584997444929975,-20.253797444929972,20.253797444929972,-0.10138657601665495
54.5832,96.11630834319557,-41.53310834319557,41.53310834319557,-0.20790667319028888
29.7024,-18.965195341798896,48.6675953417989,48.6675953417989,0.24362052933951203
-1.428,-20.140583324632857,18.712583324632856,18.712583324632856,0.09367155748789203
16.848,23.938650574670014,-7.090650574670015,7.090650574670015,-0.035494419525572835
17.6673,32.85218155621239,-15.184881556212392,15.184881556212392,-0.07601256763769083
9.4366,-12.957599425369981,22.394199425369983,22.394199425369983,0.1121010125901481
9.6957,32.54976451450691,-22.85406451450691,22.85406451450691,-0.11440300790455557
-2.2758,-4.219116560323712,1.9433165603237126,1.9433165603237126,0.009727865241241713
18.0378,27.038425252151185,-9.000625252151185,9.000625252151185,-0.045055381777459325
7.5762,-17.369726308332503,24.945926308332503,24.945926308332503,0.12487446173205127
-944.9946,381.88102719730637,-1326.8756271973064,1326.8756271973064,-6.642081664303499
21.2512,36.314567104361274,-15.063367104361273,15.063367104361273,-0.0754042898940616
-23.892,-163.9978067434246,140.1058067434246,140.1058067434246,0.7013424551316826
4.0338,-18.454318737745936,22.488118737745936,22.488118737745936,0.11257115442550156
5.6376,-17.806282219805624,23.443882219805623,23.443882219805623,0.11735552077414617
21.6,16.412997802383146,5.187002197616856,5.187002197616856,0.025965125504841143
90.2871,63.88233015692109,26.404769843078903,26.404769843078903,0.132177149108783
42.045,-6.347415619652136,48.39241561965214,48.39241561965214,0.24224303309992867
204.7682,297.7780723204664,-93.00987232046637,93.00987232046637,-0.46558935508061405
12.53,18.74794850687698,-6.217948506876981,6.217948506876981,-0.03112584248332838
-10.386,-168.3201398771776,157.9341398771776,157.9341398771776,0.7905876279162052
2.337,-13.874860677634388,16.211860677634387,16.211860677634387,0.0811534256444264
13.846,-12.287750367438345,26.133750367438346,26.133750367438346,0.13082047825514495
8.694,29.487791967238927,-20.793791967238924,20.793791967238924,-0.10408968370959569
26.4132,18.648723789277227,7.764476210722773,7.764476210722773,0.03886745977925302
5.733,16.53022353437013,-10.79722353437013,10.79722353437013,-0.05404880381630665
2.3814,27.67328971700605,-25.29188971700605,25.29188971700605,-0.12660628735773127
-13.5882,7.060898213472925,-20.649098213472925,20.649098213472925,-0.10336537488280806
64.518,84.15507255982058,-19.63707255982058,19.63707255982058,-0.09829937103124327
-15.1311,-158.92274162890646,143.79164162890646,143.79164162890646,0.7197930286509359
1.2005,-12.211707830072008,13.412207830072008,13.412207830072008,0.06713890727959099
-2.07,-4.7448870622486155,2.6748870622486156,2.6748870622486156,0.013389965077414339
-58.3056,23.07913217853315,-81.38473217853314,81.38473217853314,-0.40739616153707825
9.8685,-21.26665634378914,31.13515634378914,31.13515634378914,0.1558565451255765
5.4432,-17.806282219805624,23.249482219805625,23.249482219805625,0.11638239213339484
1.6524,-19.724470312908956,21.376870312908956,21.376870312908956,0.1070084606539034
-27.9312,-133.44025066755324,105.50905066755324,105.50905066755324,0.5281578141104971
-1.9656,-136.82883205671448,134.86323205671448,134.86323205671448,0.6750991445405529
0.5998,-9.006016747085045,9.605816747085045,9.605816747085045,0.04808485285183824
-19.9824,-141.52904561078157,121.54664561078157,121.54664561078157,0.6084388993369599
5.1012,-17.780360759088012,22.88156075908801,22.88156075908801,0.1145406487642005
3.7236,28.396930495372732,-24.67333049537273,24.67333049537273,-0.12350990003997284
134.9925,123.28567763478321,11.706822365216794,11.706822365216794,0.05860207888776151
5.8708,33.112405783342865,-27.241605783342866,27.241605783342866,-0.13636618728306768
7.5992,26.097191338168987,-18.497991338168987,18.497991338168987,-0.09259735168488939
315.8118,147.04161632161188,168.77018367838812,168.77018367838812,0.8448307584480672
-14.7931,-2.021270960295036,-12.771829039704965,12.771829039704965,-0.0639332954388715
14.7546,-8.024828396906537,22.77942839690654,22.77942839690654,0.11402939399678085
9.3312,29.584997444929975,-20.253797444929972,20.253797444929972,-0.10138657601665495
8.2992,28.86934755380255,-20.57014755380255,20.57014755380255,-0.10297016321546518
-65.0352,60.403014567775514,-125.43821456777552,125.43821456777552,-0.6279193376574829
10.8864,-23.893293922264995,34.779693922265,34.779693922265,0.17410039234733266
17.8152,-10.738363930803267,28.553563930803268,28.553563930803268,0.1429335949413022
0.9772,23.032189931037948,-22.054989931037948,22.054989931037948,-0.1104029957478164
6.532,31.603920777692917,-25.071920777692917,25.071920777692917,-0.12550516557315666
6.2208,31.380708199291252,-25.15990819929125,25.15990819929125,-0.12594561351545708
28.0032,39.54956852821665,-11.546368528216654,11.546368528216654,-0.05779887814546066
15.764,39.18234783471714,-23.418347834717142,23.418347834717142,-0.11722770060205989
163.787,133.55863740710592,30.228362592894086,30.228362592894086,0.1513173117395152
60.2553,48.22144764003017,12.033852359969828,12.033852359969828,0.06023912752088362
21.7845,28.504717443226134,-6.720217443226133,6.720217443226133,-0.0336401032205767
5.4288,-35.68302698259913,41.11182698259913,41.11182698259913,0.20579782052665158
-6.36,-165.84111061667704,159.48111061667703,159.48111061667703,0.7983314629625589
115.1856,80.71946939478255,34.466130605217444,34.466130605217444,0.17253075528710649
7.668,29.152973099636434,-21.484973099636434,21.484973099636434,-0.10754960220693603
10.3473,88.17289897105053,-77.82559897105052,77.82559897105052,-0.3895798320080118
20.485,46.759984410257,-26.274984410256998,26.274984410256998,-0.1315274684409265
9.816,34.868866510596646,-25.052866510596644,25.052866510596644,-0.1254097836130748
-10.6547,-171.2913168710251,160.6366168710251,160.6366168710251,0.8041157028322781
-3.2934,-154.39634743291117,151.10294743291118,151.10294743291118,0.7563920053956299
0.6696,-16.03649292616196,16.706092926161958,16.706092926161958,0.08362745628344448
4.4955,33.808254558644336,-29.312754558644336,29.312754558644336,-0.14673395576302103
5039.9856,1916.186710602985,3123.798889397015,3123.798889397015,15.637130489812094
6.6,-22.728338712032294,29.32833871203229,29.32833871203229,0.14681196700789592
160.1766,154.41044113025984,5.766158869740167,5.766158869740167,0.028864271313099522
22.8582,34.2569716315192,-11.3987716315192,11.3987716315192,-0.05706003674904961
15.0742,38.40470401318876,-23.330504013188765,23.330504013188765,-0.11678797149381753
10.374,24.607497828390635,-14.233497828390634,14.233497828390634,-0.07125012548806052
10.3071,30.033222703172026,-19.726122703172024,19.726122703172024,-0.09874513875222218
93.7688,47.50290849912808,46.265891500871916,46.265891500871916,0.23159806640634045
-14.5536,-137.0217324900367,122.4681324900367,122.4681324900367,0.6130516836696747
3.4357,33.325827373066545,-29.890127373066544,29.890127373066544,-0.14962417192611496
249.995,126.36161144489165,123.63338855510835,123.63338855510835,0.6188847291981234
18.9888,24.629889527139685,-5.641089527139684,5.641089527139684,-0.028238198476862524
84.9436,47.47756746889756,37.46603253110244,37.46603253110244,0.18754768164268162
18.715,29.02674686045583,-10.31174686045583,10.31174686045583,-0.051618601883165166
4.7752,30.876679796448787,-26.101479796448785,26.101479796448785,-0.13065893804483972
4.2804,31.70472645826141,-27.424326458261408,27.424326458261408,-0.13728085149099284
15.6768,35.182522437874425,-19.505722437874425,19.505722437874425,-0.09764185783354787
7.7748,29.266379490275988,-21.49157949027599,21.49157949027599,-0.10758267251528655
481.47,309.059527175414,172.410472824586,172.410472824586,0.8630533388430334
-60.6078,31.40024523285542,-92.00804523285541,92.00804523285541,-0.4605744032697358
4.995,-14.766341350998946,19.761341350998947,19.761341350998947,0.0989214364625561
4.239,27.781295803329435,-23.542295803329434,23.542295803329434,-0.11784816005792187
1.9024,30.22864327850847,-28.32624327850847,28.32624327850847,-0.14179567190950002
11.5432,33.46882586821004,-21.92562586821004,21.92562586821004,-0.10975542437630512
64.2,49.198902721256815,15.001097278743188,15.001097278743188,0.07509257924198572
29.2716,34.33445552176587,-5.062855521765869,5.062855521765869,-0.025343671359138117
4.4352,27.74889397743242,-23.313693977432422,23.313693977432422,-0.11670382371991551
85.176,63.14058372774737,22.035416272252633,22.035416272252633,0.11030501381382317
359.9988,846.4021869341293,-486.4033869341293,486.4033869341293,-2.4348408785188203
18.2112,35.87736159322154,-17.666161593221542,17.666161593221542,-0.08843337355198176
6.6294,-26.200303926132513,32.82970392613251,32.82970392613251,0.16433912118264582
130.2075,42.91776055532151,87.2897394446785,87.2897394446785,0.43695548095338915
1.0296,47.5816211477991,-46.552021147799096,46.552021147799096,-0.23303037584251796
41.8608,57.48296954226049,-15.622169542260494,15.622169542260494,-0.07820154635929516
-3.2406,-157.36428424416889,154.12368424416889,154.12368424416889,0.7715132271405205
-42.4926,-96.99060256245346,54.49800256245346,54.49800256245346,0.27280641541802225
21.5824,31.389489568014884,-9.807089568014884,9.807089568014884,-0.049092385499223234
-6.9282,-3.595702303767794,-3.332497696232206,3.332497696232206,-0.016681836180254258
10.3408,36.05658125560948,-25.71578125560948,25.71578125560948,-0.1287282060654841
-348.6294,-71.9932512983158,-276.6361487016842,276.6361487016842,-1.3847868280285816
-17.6607,-176.40202399402995,158.74132399402995,158.74132399402995,0.7946282348219078
5.6376,-17.806282219805624,23.443882219805623,23.443882219805623,0.11735552077414617
11.2752,-23.893293922264995,35.16849392226499,35.16849392226499,0.17604664962883534
-10.4214,-153.61870361138278,143.19730361138278,143.19730361138278,0.716817887976349
4.1151,-18.56232482406932,22.67742482406932,22.67742482406932,0.11351878392380316
7.0227,-34.63320782353583,41.65590782353583,41.65590782353583,0.20852138353693744
-18.8364,-161.58718133759552,142.75078133759553,142.75078133759553,0.7145826842039428
0.7056,-30.760970490372472,31.466570490372472,31.466570490372472,0.15751553997120615
5.949,35.57955437434786,-29.63055437434786,29.63055437434786,-0.14832479991264344
100.656,66.79590390472941,33.86009609527059,33.86009609527059,0.16949706424331543
11.8584,31.029469280270266,-19.171069280270267,19.171069280270267,-0.09596664912787668
6.5754,-16.963834746483215,23.539234746483217,23.539234746483217,0.11783283700191352
5.9988,53.08172152458253,-47.082921524582524,47.082921524582524,-0.23568796000935766
13.0707,31.091682349141205,-18.020982349141207,18.020982349141207,-0.09020953733757058
8.619,38.02027278678639,-29.401272786786393,29.401272786786393,-0.14717706081977822
0.738,32.30516985731055,-31.567169857310553,31.567169857310553,-0.15801912086219844
272.792,209.02789022557167,63.764109774428306,63.764109774428306,0.31919074832051864
7.524,23.92345928167586,-16.39945928167586,16.39945928167586,-0.08209250781807727
40.5168,33.05436426036377,7.462435739636234,7.462435739636234,0.0373555038477698
150.384,158.47665114186535,-8.09265114186536,8.09265114186536,-0.04051023974155473
177.4206,150.5787328483142,26.84186715168582,26.84186715168582,0.13436517333615294
-13.2867,-22.384018435130677,9.097318435130678,9.097318435130678,0.045539409070271854
2.2712,-15.719675072946696,17.990875072946697,17.990875072946697,0.09005882616082218
1.0346,-15.51518354950775,16.54978354950775,16.54978354950775,0.08284500190463688
20.5764,-9.208997748464128,29.785397748464128,29.785397748464128,0.14909991576749484
-145.176,-146.2200753755042,1.0440753755042067,1.0440753755042067,0.005226438533983315
-6.8094,-112.10281416082157,105.29341416082157,105.29341416082157,0.5270783796419161
-6.8334,-132.61486502957257,125.78146502957257,125.78146502957257,0.6296375827980478
-22.1382,17.779492661114602,-39.9176926611146,39.9176926611146,-0.19982021605576286
23.99,37.68466343769953,-13.694663437699528,13.694663437699528,-0.06855282518866077
6.003,22.510379652278232,-16.50737965227823,16.50737965227823,-0.08263273623141917
19.8276,34.63687256347134,-14.809272563471342,14.809272563471342,-0.07413234197637356
24.144,46.49716960020343,-22.35316960020343,22.35316960020343,-0.11189562525478497
-7.782,-135.23304213128645,127.45104213128646,127.45104213128646,0.6379951614792227
-160.2952,96.60941293696166,-256.90461293696166,256.90461293696166,-1.2860145925416424
-6.237,-160.03844450062704,153.80144450062704,153.80144450062704,0.7699001575745281
-225.0976,111.74002222643495,-336.837622226435,336.837622226435,-1.6861437112712188
-20.1408,-158.41403296232332,138.27323296232333,138.27323296232333,0.6921689467331248
45.1395,4.424391389666864,40.71510861033313,40.71510861033313,0.2038119254116089
148.138,179.98426313172888,-31.846263131728875,31.846263131728875,-0.15941620758430514
190.4298,80.34877247700733,110.08102752299267,110.08102752299267,0.5510442422117335
85.1816,60.52233125230944,24.65926874769056,24.65926874769056,0.1234395096623569
6.2937,-25.431089268783367,31.72478926878337,31.72478926878337,0.15880813302085361
7.5371,36.688416860601286,-29.151316860601288,29.151316860601288,-0.14592583000343945
1.1225,-14.03485056721076,15.157350567210761,15.157350567210761,0.07587475285422532
-121.58,-148.96357084993596,27.383570849935964,27.383570849935964,0.13707683683187383
61.389,87.2090542198493,-25.820054219849304,25.820054219849304,-0.12925017627102842
2365.9818,1652.3166028293817,713.6651971706183,713.6651971706183,3.57246935840629
3.2868,30.840677767674325,-27.553877767674326,27.553877767674326,-0.13792936018253887
11.891,24.71550391471402,-12.82450391471402,12.82450391471402,-0.06419697563187206
5.2256,31.092691969095558,-25.867091969095558,25.867091969095558,-0.12948563810738647
14.6224,18.17029922719773,-3.54789922719773,3.54789922719773,-0.017760094405790464
1.7343,32.67419065224879,-30.93989065224879,30.93989065224879,-0.15487908300112158
496.7865,224.81139877876572,271.97510122123424,271.97510122123424,1.3614545296791591
-76.0116,-1.352062886175613,-74.65953711382438,74.65953711382438,-0.373731141310187
3.9474,-15.538224847923406,19.485624847923404,19.485624847923404,0.09754125320190479
164.997,64.52157621866507,100.47542378133494,100.47542378133494,0.5029604556236914
-12.9568,-3.0196698433764055,-9.937130156623594,9.937130156623594,-0.04974334342738835
-49.92,-160.6136160386252,110.6936160386252,110.6936160386252,0.554110741334971
4.9308,-18.069817070434688,23.000617070434686,23.000617070434686,0.11513662153392096
2.79,31.056689940321096,-28.266689940321097,28.266689940321097,-0.14149755946586584
22.4082,122.96927333954851,-100.5610733395485,100.5610733395485,-0.503389200675982
68.04,66.03187041322644,2.0081295867735633,2.0081295867735633,0.010052306662703257
-10.7964,-57.57989261615284,46.78349261615284,46.78349261615284,0.23418907705327824
-120.513,-64.66495554088552,-55.84804445911449,55.84804445911449,-0.27956446292756504
54.3438,49.37711276369039,4.96668723630961,4.96668723630961,0.02486227160137353
0.5432,32.90157477654228,-32.358374776542284,32.358374776542284,-0.16197973900832882
327.5922,736.0380225354386,-408.4458225354386,408.4458225354386,-2.0446004532123223
15.49,-8.720880679191307,24.210880679191305,24.210880679191305,0.12119496608402458
12.1032,-0.4430124597315057,12.546212459731505,12.546212459731505,0.06280390266211974
0.4176,-17.14247525011343,17.56007525011343,17.56007525011343,0.08790232592404412
2.943,-24.96046449604893,27.903464496048933,27.903464496048933,0.13967932344286751
1.0269,-13.977247321171625,15.004147321171624,15.004147321171624,0.07510784716195804
19.4194,-21.698539807264922,41.11793980726492,41.11793980726492,0.20582842013960512
3.196,34.629672157716456,-31.433672157716455,31.433672157716455,-0.15735085730793177
38.396,42.58654189059645,-4.1905418905964495,4.1905418905964495,-0.020977038755183565
2.8101,-19.21036134200964,22.02046134200964,22.02046134200964,0.1102301523377949
11.7488,-11.601042981148257,23.349842981148257,23.349842981148257,0.11688477861112183
66.6344,87.49417338452702,-20.859773384527017,20.859773384527017,-0.10441997386865129
-64.5444,79.70888335961071,-144.2532833596107,144.2532833596107,-0.7221039174879436
8.226,-16.657097461324803,24.8830974613248,24.8830974613248,0.1245599527274804
9.3312,29.584997444929975,-20.253797444929972,20.253797444929972,-0.10138657601665495
139.99,57.070807666229086,82.91919233377092,82.91919233377092,0.4150773710286093
4.195,32.06834694888347,-27.873346948883473,27.873346948883473,-0.13952856085163354
5.24,32.82078935026973,-27.580789350269725,27.580789350269725,-0.1380640743378451
27.735,-4.629539688352576,32.36453968835258,32.36453968835258,0.16201059935941065
9.1269,80.85008631832498,-71.72318631832499,71.72318631832499,-0.35903233956947994
78.8942,59.264279485111985,19.629920514888013,19.629920514888013,0.09826356928348698
25.5378,32.0283064402916,-6.4905064402916,6.4905064402916,-0.03249021455776132
-5.6943,-16.28987676782529,10.59557676782529,10.59557676782529,0.05303939926980623
7.9896,38.00249091086914,-30.012890910869142,30.012890910869142,-0.15023870235140133
-11.9616,-131.6806123828753,119.71901238287529,119.71901238287529,0.5992901223880689
-80.9955,-8.977153770629286,-72.01834622937072,72.01834622937072,-0.3605098527538432
-1.6764,-133.96062086516196,132.28422086516196,132.28422086516196,0.6621891154494108
0.897,-18.022294392452395,18.919294392452393,18.919294392452393,0.09470631294290996
0.8997,-7.64938986195444,8.549089861954439,8.549089861954439,0.042795083318028844
2.3025,27.74349367311625,-25.440993673116253,25.440993673116253,-0.12735267280083915
8.28,23.40142986444616,-15.121429864446162,15.121429864446162,-0.0756949407932369
19.3185,16.040376804567465,3.278123195432535,3.278123195432535,0.01640964799067238
5.4432,-17.806282219805624,23.249482219805625,23.249482219805625,0.11638239213339484
1.12,-23.304371172423682,24.424371172423683,24.424371172423683,0.12226365802585873
6.7966,35.60835599736743,-28.811755997367435,28.811755997367435,-0.14422605427663332
8.022,-22.404320453062137,30.42632045306214,30.42632045306214,0.1523082503372075
14.628,-20.333413317046208,34.96141331704621,34.96141331704621,0.1750100443413738
9.2178,-12.727186441213423,21.944986441213423,21.944986441213423,0.10985233964426268
2.772,-13.255766664531407,16.027766664531406,16.027766664531406,0.08023188677230005
3.9512,-15.057237743496596,19.008437743496597,19.008437743496597,0.09515254724349466
22.6737,45.52129548194553,-22.84759548194553,22.84759548194553,-0.11437062518406467
53.4954,46.57435482359854,6.9210451764014564,6.9210451764014564,0.03464540784511413
1.8144,-13.748274418166048,15.562674418166047,15.562674418166047,0.07790372532410297
6.512,31.97834187694732,-25.466341876947318,25.466341876947318,-0.1274795609857137
157.8702,124.07952236926008,33.790677630739935,33.790677630739935,0.16914956889335778
6.6906,-25.92380834514465,32.61440834514465,32.61440834514465,0.16326139332211864
-131.5008,88.86506019934964,-220.36586019934964,220.36586019934964,-1.103108693435152
10.9494,46.965986455755804,-36.0165864557558,36.0165864557558,-0.18029203612239125
85.9828,59.11825213010543,26.864547869894565,26.864547869894565,0.13447870860612077
140.396,119.42924533796149,20.966754662038497,20.966754662038497,0.10495550136438478
26.1096,37.01581618397891,-10.906216183978913,10.906216183978913,-0.05459439985008074
-15.1976,-130.64159383244433,115.44399383244433,115.44399383244433,0.5778902098820624
-41.5872,39.44449614188808,-81.03169614188809,81.03169614188809,-0.4056289317095235
1.4672,-14.625213398203055,16.092413398203057,16.092413398203057,0.08055549576441377
-4.746,-12.76174838883691,8.01574838883691,8.01574838883691,0.04012527949708656
34.742,-6.31580427523949,41.05780427523949,41.05780427523949,0.20552739334669995
6.2208,31.380708199291252,-25.15990819929125,25.15990819929125,-0.12594561351545708
-12.672,-148.72355015925228,136.0515501592523,136.0515501592523,0.6810476341491065
-1065.372,138.4836440089718,-1203.855644008972,1203.855644008972,-6.026267523226765
12.012,-16.91480154644107,28.92680154644107,28.92680154644107,0.14480194994944462
3.6288,-15.777278318985832,19.406078318985834,19.406078318985834,0.0971430587287489
-66.062,-94.07385907296431,28.011859072964313,28.011859072964313,0.140221925640905
-14.8704,52.699475917023705,-67.56987591702371,67.56987591702371,-0.3382416744180564
54.8604,49.201712442649885,5.658687557350113,5.658687557350113,0.028326290797945738
8.4564,31.334696043368822,-22.87829604336882,22.87829604336882,-0.1145243062314317
35.6238,49.83613863056479,-14.212338630564787,14.212338630564787,-0.07114420665359728
8.2944,27.789286690568694,-19.494886690568695,19.494886690568695,-0.09758761618721479
162.0948,149.98737275684724,12.107427243152756,12.107427243152756,0.0606074290952933
3.4827,27.419475414146092,-23.93677541414609,23.93677541414609,-0.11982284836799456
7.095,9.220582934730029,-2.125582934730029,2.125582934730029,-0.010640255309043637
3.29,-21.672829669273952,24.96282966927395,24.96282966927395,0.12495907667370293
6.42,-25.794201041556583,32.214201041556585,32.214201041556585,0.16125803329454963
50.352,39.044311366949856,11.307688633050141,11.307688633050141,0.05660409295020315
16.2688,36.19057924355936,-19.921779243559364,19.921779243559364,-0.09972455739008866
24.84,29.476772220136606,-4.636772220136606,4.636772220136606,-0.023210781111394657
5.4896,31.150295215134697,-25.660695215134698,25.660695215134698,-0.1284524560464944
11.1825,48.91786775834602,-37.73536775834602,37.73536775834602,-0.18889592147598408
16.8948,-10.777034799153043,27.671834799153043,27.671834799153043,0.13851983017075878
63.6825,74.74932340402243,-11.066823404022436,11.066823404022436,-0.05539836839810443
78.5088,74.8179463971639,3.6908536028361,3.6908536028361,0.01847569624351898
148.704,241.15213139326355,-92.44813139326354,92.44813139326354,-0.46277738910868355
8.2156,32.19435404959409,-23.978754049594087,23.978754049594087,-0.12003298526333461
32.346,41.986905876247725,-9.640905876247729,9.640905876247729,-0.04826050221689601
16.3215,36.96721344513338,-20.64571344513338,20.64571344513338,-0.10334843138994017
-31.647,24.96844820770803,-56.61544820770803,56.61544820770803,-0.2834059370364967
-4.464,-166.0859244123434,161.6219244123434,161.6219244123434,0.8090479610030863
-126.4816,22.380148246140635,-148.86174824614062,148.86174824614062,-0.745172997585573
13.4386,10.00305444583083,3.4355455541691686,3.4355455541691686,0.01719767374160474
-52.196,114.55081265398809,-166.7468126539881,166.7468126539881,-0.8347021561090238
11.8584,31.029469280270266,-19.171069280270267,19.171069280270267,-0.09596664912787668
7.8225,-16.099786055896132,23.92228605589613,23.92228605589613,0.11975031745493313
22.4448,22.654168628906096,-0.20936862890609476,0.20936862890609476,-0.0010480586896263388
-25.2956,15.472482657247083,-40.768082657247085,40.768082657247085,-0.20407710320105577
327.5922,252.892981222846,74.69921877715399,74.69921877715399,0.3739297800092543
19.3116,38.500899870925466,-19.189299870925467,19.189299870925467,-0.09605790792368114
6.1572,-4.9766696866472735,11.133869686647273,11.133869686647273,0.05573398906620185
21.7355,-15.736744724031798,37.472244724031796,37.472244724031796,0.1875787786738618
-5.1968,-10.004063425622007,4.807263425622008,4.807263425622008,0.024064226970726275
-21.888,-132.4092230043615,110.5212230043615,110.5212230043615,0.5532477752901767
27.1032,47.407722261345754,-20.304522261345753,20.304522261345753,-0.10164049459510685
-46.7362,-9.994096970536493,-36.74210302946351,36.74210302946351,-0.18392383116979225
12.0764,-5.221483482313612,17.297883482313612,17.297883482313612,0.08658984486120858
89.955,56.14527503481925,33.80972496518075,33.80972496518075,0.16924491614991297
297.6435,188.4457495136818,109.19775048631823,109.19775048631823,0.5466227289292959
252.59,195.0411020466932,57.548897953306806,57.548897953306806,0.28807860515452255
2.5488,-15.604468580868417,18.153268580868417,18.153268580868417,0.09087173651900482
8.0712,29.90901570390013,-21.837815703900134,21.837815703900134,-0.10931586374956102
2.175,-14.341446970551416,16.516446970551417,16.516446970551417,0.08267812546550582
-2.436,-13.58972460974065,11.15372460974065,11.15372460974065,0.055833378954689906
4.086,30.68226884106669,-26.59626884106669,26.59626884106669,-0.1331357558969368
150.984,82.70779100308721,68.2762089969128,68.2762089969128,0.34177744062150384
2.3077,32.893803027773004,-30.586103027773003,30.586103027773003,-0.15310809087087074
2.7166,30.08823536628807,-27.37163536628807,27.37163536628807,-0.137017090119019
30.2232,36.62936571766783,-6.406165717667832,6.406165717667832,-0.032068021282211666
9.039,29.622799575143162,-20.58379957514316,20.58379957514316,-0.1030385025825984
160.6722,137.32646885682334,23.345731143176664,23.345731143176664,0.11686419554889813
26.865,36.832205837229154,-9.967205837229155,9.967205837229155,-0.04989389644275544
182.3553,101.8520889423773,80.50321105762269,80.50321105762269,0.4029834380278952
71.99,86.0278185682865,-14.03781856828651,14.03781856828651,-0.0702705931197048
15.2,25.6335556484628,-10.4335556484628,10.4335556484628,-0.05222835301642026
219.9904,97.36276902027632,122.62763097972368,122.62763097972368,0.6138501021288876
-21.4704,13.74877596043473,-35.21917596043473,35.21917596043473,-0.1763003540676966
-4.0216,-139.30930139836602,135.287701398366,135.287701398366,0.677223955618135
3.069,-19.16413786336057,22.233137863360568,22.233137863360568,0.11129476969449219
2.3328,-17.806282219805624,20.139082219805623,20.139082219805623,0.10081233388137335
4.4824,32.151151615064734,-27.668751615064735,27.668751615064735,-0.1385043963500744
75.735,80.61787323272969,-4.882873232729693,4.882873232729693,-0.02444271497905021
15.6375,26.416599774307343,-10.779099774307344,10.779099774307344,-0.053958079793697586
54.6912,37.70942658090169,16.98177341909831,16.98177341909831,0.08500745928433344
15.6744,39.124744588678006,-23.450344588678007,23.450344588678007,-0.11738787013750429
12.231,30.97827595850165,-18.747275958501653,18.747275958501653,-0.09384522207452181
523.7052,342.27578940421694,181.42941059578305,181.42941059578305,0.9082003895339075
18.447,38.85731995579263,-20.410319955792634,20.410319955792634,-0.102170097303912
9.6,26.723626638844625,-17.123626638844627,17.123626638844627,-0.08571754894954915
2.0748,27.52208119615331,-25.44728119615331,25.44728119615331,-0.12738414691990674
9.158,24.49949174206725,-15.34149174206725,15.34149174206725,-0.07679652780892927
2.625,33.58504198024267,-30.96004198024267,30.96004198024267,-0.15497995663496944
160.1586,177.82335092377681,-17.664750923776808,17.664750923776808,-0.08842631201474253
-3.6003,-154.36286554615089,150.76256554615088,150.76256554615088,0.7546881197845217
2.7384,-27.525108144123834,30.263508144123833,30.263508144123833,0.15149324354248156
-71.2962,-155.92665279429576,84.63045279429576,84.63045279429576,0.4236436085076322
3.6288,-15.777278318985832,19.406078318985834,19.406078318985834,0.0971430587287489
7.4,-19.305336257065342,26.70533625706534,26.70533625706534,0.13368172619673635
36.2835,51.80206854012039,-15.518568540120391,15.518568540120391,-0.07768293986550362
135.219,194.02404473381466,-58.80504473381467,58.80504473381467,-0.2943666319503033
10.512,25.41754347581603,-14.905543475816028,14.905543475816028,-0.07461425546440789
15.552,25.993575936207417,-10.441575936207418,10.441575936207418,-0.05226850101905068
36.8245,34.265042047140035,2.5594579528599652,2.5594579528599652,0.012812149376166832
14.256,22.901792145965516,-8.645792145965515,8.645792145965515,-0.043279156168837735
14.2688,28.365319150960087,-14.096519150960086,14.096519150960086,-0.07056443683487171
42.3625,50.663966153907424,-8.301466153907427,8.301466153907427,-0.041555527132691415
4.0192,31.30870414174233,-27.289504141742327,27.289504141742327,-0.13660595716168647
3.1104,33.17641895365253,-30.06601895365253,30.06601895365253,-0.15050465101425922
87.7443,59.69169400757373,28.052605992426265,28.052605992426265,0.14042589680526102
8.636,24.73350492910125,-16.09750492910125,16.09750492910125,-0.08058098297913756
20.6612,36.96102265933285,-16.299822659332847,16.299822659332847,-0.08159374623952936
225.735,215.40537279214723,10.32962720785278,10.32962720785278,0.05170810742924827
0.5584,28.149306978313312,-27.590906978313313,27.590906978313313,-0.13811472121863566
-12.9568,5.679930830593449,-18.63673083059345,18.63673083059345,-0.09329185463592617
2.1492,-16.497318894475075,18.646518894475076,18.646518894475076,0.09334085178253478
114.9385,64.18272795871786,50.75577204128214,50.75577204128214,0.25407353630050356
-299.8116,222.2191731786229,-522.0307731786229,522.0307731786229,-2.6131846539798653
3.2776,-8.781434528441281,12.05903452844128,12.05903452844128,0.0603651845649978
-29.4368,8.85098952504805,-38.287789525048055,38.287789525048055,-0.19166123754055303
1.3596,-7.853951826302261,9.213551826302261,9.213551826302261,0.0461212508499052
-58.8616,-126.47601822142133,67.61441822142132,67.61441822142132,0.33846464454220443
5.2026,-18.022294392452395,23.224894392452395,23.224894392452395,0.11625931024547675
26.224,20.1210646126056,6.1029353873944,6.1029353873944,0.030550109146750933
1.1151,-14.086693488645984,15.201793488645984,15.201793488645984,0.07609722548656728
7.371,11.261107484757648,-3.890107484757648,3.890107484757648,-0.01947312247437672
78.9412,59.282280499499215,19.65891950050078,19.65891950050078,0.09840873257285179
-16.0784,40.24187845407686,-56.320278454076856,56.320278454076856,-0.28192837458206244
6.2208,31.380708199291252,-25.15990819929125,25.15990819929125,-0.12594561351545708
-23.7822,-20.899761085987606,-2.8824389140123934,2.8824389140123934,-0.014428929333547617
-15.4666,-26.563021094028223,11.096421094028223,11.096421094028223,0.05554652868537146
65.9934,22.592314308593544,43.40108569140645,43.40108569140645,0.2172574049691919
-189.321,-2.3719319922876423,-186.94906800771236,186.94906800771236,-0.9358307224283716
5.4432,-17.806282219805624,23.249482219805625,23.249482219805625,0.11638239213339484
7.4368,-19.743120926962796,27.179920926962794,27.179920926962794,0.13605740487337592
2.64,-16.12289779522067,18.76289779522067,18.76289779522067,0.0939234219548326
23.3163,86.04517907047983,-62.728879070479834,62.728879070479834,-0.31400858449440017
54.7756,73.86670235603373,-19.09110235603373,19.09110235603373,-0.09556635023750956
11.703,24.643499857165097,-12.940499857165097,12.940499857165097,-0.06477762878933135
5.0358,16.98384909692835,-11.948049096928349,11.948049096928349,-0.05980961305207918
14.2956,36.84581616725457,-22.55021616725457,22.55021616725457,-0.11288200209613884
15.7992,-39.419826246661636,55.219026246661635,55.219026246661635,0.27641571993326414
56.9772,47.01717977752442,9.960020222475585,9.960020222475585,0.049857926650995636
3.0212,-15.970249193216947,18.991449193216948,18.991449193216948,0.09506750586056271
9.3312,29.584997444929975,-20.253797444929972,20.253797444929972,-0.10138657601665495
150.984,82.70779100308721,68.2762089969128,68.2762089969128,0.34177744062150384
-25.2185,-163.67558858589317,138.45708858589316,138.45708858589316,0.6930892922735518
-14.688,-25.936557752776814,11.248557752776813,11.248557752776813,0.056308095248830646
-7.8225,-159.87535531027874,152.05285531027874,152.05285531027874,0.761147059724548
5.2287,54.69172316390376,-49.463023163903756,49.463023163903756,-0.24760228651719055
109.998,54.469511117983764,55.52848888201624,55.52848888201624,0.2779648297774306
1.4224,-16.180501041259806,17.602901041259805,17.602901041259805,0.08811670351626312
12.7008,-25.92229782308479,38.62309782308479,38.62309782308479,0.19333972575197864
-51.984,110.92079853356799,-162.904798533568,162.904798533568,-0.8154697796751149
75.5937,138.529532457883,-62.935832457882995,62.935832457882995,-0.3150445529541868
19.0512,24.19786518184614,-5.146665181846139,5.146665181846139,-0.025763206238745857
-462.8624,-26.67839445861297,-436.184005541387,436.184005541387,-2.183452409619167
6.2208,31.380708199291252,-25.15990819929125,25.15990819929125,-0.12594561351545708
6.2208,31.380708199291252,-25.15990819929125,25.15990819929125,-0.12594561351545708
8.12,-22.353917612777888,30.47391761277789,30.47391761277789,0.15254651247371886
9.072,-21.86429002144521,30.93629002144521,30.93629002144521,0.15486105894268673
7.1928,-25.65595325106265,32.84875325106265,32.84875325106265,0.1644344784032039
17.3656,-1.1946643796333873,18.560264379633388,18.560264379633388,0.09290907843486729
101.3488,94.20424841072723,7.144551589272766,7.144551589272766,0.03576423753522043
13.1985,37.39923779042693,-24.20073779042693,24.20073779042693,-0.12114419275297228
51.1485,126.71018152433732,-75.56168152433732,75.56168152433732,-0.37824710100135917
0.2034,35.67135954772274,-35.467959547722735,35.467959547722735,-0.17754571638322547
5.5177,36.32839657285667,-30.81069657285667,30.81069657285667,-0.15423236253367317
-6.4233,10.22777754629236,-16.65107754629236,16.65107754629236,-0.08335205997771958
17.158,35.762155101143264,-18.604155101143263,18.604155101143263,-0.09312878686163942
39.3408,43.8014081264806,-4.460608126480601,4.460608126480601,-0.022328937875753397
-40.1808,-136.35771419761787,96.17691419761786,96.17691419761786,0.4814429515678312
0.8088,-12.74021761248111,13.54901761248111,13.54901761248111,0.06782375047710774
75.6548,84.38930488532456,-8.734504885324569,8.734504885324569,-0.04372323491096636
12.0252,29.68299340410539,-17.65779340410539,17.65779340410539,-0.08839148402265999
10.058,24.013464353612015,-13.955464353612015,13.955464353612015,-0.06985834391710018
15.8158,-23.69449228252109,39.51029228252109,39.51029228252109,0.19778084889186223
6.9552,26.104391743923877,-19.14919174392388,19.14919174392388,-0.09585713443030595
84.22,207.1505866602374,-122.9305866602374,122.9305866602374,-0.6153666394209977
22.4316,37.30203231273588,-14.870432312735883,14.870432312735883,-0.07443849580183906
6.9088,26.781229884883764,-19.872429884883765,19.872429884883765,-0.09947752408592232
3.0654,-18.90794430030416,21.97334430030416,21.97334430030416,0.10999429357878729
16.0356,20.512047916825615,-4.476447916825617,4.476447916825617,-0.02240822878958175
24.1218,33.28117704164288,-9.159377041642877,9.159377041642877,-0.045850062400529766
67.495,77.64691537735223,-10.151915377352225,10.151915377352225,-0.05081851652358758
47.952,38.14426064758831,9.807739352411687,9.807739352411687,0.04909563819370288
14.4596,30.158220183928286,-15.698620183928286,15.698620183928286,-0.07858424342210764
33.5892,-2.5370313350719726,36.12623133507197,36.12623133507197,0.1808408970913948
-3.9032,-157.3045208764033,153.4013208764033,153.4013208764033,0.7678972164296035
72.5344,79.14729538279157,-6.612895382791564,6.612895382791564,-0.03310286983172214
10.5144,33.36521046624847,-22.85081046624847,22.85081046624847,-0.11438671877102329
13.7646,1.4188011457570227,12.345798854242977,12.345798854242977,0.061800671080344406
7.4872,31.79833173307501,-24.31113173307501,24.31113173307501,-0.12169680338752117
5.8604,31.200698055418943,-25.34029805541894,25.34029805541894,-0.12684861009724138
4.9104,28.936960926989663,-24.026560926989664,24.026560926989664,-0.12027229720581673
30.2316,-5.05724379019318,35.288843790193184,35.288843790193184,0.17664909769154913
6.2016,29.368985272283204,-23.167385272283205,23.167385272283205,-0.11597143076018329
4.3296,25.485156849003133,-21.155556849003133,21.155556849003133,-0.10590060844037129
1.0598,48.125251782293475,-47.06545178229347,47.06545178229347,-0.23560050987269088
-28.224,33.1104042248079,-61.3344042248079,61.3344042248079,-0.30702811427253457
-8.904,-171.46016638597732,162.55616638597732,162.55616638597732,0.8137245948607779
149.8956,87.70588221693687,62.18971778306313,62.18971778306313,0.3113096478134868
-5.4801,7.328592250514145,-12.808692250514145,12.808692250514145,-0.0641178255120632
16.704,9.08428267150656,7.61971732849344,7.61971732849344,0.038142824932028155
53.7544,64.30886685377355,-10.554466853773555,10.554466853773555,-0.05283361102503992
-2.9884,-157.3707646093483,154.3823646093483,154.3823646093483,0.7728081308038749
0.6912,-19.361569862862375,20.052769862862373,20.052769862862373,0.1003802709873804
-2.134,-106.6673687382711,104.5333687382711,104.5333687382711,0.5232737398839128
49.4376,95.08895005206085,-45.65135005206085,45.65135005206085,-0.22852179127893885
2.8224,30.084635163410624,-27.262235163410622,27.262235163410622,-0.136469453952743
4.3902,42.61664271294925,-38.22644271294925,38.22644271294925,-0.19135414731487332
23.028,20.846935953607634,2.1810640463923647,2.1810640463923647,0.010917982977661653
5.778,28.396930495372732,-22.618930495372734,22.618930495372734,-0.11322597267598335
28.41,36.3137766228769,-7.903776622876901,7.903776622876901,-0.03956477058550636
14.202,28.80454390200852,-14.602543902008518,14.602543902008518,-0.07309749845099464
0.5584,28.149306978313312,-27.590906978313313,27.590906978313313,-0.13811472121863566
-6.5619,-129.86924074599716,123.30734074599717,123.30734074599717,0.6172525971955498
17.9684,-8.720880679191307,26.689280679191306,26.689280679191306,0.13360135509245116
-9.1335,-20.93378300317947,11.800283003179471,11.800283003179471,0.05906992468809265
122.148,74.94755370075195,47.20044629924804,47.20044629924804,0.23627626620393
8.2764,-0.741320580710692,9.017720580710693,9.017720580710693,0.04514095767172019
13.832,26.713616511696657,-12.881616511696656,12.881616511696656,-0.06448287019911224
-57.6312,51.88075519810266,-109.51195519810267,109.51195519810267,-0.5481955766869938
-1.2588,-11.364587908752263,10.105787908752262,10.105787908752262,0.05058761137533664
4.5216,-12.46646131197744,16.98806131197744,16.98806131197744,0.08503893525475863
-21.1068,-141.03977803973663,119.93297803973664,119.93297803973664,0.6003611929067364
8.8624,-19.167088466571407,28.029488466571408,28.029488466571408,0.14031017496106005
-17.2854,-167.68074384614317,150.39534384614316,150.39534384614316,0.7528498792815231
26.649,39.79157260248992,-13.14257260248992,13.14257260248992,-0.06578916570286447
8.0712,29.90901570390013,-21.837815703900134,21.837815703900134,-0.10931586374956102
60.1412,52.081874744606836,8.059325255393162,8.059325255393162,0.040343416826922406
89.997,68.75836540575263,21.238634594247372,21.238634594247372,0.1063164794964732
184.2204,132.67096825934544,51.54943174065457,51.54943174065457,0.2580464425992145
8.7048,29.150163378243356,-20.445363378243357,20.445363378243357,-0.10234551787004752
3.614,22.663388274569694,-19.049388274569694,19.049388274569694,-0.09535753764802762
6.715,33.88284919911635,-27.16784919911635,27.16784919911635,-0.1359969761485265
3.3544,-12.956229785127881,16.31062978512788,16.31062978512788,0.08164784461213918
56.55,46.44474752001048,10.105252479989517,10.105252479989517,0.05058493112294925
32.2322,14.229255618742048,18.00294438125795,18.00294438125795,0.09011924277394841
105.468,60.34750227428332,45.12049772571668,45.12049772571668,0.22586444764326505
3.8448,-15.991779969572747,19.836579969572746,19.836579969572746,0.09929806637317715
7.9704,-31.165562852888538,39.13596285288854,39.13596285288854,0.19590702847493036
3.7996,30.534660523091397,-26.7350605230914,26.7350605230914,-0.13383052009897536
38.29,28.022071119178364,10.267928880821636,10.267928880821636,0.05139925758809369
4.224,21.745336540820915,-17.521336540820915,17.521336540820915,-0.08770840746973194
206.6232,76.7770190180363,129.8461809819637,129.8461809819637,0.6499847613463537
0.1674,27.090056850859767,-26.922656850859767,26.922656850859767,-0.13476959087804521
10.5084,30.589454047737462,-20.08105404773746,20.08105404773746,-0.10052185612309157
22.6275,95.70048491085053,-73.07298491085054,73.07298491085054,-0.3657891691457786
4.9728,32.24475688987834,-27.27195688987834,27.27195688987834,-0.13651811902714261
30.2384,36.78856385403048,-6.55016385403048,6.55016385403048,-0.03278884798339124
-5.4882,5.739044598692448,-11.227244598692447,11.227244598692447,-0.05620140573924092
2.054,30.469856871297367,-28.41585687129737,28.41585687129737,-0.14224426014892133
33.8517,141.8915170179524,-108.0398170179524,108.0398170179524,-0.5408263388976533
15.1116,35.80074771284082,-20.689147712840818,20.689147712840818,-0.10356585489763649
13.2288,17.380661894931798,-4.151861894931798,4.151861894931798,-0.020783414209888246
5.8887,30.011621485907348,-24.122921485907348,24.122921485907348,-0.12075465944718301
26.564,36.65017645344814,-10.08617645344814,10.08617645344814,-0.05048944023931166
43.7842,59.18788474320124,-15.40368474320124,15.40368474320124,-0.07710785389255975
63.135,33.018933574603686,30.116066425396312,30.116066425396312,0.150755178936847
5.4144,25.19714061880744,-19.782740618807438,19.782740618807438,-0.09902855704072253
5.9384,-11.392301655165262,17.330701655165264,17.330701655165264,0.0867541262600721
53.8048,4.104622933240758,49.70017706675924,49.70017706675924,0.24878943289133987
4.4312,-15.443179491958826,19.874379491958827,19.874379491958827,0.0994872834402585
50.3832,-2.2228823214320226,52.60608232143203,52.60608232143203,0.263335830168253
13.3371,40.28861973804747,-26.951519738047473,26.951519738047473,-0.13491407288512922
160.623,122.46483137872548,38.15816862127451,38.15816862127451,0.19101238047315536
2.0574,-16.546281653608343,18.603681653608344,18.603681653608344,0.0931264168752396
21.7728,22.402154427484863,-0.6293544274848628,0.6293544274848628,-0.0031504260214464197
20.7328,19.756795794046283,0.9760042059537177,0.9760042059537177,0.004885687481004809
15.68,28.768541873234057,-13.088541873234057,13.088541873234057,-0.06551869836685849
3.5712,-12.034436966683899,15.6056369666839,15.6056369666839,0.07811878749716054
8.218,-22.303514772493646,30.521514772493646,30.521514772493646,0.1527847746102303
-166.3935,-149.37716371964564,-17.016336280354352,17.016336280354352,-0.0851804742544701
4.266,-33.25937040550236,37.52537040550236,37.52537040550236,0.18784471551644635
6.7188,3.5832431156776714,3.1355568843223285,3.1355568843223285,0.015695988728596205
147.475,135.23576060498146,12.23923939501853,12.23923939501853,0.06126725512502401
141.1644,123.82030776208398,17.344092237916016,17.344092237916016,0.08682115691640496
1007.9832,488.928244428076,519.054955571924,519.054955571924,2.598288289048122
33.93,-4.318482159741226,38.24848215974123,38.24848215974123,0.191464472504686
21.714,34.12103393204219,-12.40703393204219,12.40703393204219,-0.062107201985823056
-1.9872,-19.015950386627544,17.028750386627543,17.028750386627543,0.08524261685922202
62.1376,8.390304438552702,53.747295561447295,53.747295561447295,0.26904852198442325
-3.231,28.885398497460603,-32.1163984974606,32.1163984974606,-0.1607684527554645
4.2408,-18.061176583528813,22.301976583528813,22.301976583528813,0.11163936295677812
20.163,34.12103393204219,-13.958033932042188,13.958033932042188,-0.06987120672762002
6.9664,33.52642911424918,-26.560029114249183,26.560029114249183,-0.13295434686350513
39.41,45.49767502477215,-6.087675024772153,6.087675024772153,-0.030473718735557726
9.8901,32.67937181809498,-22.789271818094978,22.789271818094978,-0.11407866825131505
6.1704,32.1331506006775,-25.962750600677502,25.962750600677502,-0.12996448663684879
24.84,29.476772220136606,-4.636772220136606,4.636772220136606,-0.023210781111394657
11.1564,48.399657682463754,-37.24325768246376,37.24325768246376,-0.1864325140210286
34.494,87.73810896550522,-53.24410896550522,53.24410896550522,-0.2665296676214942
3.2392,46.58717467213958,-43.347974672139586,43.347974672139586,-0.21699154152275116
9.7176,69.81726460039113,-60.09966460039113,60.09966460039113,-0.3008472475421307
33.4584,45.43028079005502,-11.971880790055025,11.971880790055025,-0.05992890987892673
5.6994,28.315925930630193,-22.616525930630193,22.616525930630193,-0.11321393589193238
12.298,37.562256539866354,-25.264256539866352,25.264256539866352,-0.1264679610402951
751.9624,299.2765471989684,452.6858528010316,452.6858528010316,2.2660574517676455
5.4341,34.006265716903876,-28.572165716903875,28.572165716903875,-0.1430267118694073
-2.5344,-139.72620489157427,137.19180489157426,137.19180489157426,0.6867555278619396
-28.9568,80.68237821767217,-109.63917821767217,109.63917821767217,-0.5488324304118186
2.1492,-16.497318894475075,18.646518894475076,18.646518894475076,0.09334085178253478
41.88,82.87404084764364,-40.99404084764364,40.99404084764364,-0.2052082060132329
-8.098,31.941075233429405,-40.03907523342941,40.03907523342941,-0.2004278336360489
6.129,28.537338407593136,-22.408338407593135,22.408338407593135,-0.11217178958887455
62.7822,80.98058912889606,-18.198389128896054,18.198389128896054,-0.09109760121844973
206.8893,87.5512065592811,119.3380934407189,119.3380934407189,0.5973833161513554
1.932,31.75390054012132,-29.821900540121323,29.821900540121323,-0.14928264165241767
114.9385,64.18272795871786,50.75577204128214,50.75577204128214,0.25407353630050356
97.88,58.36220952584173,39.51779047415827,39.51779047415827,0.19781838338278804
5.7624,31.16469602664448,-25.402296026644482,25.402296026644482,-0.12715895989903178
39.948,50.1239357222905,-10.175935722290497,10.175935722290497,-0.05093875770476123
1.3536,32.52838243571222,-31.174782435712217,31.174782435712217,-0.15605490564497665
3.9592,-9.498524500719686,13.457724500719685,13.457724500719685,0.06736675489193102
14.2272,-6.860295832127118,21.087495832127118,21.087495832127118,0.10555990820970919
6.5164,-13.378103121455691,19.894503121455692,19.894503121455692,0.0995880184208103
2.8884,-16.209302664279374,19.097702664279375,19.097702664279375,0.0955993900985776
2.0475,-29.178321305447128,31.225821305447127,31.225821305447127,0.15631039631334404
-0.3444,-15.64616049333791,15.301760493337909,15.301760493337909,0.07659764089498207
-36.1764,99.111413054969,-135.287813054969,135.287813054969,-0.677224514549402
-9.594,-6.789661414820287,-2.8043385851797122,2.8043385851797122,-0.014037974257214387
1.05,-14.141416572383172,15.191416572383172,15.191416572383172,0.07604528065931408
-6.0048,-153.75620332072543,147.75140332072544,147.75140332072544,0.7396148265565894
5.796,-14.662655508128498,20.458655508128498,20.458655508128498,0.10241205569045811
34.3656,37.50983445967341,-3.144234459673406,3.144234459673406,-0.01573942698531643
13.2962,41.64488660289034,-28.34868660289034,28.34868660289034,-0.14190801883208062
-18.802,-179.42432386873713,160.62232386873714,160.62232386873714,0.8040441548390233
-119.1918,51.76064228818142,-170.95244228818143,170.95244228818143,-0.8557547211780883
-57.951,112.56008501664057,-170.51108501664058,170.51108501664058,-0.8535453724037041
72.358,50.745795784724095,21.61220421527591,21.61220421527591,0.10818649645911463
165.3496,137.60267485843235,27.746925141567658,27.746925141567658,0.13889571783972732
33.3172,53.42936024072606,-20.112160240726062,20.112160240726062,-0.10067756768328678
30.0234,75.21756891656042,-45.19416891656043,45.19416891656043,-0.22623323131511847
1.5008,-14.942031251418317,16.44283125141832,16.44283125141832,0.08230961947426135
11.1672,-17.61180082351465,28.77900082351465,28.77900082351465,0.1440620882385215
3.2392,46.58717467213958,-43.347974672139586,43.347974672139586,-0.21699154152275116
6.624,14.33085178079491,-7.706851780794911,7.706851780794911,-0.03857900307570482
5.7672,32.89279340781865,-27.125593407818652,27.125593407818652,-0.13578545186483615
20.1656,-6.474354083664881,26.639954083664882,26.639954083664882,0.13335443573618821
13.3245,13.642641688188302,-0.3181416881883017,0.3181416881883017,-0.0015925554968776723
86.3928,117.1369446780857,-30.744144678085704,30.744144678085704,-0.1538992166751449
-56.448,-26.711322683732597,-29.736677316267404,29.736677316267404,-0.14885603074712234
-81.94,-64.10501442420764,-17.83498557579236,17.83498557579236,-0.0892784736172357
-2.7888,-133.7446086925152,130.95580869251518,130.95580869251518,0.6555393421370379
-2.3814,-30.54927856117863,28.167878561178632,28.167878561178632,0.14100292889448893
123.4548,87.68081386286917,35.773986137130834,35.773986137130834,0.17907762604878347
-4.7625,-142.22989554178534,137.46739554178535,137.46739554178535,0.6881350811275965
10.3936,-8.288856333897765,18.682456333897765,18.682456333897765,0.09352074762398274
21.5928,-7.64938986195444,29.24218986195444,29.24218986195444,0.14638072259751245
-42.4116,23.020018410434155,-65.43161841043415,65.43161841043415,-0.32753797266412715
77.672,13.41769817752744,64.25430182247256,64.25430182247256,0.3216445545006648
2.64,-16.12289779522067,18.76289779522067,18.76289779522067,0.0939234219548326
14.4648,28.43732320850901,-13.97252320850901,13.97252320850901,-0.06994373723129096
48.4704,80.61787323272969,-32.147473232729695,32.147473232729695,-0.16092400684442604
38.4372,54.6740208163681,-16.236820816368102,16.236820816368102,-0.08127837125079937
136.665,106.71688657736588,29.94811342263411,29.94811342263411,0.14991443882734037
14.8491,64.27115206768528,-49.42205206768528,49.42205206768528,-0.24739719316753425
0.5904,-16.69893025561206,17.289330255612057,17.289330255612057,0.08654702906967503
-14.8832,-4.247988624252162,-10.635211375747838,10.635211375747838,-0.05323780241864563
2.14,-16.410914025416364,18.550914025416365,18.550914025416365,0.09286227237782123
-6.9965,-106.62488634431723,99.62838634431724,99.62838634431724,0.4987203507381433
-19.602,-156.14957579331855,136.54757579331854,136.54757579331854,0.6835306421277934
18.8993,25.968155377595313,-7.0688553775953125,7.0688553775953125,-0.035385317002403015
6.8714,31.679525038119287,-24.808125038119286,24.808125038119286,-0.12418465533916859
17.324,54.308381085837325,-36.98438108583733,36.98438108583733,-0.18513662806116535
302.373,134.74453514746398,167.628464852536,167.628464852536,0.8391155357674002
39.213,49.61472615360185,-10.40172615360185,10.40172615360185,-0.05206902074754249
3.0368,31.150295215134697,-28.113495215134698,28.113495215134698,-0.14073069642733232
22.4316,37.30203231273588,-14.870432312735883,14.870432312735883,-0.07443849580183906
-0.5964,-131.25657892482104,130.66017892482105,130.66017892482105,0.6540594769415553
12.7008,-25.92229782308479,38.62309782308479,38.62309782308479,0.19333972575197864
-74.9526,-100.84361012280526,25.891010122805255,25.891010122805255,0.129605367739119
38.7792,44.40659314270661,-5.627393142706609,5.627393142706609,-0.028169637036705292
20.1584,18.643541351701685,1.5148586482983148,1.5148586482983148,0.007583088155087219
88.7332,123.00587143029675,-34.272671430296754,34.272671430296754,-0.1715623362339612
2.2194,27.565283630682664,-25.345883630682664,25.345883630682664,-0.1268765704020984
21.7728,22.402154427484863,-0.6293544274848628,0.6293544274848628,-0.0031504260214464197
9.4717,184.7371022729722,-175.2654022729722,175.2654022729722,-0.8773445611349523
27.882,40.201205249034416,-12.319205249034415,12.319205249034415,-0.06166754865807441
-209.7693,-42.23187227304833,-167.53742772695165,167.53742772695165,-0.8386598215993044
2.9562,33.37443011191207,-30.41823011191207,30.41823011191207,-0.1522677516608362
7.2177,28.737149667291398,-21.519449667291397,21.519449667291397,-0.10772218520806692
-6.9216,-132.59218375144468,125.67058375144468,125.67058375144468,0.6290825326567445
50.3658,100.27893207927838,-49.91313207927838,49.91313207927838,-0.24985544432073253
55.896,224.36036379913062,-168.46436379913064,168.46436379913064,-0.8432998835333729
-37.9434,29.06835924454375,-67.01175924454375,67.01175924454375,-0.33544785076131217
46.179,-10.287336766911482,56.46633676691148,56.46633676691148,0.28265951412650275
3.3099,-17.801961976352686,21.111861976352685,21.111861976352685,0.10568188039494879
99.9408,55.47642778109863,44.46437221890137,44.46437221890137,0.2225800107985661
4.5402,27.862300368071974,-23.322100368071975,23.322100368071975,-0.11674590447864337
20.7675,35.67114040925276,-14.903640409252759,14.903640409252759,-0.07460472908283396
9.5616,29.671402313988686,-20.109802313988688,20.109802313988688,-0.10066576436003095
146.388,121.3208623706806,25.067137629319404,25.067137629319404,0.12548122206145282
3.8822,30.534660523091397,-26.652460523091396,26.652460523091396,-0.13341704054277134
13.428,34.419279427855834,-20.991279427855833,20.991279427855833,-0.10507826757850293
14.9556,41.28486631514572,-26.32926631514572,26.32926631514572,-0.13179919311336352
28.0876,40.03919611954934,-11.95159611954934,11.95159611954934,-0.05982736875836456
-0.8886,-8.283166450202728,7.394566450202728,7.394566450202728,0.03701576336744476
4.5816,30.840677767674325,-26.259077767674327,26.259077767674327,-0.13144784287778147
2.3025,27.74349367311625,-25.440993673116253,25.440993673116253,-0.12735267280083915
8.0997,31.113283566405883,-23.013583566405885,23.013583566405885,-0.1152015292942078
2.528,30.469856871297367,-27.941856871297368,27.941856871297368,-0.13987150821622515
57.5016,62.93446718019839,-5.432867180198386,5.432867180198386,-0.02719587785210409
62.7004,52.081874744606836,10.618525255393166,10.618525255393166,0.0531542749411757
9.1581,29.449989837025743,-20.291889837025742,20.291889837025742,-0.10157725913261752
7.605,30.648857395215323,-23.043857395215323,23.043857395215323,-0.1153530742009962
11.9952,32.43635812386736,-20.441158123867357,20.441158123867357,-0.10232446718344808
16.032,26.173586080079726,-10.141586080079726,10.141586080079726,-0.05076681006775063
62.82,130.1706965301386,-67.3506965301386,67.3506965301386,-0.33714450497957793
-9.153,-13.282987324582237,4.1299873245822365,4.1299873245822365,0.020673914359521532
-23.5764,20.080742340378208,-43.65714234037821,43.65714234037821,-0.21853917481882787
6.4308,-19.541509565825812,25.97230956582581,25.97230956582581,0.13001233695969736
-2.588,-133.67332467554175,131.08532467554176,131.08532467554176,0.6561876739915555
40.3536,0.14864957059400652,40.204950429406,40.204950429406,0.20125817264836918
-1.5264,-134.0286646995457,132.5022646995457,132.5022646995457,0.6632806005326313
-69.3952,-164.72130663997353,95.32610663997353,95.32610663997353,0.47718397419071495
219.5088,164.24417615153416,55.264623848465845,55.264623848465845,0.2766439726712541
18.336,-8.841847495873498,27.177847495873497,27.177847495873497,0.1360470256800754
2.8478,-16.229463800393074,19.077263800393073,19.077263800393073,0.09549707711590177
1.9926,-16.580843601231823,18.573443601231823,18.573443601231823,0.09297505105832535
1.0284,-15.175324397876832,16.203724397876833,16.203724397876833,0.0811126970083089
85.9818,59.01665596805257,26.96514403194744,26.96514403194744,0.1349822734540802
9.9936,28.120505355293744,-18.126905355293744,18.126905355293744,-0.09073976733243434
7.5371,36.688416860601286,-29.151316860601288,29.151316860601288,-0.14592583000343945
29.799,-6.095401418230903,35.8944014182309,35.8944014182309,0.17968040155713016
22.4925,44.17625059945894,-21.68375059945894,21.68375059945894,-0.10854464376153596
9.1872,-19.005799377661816,28.192999377661817,28.192999377661817,0.14112867882246655
4.1832,-18.454318737745936,22.637518737745935,22.637518737745935,0.11331902180681971
1.872,27.20886354581549,-25.33686354581549,25.33686354581549,-0.12683141760926786
83.5128,98.21132775101769,-14.698527751017693,14.698527751017693,-0.0735779749557291
-4.04,-106.90066188472959,102.86066188472958,102.86066188472958,0.5149004942729956
4.176,-24.456436093206467,28.632436093206465,28.632436093206465,0.14332841366657248
16.6788,22.38775234424572,-5.70895234424572,5.70895234424572,-0.0285779065579734
6.0736,27.328460722255585,-21.254860722255586,21.254860722255586,-0.1063977043416033
4.0749,27.646288195425203,-23.571388195425204,23.571388195425204,-0.1179937909219978
6.6846,30.713661047009357,-24.029061047009357,24.029061047009357,-0.12028481232102495
33.3102,32.40711822390782,0.9030817760921792,0.9030817760921792,0.004520651961192853
10.647,20.163661119530804,-9.516661119530804,9.516661119530804,-0.04763855709742882
0.0,76.05917314886331,-76.05917314886331,76.05917314886331,-0.380737447443541
-2.214,-160.41430568103243,158.20030568103243,158.20030568103243,0.7919200022316358
3.5623,-25.125932946593693,28.688232946593693,28.688232946593693,0.1436077218769373
137.151,70.546086544604,66.60491345539602,66.60491345539602,0.33341125976445646
1.148,-24.168419863010772,25.316419863010772,25.316419863010772,0.12672908050402246
-143.7904,-127.77209125730195,-16.018308742698053,16.018308742698053,-0.08018454225266002
0.4752,-19.845437129591147,20.320637129591148,20.320637129591148,0.10172116249547479
-6.534,-13.112987307857892,6.578987307857893,6.578987307857893,0.032933132594732954
15.0696,-28.943447196019868,44.01304719601987,44.01304719601987,0.22032076539705508
10.984,-16.643995849148236,27.627995849148235,27.627995849148235,0.13830038090208518
-248.166,-30.872551282456232,-217.29344871754375,217.29344871754375,-1.0877287983265171
28.7064,-5.294857180104632,34.00125718010463,34.00125718010463,0.17020368921559698
9.6936,-15.620239032620297,25.313839032620297,25.313839032620297,0.12671616136837485
11.232,27.61647695245128,-16.38447695245128,16.38447695245128,-0.08201750918806901
18.1146,39.77379072657267,-21.65919072657267,21.65919072657267,-0.10842170180824974
2.7072,27.100857459492104,-24.393657459492104,24.393657459492104,-0.1221099111445957
-44.1462,-126.9689564362526,82.8227564362526,82.8227564362526,0.41459463165684163
10.8864,-23.893293922264995,34.779693922265,34.779693922265,0.17410039234733266
8.3028,-15.170933713515012,23.47373371351501,23.47373371351501,0.11750495155345592
4.36,-18.681710677782778,23.041710677782778,23.041710677782778,0.11534232815049617
0.4172,-16.78533512467077,17.20253512467077,17.20253512467077,0.08611254950281942
-7.612,-132.5036187606595,124.8916187606595,124.8916187606595,0.6251831852149973
-9.8208,-149.73448712723916,139.91368712723917,139.91368712723917,0.700380741649377
-7.2589,-54.24552559287994,46.986625592879946,46.986625592879946,0.23520592127927734
19.3392,-21.99649572369971,41.335695723699715,41.335695723699715,0.20691846396149688
18.2112,35.87736159322154,-17.666161593221542,17.666161593221542,-0.08843337355198176
19.26,13.05479899921022,6.205201000789781,6.205201000789781,0.031062030943865386
10.089,32.139341386478044,-22.050341386478046,22.050341386478046,-0.11037972603665873
21.1977,-9.29972286097577,30.49742286097577,30.49742286097577,0.15266417518065986
91.9508,58.340608308577046,33.610191691422955,33.610191691422955,0.1682460913377906
71.97,72.23221024967316,-0.26221024967316,0.26221024967316,-0.0013125735795036645
-21.7176,24.46279516983438,-46.180395169834384,46.180395169834384,-0.2311700883795309
179.9964,145.7484757139967,34.2479242860033,34.2479242860033,0.17143845683638523
9.7152,-11.861627228566476,21.576827228566476,21.576827228566476,0.10800940613508979
8.073,29.31498222912151,-21.24198222912151,21.24198222912151,-0.10633323710642589
6.1641,-17.31809470962392,23.482194709623922,23.482194709623922,0.11754730565655709
5.6316,-11.405191944615186,17.036791944615185,17.036791944615185,0.08528287133655761
8.1552,-2.963436237579362,11.118636237579363,11.118636237579363,0.0556577333790341
-42.588,17.318807574619242,-59.90680757461924,59.90680757461924,-0.299881842730666
5.0764,30.91268182522325,-25.83628182522325,25.83628182522325,-0.1293314085115644
-1181.2824,-92.1015439580976,-1089.1808560419024,1089.1808560419024,-5.452227808500208
47.994,39.62292532279164,8.371074677208362,8.371074677208362,0.04190397387993703
-35.8848,-138.14629498713313,102.26149498713313,102.26149498713313,0.5119011811627012
-24.276,-143.72059867151805,119.44459867151805,119.44459867151805,0.5979164606497119
-9.111,-20.990486198499248,11.879486198499247,11.879486198499247,0.0594664004998452
15.5904,-6.573649242173516,22.16404924217352,22.16404924217352,0.11094892547624559
4.9056,-21.04495428744734,25.95055428744734,25.95055428744734,0.12990343426176726
19.4656,41.56208193670908,-22.09648193670908,22.09648193670908,-0.1106106966690139
1.6356,27.100857459492104,-25.465257459492104,25.465257459492104,-0.12747413260256452
4.4772,-18.12598023532285,22.60318023532285,22.60318023532285,0.11314712993342252
68.8464,61.459964963414194,7.386435036585809,7.386435036585809,0.03697505909028211
9.8901,32.67937181809498,-22.789271818094978,22.789271818094978,-0.11407866825131505
5.8708,33.112405783342865,-27.241605783342866,27.241605783342866,-0.13636618728306768
5.8233,28.315925930630193,-22.492625930630194,22.492625930630194,-0.11259371655762636
13.473,-19.344148007232878,32.81714800723288,32.81714800723288,0.1642762686914309
27.882,40.201205249034416,-12.319205249034415,12.319205249034415,-0.06166754865807441
7.2268,-19.979294235723266,27.206094235723267,27.206094235723267,0.13618842337326298
-2.6586,-133.68844552762704,131.02984552762703,131.02984552762703,0.6559099561530766
10.0572,-24.49812800567596,34.55532800567596,34.55532800567596,0.17297726014856096
-34.3148,-41.750090143400804,7.435290143400806,7.435290143400806,0.0372196182656352
11.5836,34.01245650270442,-22.428856502704416,22.428856502704416,-0.11227449918767315
-4.0722,-136.33470421178498,132.26250421178497,132.26250421178497,0.6620804061007358
-54.882,17.377921342718246,-72.25992134271824,72.25992134271824,-0.3617191308489627
0.2992,25.816375513728183,-25.517175513728183,25.517175513728183,-0.1277340242977765
2.245,-16.350430617075265,18.595430617075266,18.595430617075266,0.09308511378899359
3.6792,-18.713533344922062,22.392733344922064,22.392733344922064,0.11209367367618969
19.797,20.985324625919322,-1.1883246259193214,1.1883246259193214,-0.00594852226333445
17.908,-31.40872524467726,49.31672524467726,49.31672524467726,0.24686994754969244
0.8162,-13.002312381959193,13.818512381959193,13.818512381959193,0.06917278894784747
2.646,30.106236380675302,-27.4602363806753,27.4602363806753,-0.13746060958763953
121.99,149.14534665724875,-27.155346657248757,27.155346657248757,-0.13593439085236625
91.152,65.96899992894555,25.18300007105445,25.18300007105445,0.12606120694025816
19.4352,104.66239949276846,-85.22719949276846,85.22719949276846,-0.42663080657120006
4.5144,28.34292745221104,-23.82852745221104,23.82852745221104,-0.11928098009607091
0.6258,27.694890934270727,-27.069090934270726,27.069090934270726,-0.1355026114570029
4.4352,27.74889397743242,-23.313693977432422,23.313693977432422,-0.11670382371991551
24.5028,-8.003649825095145,32.506449825095146,32.506449825095146,0.16272097394005433
38.024,37.092210925889646,0.9317890741103554,0.9317890741103554,0.004664355119115032
92.97,91.99025670717225,0.9797432928277487,0.9797432928277487,0.004904404623635349
1.0192,-30.61984253757658,31.639042537576582,31.639042537576582,0.15837890153943318
843.1706,351.9823746387518,491.1882253612482,491.1882253612482,2.4587928503027556
265.4232,107.0187231885843,158.4044768114157,158.4044768114157,0.7929420432531921
7.3834,-11.0150003936089,18.398400393608902,18.398400393608902,0.09209881876045062
16.8237,-11.6326543255609,28.4563543255609,28.4563543255609,0.1424469825389489
67.1916,69.28263447309038,-2.0910344730903887,2.0910344730903887,-0.010467312420589764
150.294,403.37878357304874,-253.08478357304872,253.08478357304872,-1.2668932686897565
190.0206,57.04681937302462,132.97378062697538,132.97378062697538,0.6656409176805338
10.3473,88.17289897105053,-77.82559897105052,77.82559897105052,-0.3895798320080118
4.2336,27.640887891109035,-23.407287891109036,23.407287891109036,-0.11717233667258384
-14.998,-48.13627088923262,33.13827088923262,33.13827088923262,0.16588374746547702
83.2097,8.865742541102247,74.34395745889775,74.34395745889775,0.37215141085418113
0.6156,-17.315284988230847,17.930884988230847,17.930884988230847,0.08975852744889784
-46.716,-163.30656779095494,116.59056779095494,116.59056779095494,0.5836297364137821
-11.5938,-11.81842479403712,0.22462479403712088,0.22462479403712088,0.001124428088993795
-1.9602,-154.54179562916,152.58159562916,152.58159562916,0.7637938310610879
29.95,-4.9649377147128,34.9149377147128,34.9149377147128,0.17477739650327292
4.6176,-6.560758952723592,11.178358952723592,11.178358952723592,0.055956693690815386
0.4644,-19.49117716645044,19.955577166450443,19.955577166450443,0.099893743227348
-1.476,-136.9357580821746,135.4597580821746,135.4597580821746,0.6780852379578821
2.6068,30.00543070010681,-27.39863070010681,27.39863070010681,-0.13715222351668183
292.776,198.79892336926267,93.97707663073734,93.97707663073734,0.4704309919930772
517.4793,413.3191641278769,104.16013587212308,104.16013587212308,0.5214054086507938
16.7776,33.90963158222722,-17.13203158222722,17.13203158222722,-0.08575962246358976
64.2,4.287583680323904,59.9124163196761,59.9124163196761,0.299909919019007
0.8736,29.652610818117083,-28.779010818117083,28.779010818117083,-0.14406213826956
52.532,40.71840570496233,11.813594295037667,11.813594295037667,0.05913655842961842
52.9743,58.968053229207044,-5.993753229207044,5.993753229207044,-0.030003564469841676
6.102,35.50610241990462,-29.40410241990462,29.40410241990462,-0.14719122541355478
56.301,228.78062245115015,-172.47962245115014,172.47962245115014,-0.8633994884423483
315.825,244.60588554197923,71.21911445802075,71.21911445802075,0.35650905374510306
2.5578,27.67328971700605,-25.11548971700605,25.11548971700605,-0.1257232632207532
18.2112,35.87736159322154,-17.666161593221542,17.666161593221542,-0.08843337355198176
1.176,29.803819338969824,-28.627819338969825,28.627819338969825,-0.14330530309159828
2.2728,69.96048223400462,-67.68768223400461,67.68768223400461,-0.33883138995877427
22.992,40.632439112843585,-17.640439112843584,17.640439112843584,-0.088304611811411
30.3604,40.201205249034416,-9.840805249034418,9.840805249034418,-0.04926115964964785
55.896,224.36036379913062,-168.46436379913064,168.46436379913064,-0.8432998835333729
-7.8588,-7.980503501180831,0.12170350118083118,0.12170350118083118,0.0006092240878538152
2.8884,-16.209302664279374,19.097702664279375,19.097702664279375,0.0955993900985776
-18.4464,-147.40155566265403,128.95515566265402,128.95515566265402,0.6455244616660305
125.1432,109.76590621001841,15.377293789981579,15.377293789981579,0.07697574590678413
3.6348,34.526495032694854,-30.891695032694855,30.891695032694855,-0.15463782509090201
9.072,-24.826466508099053,33.89846650809905,33.89846650809905,0.1696891390770645
42.1314,42.5727293253171,-0.4413293253170991,0.4413293253170991,-0.0022092088810161305
-19.2588,77.38577746829334,-96.64457746829333,96.64457746829333,-0.4837839830643422
11.0016,27.249256258951768,-16.247656258951768,16.247656258951768,-0.08133261137175297
16.194,68.7459851058809,-52.5519851058809,52.5519851058809,-0.2630650300147669
-8.6592,-150.0196231951329,141.3604231951329,141.3604231951329,0.7076228213987359
-2.0774,-62.6090864565663,60.531686456566305,60.531686456566305,0.3030098650404569
6.6468,-17.305133979265115,23.951933979265114,23.951933979265114,0.11989872920065925
12.7008,-25.92229782308479,38.62309782308479,38.62309782308479,0.19333972575197864
6.999,2.5146324607427566,4.484367539257243,4.484367539257243,0.022447872881208048
-4.577,-142.18399295509792,137.60699295509792,137.60699295509792,0.6888338786639611
-1.8392,-133.92065861322232,132.0814586132223,132.0814586132223,0.66117412699969
10.4284,35.52094150835437,-25.09254150835437,25.09254150835437,-0.12560838894558402
5.4201,-17.91428830612901,23.334388306129007,23.334388306129007,0.11680741550981145
5.8751,-20.36790482376081,26.24300482376081,26.24300482376081,0.13136738484247576
-32.6646,1.7815170419233866,-34.44611704192339,34.44611704192339,-0.17243057127658729
38.2668,57.39656467320178,-19.129764673201777,19.129764673201777,-0.09575988628768466
67.2742,70.80652991020446,-3.532329910204467,3.532329910204467,-0.017682157429025645
-3.9032,-157.3045208764033,153.4013208764033,153.4013208764033,0.7678972164296035
46.1184,46.34315135795761,-0.22475135795760792,0.22475135795760792,-0.001125061643396633
1.1946,29.69941345552388,-28.50481345552388,28.50481345552388,-0.1426895595310933
301.968,130.44345229816062,171.5245477018394,171.5245477018394,0.858618569756069
23.5248,45.33509455227268,-21.81029455227268,21.81029455227268,-0.10917809821007987
3.72,31.726327675526086,-28.006327675526087,28.006327675526087,-0.14019423653971919
-67.5435,-68.28812146009514,0.7446214600951464,0.7446214600951464,0.0037274303978223765
9.3312,29.584997444929975,-20.253797444929972,20.253797444929972,-0.10138657601665495
251.202,187.58170082309468,63.62029917690532,63.62029917690532,0.31847086040234385
16.17,30.556833083370464,-14.386833083370462,14.386833083370462,-0.07201769199144417
7.0218,28.774951797504585,-21.753151797504586,21.753151797504586,-0.10889205267882338
6.93,33.20601105815647,-26.27601105815647,26.27601105815647,-0.1315326076409005
4.2309,-12.424839840416823,16.65573984041682,16.65573984041682,0.08337539851652678
-0.792,-134.17771309867197,133.38571309867197,133.38571309867197,0.6677029716222183
0.846,-19.793594208155923,20.639594208155923,20.639594208155923,0.10331779967819989
1.6776,-17.585949803705915,19.263549803705914,19.263549803705914,0.09642958866525787
15.5204,20.31043655568863,-4.790036555688628,4.790036555688628,-0.023977992605897724
238.653,258.827696527846,-20.17469652784601,20.17469652784601,-0.10099061218988488
3.9294,51.190258122239726,-47.260858122239725,47.260858122239725,-0.2365786760557469
6.567,23.74344913780355,-17.17644913780355,17.17644913780355,-0.08598196811936905
266.4522,236.71301207619285,29.73918792380715,29.73918792380715,0.14886859836081892
82.3368,74.23190380962453,8.10489619037547,8.10489619037547,0.04057153607598157
1.7608,30.07023435190084,-28.30943435190084,28.30943435190084,-0.14171152968778103
18.767,99.57496062239258,-80.80796062239259,80.80796062239259,-0.404508955156157
46.1184,46.34315135795761,-0.22475135795760792,0.22475135795760792,-0.001125061643396633
3.942,-15.541105010225362,19.483105010225362,19.483105010225362,0.09752863938382861
1.7876,29.83262096198939,-28.04502096198939,28.04502096198939,-0.14038792761617103
13.7428,28.386920368224764,-14.644120368224764,14.644120368224764,-0.07330562216527581
41.1208,-11.305474140653265,52.42627414065327,52.42627414065327,0.26243574534028385
6.0288,29.47699135860659,-23.44819135860659,23.44819135860659,-0.11737709148599902
5.2164,28.321326234946362,-23.10492623494636,23.10492623494636,-0.1156587729509948
6.2208,31.380708199291252,-25.15990819929125,25.15990819929125,-0.12594561351545708
20.844,44.51705801760802,-23.67305801760802,23.67305801760802,-0.11850273030402556
2.577,44.5106480933375,-41.9336480933375,41.9336480933375,-0.20991169738073384
4.6956,17.487877499770814,-12.792277499770815,12.792277499770815,-0.06403565645815822
36.4044,40.33160303410685,-3.927203034106846,3.927203034106846,-0.01965881558917152
14.212,35.780156115530495,-21.568156115530495,21.568156115530495,-0.10796600022746373
-4.396,-157.26563868532688,152.8696386853269,152.8696386853269,0.7652357186522687
6.1308,-34.983147543223595,41.113947543223595,41.113947543223595,0.20580843564125093
6.1192,-3.666266280165736,9.785466280165735,9.785466280165735,0.04898414352024578
18.3168,44.22184138165744,-25.90504138165744,25.90504138165744,-0.12967560549557403
5.4801,-5.912792875692162,11.392892875692162,11.392892875692162,0.05703060883923853
4.6644,29.31498222912151,-24.65058222912151,24.65058222912151,-0.12339602663762458
4.8588,69.81726460039113,-64.95846460039112,64.95846460039112,-0.32516945659399604
-5.176,-138.89887827033715,133.72287827033716,133.72287827033716,0.6693907549823583
58.38,60.50396113016177,-2.123961130161767,2.123961130161767,-0.010632136870385833
3.8655,49.27990728599935,-45.41440728599935,45.41440728599935,-0.22733570181457008
4.116,30.55986194323352,-26.44386194323352,26.44386194323352,-0.13237283656911006
83.9916,65.04620530629056,18.945394693709446,18.945394693709446,0.0948369659814155
15.5372,51.987478988308865,-36.45027898830887,36.45027898830887,-0.1824630167021617
-28.5978,19.79560627248447,-48.39340627248447,48.39340627248447,-0.24224799211558803
12.6392,-11.143097175137104,23.782297175137103,23.782297175137103,0.11904956030856824
5.7798,-11.24102269340364,17.020822693403638,17.020822693403638,0.08520293236677721
31.0688,-1.6644830393967744,32.733283039396774,32.733283039396774,0.16385645695194012
6.321,31.369907590658915,-25.048907590658914,25.048907590658914,-0.12538996602882663
152.388,90.71001547647971,61.677984523520294,61.677984523520294,0.30874801051263195
7.209,-22.685136277502938,29.894136277502938,29.894136277502938,0.1496442397230547
2.3408,-16.439715648435932,18.780515648435934,18.780515648435934,0.09401161350602769
224.4426,156.51612153662592,67.92647846337408,67.92647846337408,0.34002675750045563
1.5426,-16.903351338142123,18.445951338142123,18.445951338142123,0.09233684955273486
-11.7612,-156.93369998002632,145.17249998002632,145.17249998002632,0.7267053373458711
-1.428,-20.140583324632857,18.712583324632856,18.712583324632856,0.09367155748789203
2.4012,29.987429685719576,-27.586229685719577,27.586229685719577,-0.13809130760040447
22.9068,41.35766085417902,-18.450860854179016,18.450860854179016,-0.09236142563641658
1.1765,-25.226879508979945,26.403379508979945,26.403379508979945,0.13217018936633493
7.056,22.75339334650585,-15.697393346505848,15.697393346505848,-0.07857810211226546
5.4432,-17.806282219805624,23.249482219805625,23.249482219805625,0.11638239213339484
149.148,209.15791890288364,-60.00991890288364,60.00991890288364,-0.30039799801214745
-2.1756,-133.81265252689892,131.6370525268989,131.6370525268989,0.6589495164506906
2.1684,-19.40477229739173,21.57317229739173,21.57317229739173,0.1079911102595439
77.5584,100.53245680275947,-22.974056802759463,22.974056802759463,-0.11500366599286756
-2929.4845,173.61301819053043,-3103.0975181905305,3103.0975181905305,-15.533503446479505
18.8784,-25.3476350029355,44.226035002935504,44.226035002935504,0.2213869409888268
5.9904,-32.098735438722585,38.089135438722586,38.089135438722586,0.19066681376994807
3.556,-22.87234682713014,26.42834682713014,26.42834682713014,0.1322951709114723
18.8732,-14.19592833339371,33.06912833339371,33.06912833339371,0.16553763326083915
3.6588,-5.899832145333356,9.558632145333355,9.558632145333355,0.047848655900361824
-10.0372,-137.93978422378547,127.90258422378547,127.90258422378547,0.6402554934890765
8.2194,5.046224683254035,3.173175316745965,3.173175316745965,0.015884299294499547
27.783,30.367822432304536,-2.5848224323045343,2.5848224323045343,-0.01293911903360129
28.7964,46.40896462970599,-17.612564629705993,17.612564629705993,-0.08816507756301939
20.155,32.6719522738701,-12.516952273870096,12.516952273870096,-0.06265743185504442
91.968,57.613367327332924,34.35463267266708,34.35463267266708,0.17197261829354005
5.0688,30.94868385399771,-25.87988385399771,25.87988385399771,-0.12954967179857724
16.2486,34.68828502370995,-18.439685023709952,18.439685023709952,-0.09230548159982385
207.147,148.74249304273522,58.40450695726477,58.40450695726477,0.29236161763927676
1114.512,447.01332979182143,667.4986702081785,667.4986702081785,3.3413686915792877
3.0498,29.31498222912151,-26.26518222912151,26.26518222912151,-0.13147840062608712
-6.9828,-129.69589097744807,122.71309097744808,122.71309097744808,0.6142778982781888
-131.994,66.3778239190603,-198.37182391906032,198.37182391906032,-0.9930108198236618
-3.9384,-136.44811060242452,132.50971060242452,132.50971060242452,0.6633178732761891
-356.9643,-111.38465648715962,-245.57964351284036,245.57964351284036,-1.2293239953078685
-22.62,-131.22655635912045,108.60655635912045,108.60655635912045,0.5436633259590277
25.011,7.565349261768677,17.445650738231322,17.445650738231322,0.08732953904278655
-52.641,-38.280073728300415,-14.360926271699583,14.360926271699583,-0.0718880075242246
9.6712,-26.12390918422178,35.79510918422178,35.79510918422178,0.17918336391968953
-250.396,200.18354322098307,-450.57954322098306,450.57954322098306,-2.2555136751285807
3.2352,27.90550280260133,-24.67030280260133,24.67030280260133,-0.12349474399804256
146.7693,165.13803608509517,-18.36873608509518,18.36873608509518,-0.09195032499387248
5.3196,32.73078427833357,-27.41118427833357,27.41118427833357,-0.13721506429094302
17.379,88.65352605518959,-71.27452605518958,71.27452605518958,-0.3567864334376687
21.792,42.12371358559068,-20.331713585590677,20.331713585590677,-0.10177660908277501
146.7693,165.13803608509517,-18.36873608509518,18.36873608509518,-0.09195032499387248
11.1776,30.309428704781027,-19.13182870478103,19.13182870478103,-0.0957702184288636
16.4052,35.07451635155104,-18.66931635155104,18.66931635155104,-0.09345497142459712
133.9713,109.24488641274309,24.72641358725693,24.72641358725693,0.12377562368736042
60.5528,53.820772734413346,6.732027265586652,6.732027265586652,0.03369922089743475
72.6408,80.56927049388418,-7.928470493884177,7.928470493884177,-0.039688383307359236
53.9946,22.592314308593544,31.402285691406455,31.402285691406455,0.1571937427539285
2.1684,27.586884847947342,-25.41848484794734,25.41848484794734,-0.12723999799404112
2.2282,33.55264015434565,-31.324440154345652,31.324440154345652,-0.15680406311571585
40.3704,-13.884589041146835,54.25498904114683,54.25498904114683,0.27158993693204836
25.5528,64.41696028422186,-38.86416028422185,38.86416028422185,-0.19454643760970744
7.4172,36.77842193253744,-29.36122193253744,29.36122193253744,-0.14697657402267833
48.118,143.9002201725701,-95.7822201725701,95.7822201725701,-0.4794671899417643
111.1035,143.7312297758001,-32.627729775800105,32.627729775800105,-0.16332807781649417
2.034,35.150120611977414,-33.116120611977415,33.116120611977415,-0.1657728674798925
83.986,16.665081172983903,67.3209188270161,67.3209188270161,0.33699544358161343
-37.1124,-10.94116946577482,-26.17123053422518,26.17123053422518,-0.13100809669012647
193.32,157.9350397472797,35.384960252720305,35.384960252720305,0.1771302380337963
103.8982,54.02993670584963,49.868263294150374,49.868263294150374,0.24963083989746207
32.5008,38.27408708964635,-5.773287089646352,5.773287089646352,-0.02889995379740139
38.976,46.510341653288876,-7.534341653288877,7.534341653288877,-0.037715450884882866
191.6586,92.46008318267897,99.19851681732104,99.19851681732104,0.4965685073816298
28.858,31.21387010850439,-2.3558701085043907,2.3558701085043907,-0.01179302817117076
187.3976,152.86753505880418,34.53006494119583,34.53006494119583,0.1728507981547402
1.8144,-19.672627391473732,21.48702739147373,21.48702739147373,0.10755988559285853
3.969,22.80739638966754,-18.83839638966754,18.83839638966754,-0.09430135325417785
-13.8278,-171.06450408974598,157.23670408974598,157.23670408974598,0.7870963998306357
13.9972,-3.2456921431711443,17.242892143171144,17.242892143171144,0.08631456889869414
8.7138,32.38516480209874,-23.671364802098743,23.671364802098743,-0.11849425439606752
7.93,-13.251375980169588,21.181375980169587,21.181375980169587,0.1060298539960163
91.9508,58.340608308577046,33.610191691422955,33.610191691422955,0.1682460913377906
84.66,45.1858883681126,39.474111631887396,39.474111631887396,0.19759973558233204
0.7938,-19.335648402144763,20.129448402144764,20.129448402144764,0.10076410886138591
-437.5404,177.0515875161191,-614.591987516119,614.591987516119,-3.076528114342732
11.88,24.91351507297356,-13.03351507297356,13.03351507297356,-0.06524324489287499
0.8376,24.73789561346307,-23.900295613463072,23.900295613463072,-0.11964023757142282
-83.205,-137.13406663555637,53.92906663555637,53.92906663555637,0.26995843267514175
195.9944,155.05127724244528,40.94312275755473,40.94312275755473,0.2049533199443138
70.1784,113.58607366753323,-43.40767366753323,43.40767366753323,-0.21729038309806822
21.99,36.96462286221029,-14.974622862210293,14.974622862210293,-0.07496005345507553
105.8316,94.12403432746908,11.707565672530919,11.707565672530919,0.05860579973979985
11.1564,48.399657682463754,-37.24325768246376,37.24325768246376,-0.1864325140210286
113.6742,99.60815292977398,14.06604707022602,14.06604707022602,0.07041189951745604
81.5949,48.513775026206105,33.08112497379389,33.08112497379389,0.1655976861125172
-653.2834,241.5749270054208,-894.8583270054208,894.8583270054208,-4.47948697234468
6.206,24.013464353612015,-17.807464353612016,17.807464353612016,-0.08914070772458049
274.995,131.01373224969143,143.98126775030858,143.98126775030858,0.7207422601826796
37.23,32.89789958901961,4.332100410980388,4.332100410980388,0.021685653212632088
17.253,32.98718916411662,-15.734189164116621,15.734189164116621,-0.07876229482819605
22.6296,26.89801733993078,-4.268417339930782,4.268417339930782,-0.021366868128427488
83.9944,83.04721969352151,0.9471803064784865,0.9471803064784865,0.004741400638836676
15.7,34.428060796579466,-18.728060796579467,18.728060796579467,-0.09374903470619282
4.5188,-15.140762450253352,19.65956245025335,19.65956245025335,0.09841195105442993
-95.67,84.06969499208995,-179.73969499208994,179.73969499208994,-0.8997420014234229
5.605,-18.458498099381114,24.063498099381114,24.063498099381114,0.12045719751632336
-131.951,31.30095007434678,-163.25195007434678,163.25195007434678,-0.8172075528593371
8.5728,29.368985272283204,-20.796185272283203,20.796185272283203,-0.10410166412978418
-29.6058,55.78051679098361,-85.38631679098361,85.38631679098361,-0.4274273168599456
2.8296,33.896459529141765,-31.066859529141766,31.066859529141766,-0.1555146645370711
7.2576,-19.83528612062542,27.09288612062542,27.09288612062542,0.1356217255380408
8.3524,-17.23737972426025,25.58977972426025,25.58977972426025,0.1280974668734344
23.4552,-8.95842362819387,32.413623628193875,32.413623628193875,0.16225630402844604
48.5392,42.11809414280452,6.421105857195478,6.421105857195478,0.03214280871879177
-9.5568,-156.6752054134257,147.11840541342568,147.11840541342568,0.7364461619828802
-93.2316,4.767262497944804,-97.9988624979448,97.9988624979448,-0.49056327087347096
-1.289,-12.82518240038884,11.53618240038884,11.53618240038884,0.05774788836805532
-1.7892,-136.87419461297029,135.0849946129703,135.0849946129703,0.6762092448231596
2.8884,-16.209302664279374,19.097702664279375,19.097702664279375,0.0955993900985776
3.1842,-13.100237900225729,16.28443790022573,16.28443790022573,0.08151673312369502
-0.6048,-20.061449302237918,19.456649302237917,19.456649302237917,0.09739620724826309
13.8915,35.3471221502826,-21.4556221502826,21.4556221502826,-0.10740267705544705
-31.536,-161.1191549635275,129.5831549635275,129.5831549635275,0.648668104186873
-120.372,-57.874072863302644,-62.497927136697356,62.497927136697356,-0.3128524839727919
-7.008,-17.260421022675906,10.252421022675907,10.252421022675907,0.051321628262382187
-4.8492,-112.04881111765988,107.19961111765988,107.19961111765988,0.5366204313580293
-8.05,-156.88977750492148,148.83977750492147,148.83977750492147,0.7450630163225129
-8.3524,-11.313026750952563,2.9606267509525637,2.9606267509525637,0.014820322458469816
6.4638,-17.15824570186531,23.62204570186531,23.62204570186531,0.11824737255978543
0.3336,-16.842938370709906,17.176538370709906,17.176538370709906,0.08598241480196611
1.8792,-13.748274418166048,15.627474418166049,15.627474418166049,0.07822810153768676
5.4432,-17.806282219805624,23.249482219805625,23.249482219805625,0.11638239213339484
12.51,-22.28616335777302,34.79616335777302,34.79616335777302,0.174182835142548
5.0328,-17.585949803705915,22.618749803705917,22.618749803705917,0.11322506816859587
13.9728,9.968633380025112,4.004166619974887,4.004166619974887,0.020044080351018827
23.226,35.068896908764884,-11.842896908764885,11.842896908764885,-0.05928324162234903
5.256,-30.809792367687976,36.065792367687976,36.065792367687976,0.1805383513600224
6.792,-14.303863978808213,21.09586397880821,21.09586397880821,0.1056017975266093
19.692,-20.0396367622466,39.7316367622466,39.7316367622466,0.19888885636456335
-35.046,4.153726574191788,-39.199726574191786,39.199726574191786,-0.1962262172786396
3.14,-21.759234538332663,24.899234538332664,24.899234538332664,0.12464073180059954
-7.4358,-128.61220187076103,121.17640187076103,121.17640187076103,0.6065855310886427
5.4432,-17.806282219805624,23.249482219805625,23.249482219805625,0.11638239213339484
3.3675,-18.666010666939776,22.033510666939776,22.033510666939776,0.1102954747237619
1.0738,-14.086693488645984,15.160493488645985,15.160493488645985,0.07589048570846527
0.0,38.3967131259495,-38.3967131259495,38.3967131259495,-0.19220648792990988
16.1868,32.28514960301462,-16.098349603014615,16.098349603014615,-0.08058521125268277
296.0671,127.63068423092078,168.4364157690792,168.4364157690792,0.843159981123416
28.6578,-24.14797696326155,52.80577696326155,52.80577696326155,0.26433546275759917
9.302,62.022606232250155,-52.720606232250155,52.720606232250155,-0.2639091146212776
42.9914,47.04519091905962,-4.053790919059622,4.053790919059622,-0.020292489953470303
9.3312,29.584997444929975,-20.253797444929972,20.253797444929972,-0.10138657601665495
6.3504,31.380708199291252,-25.03030819929125,25.03030819929125,-0.12529686108828952
-108.3348,-1.4929894038286218,-106.84181059617138,106.84181059617138,-0.5348293514447771
31.4916,26.56038875093521,4.931211249064788,4.931211249064788,0.024684685699897877
1371.9804,527.1446261981099,844.83577380189,844.83577380189,4.229083787129332
198.429,137.28787624512577,61.14112375487423,61.14112375487423,0.3060605897818436
4.4174,35.0683255657505,-30.650925565750498,30.650925565750498,-0.15343257990519218
80.6316,77.92312137896124,2.708478621038765,2.708478621038765,0.013558117896067512
21.0654,16.380595976486127,4.684804023513873,4.684804023513873,0.023451218989652658
37.4144,29.477343563150992,7.937056436849009,7.937056436849009,0.039731362870152116
37.7916,-1.1690246825512993,38.9606246825513,38.9606246825513,0.1950293196509998
14.6825,24.808890051057638,-10.126390051057639,10.126390051057639,-0.05069074169806399
32.6704,-6.7651095943447785,39.43550959434478,39.43550959434478,0.19740650128025344
8.184,23.230420227767468,-15.046420227767468,15.046420227767468,-0.0753194571215065
2.7324,-16.186261365863725,18.918661365863727,18.918661365863727,0.09470314413476291
13.0548,28.588531729361748,-15.533731729361747,15.533731729361747,-0.07775884384562655
10.9698,30.287037006031984,-19.317237006031984,19.317237006031984,-0.0966983363721782
24.2285,29.44077019136214,-5.2122701913621405,5.2122701913621405,-0.026091612173605866
43.164,50.63099298499603,-7.4669929849960255,7.4669929849960255,-0.03737831653286519
292.776,231.01529514602743,61.760704853972584,61.760704853972584,0.30916209241970777
18.5136,22.7665653995913,-4.2529653995913,4.2529653995913,-0.021289518716392865
1.1225,-14.03485056721076,15.157350567210761,15.157350567210761,0.07587475285422532
29.3284,44.57545174513153,-15.247051745131532,15.247051745131532,-0.07632377952780471
38.9312,48.15203416540434,-9.22083416540434,9.22083416540434,-0.046157704824966395
16.38,31.547898494622515,-15.167898494622516,15.167898494622516,-0.0759275537300738
1.9224,-22.029969794716614,23.952369794716613,23.952369794716613,0.11990091080815893
105.297,131.03042497727273,-25.733424977272733,25.733424977272733,-0.12881652710910527
352.3065,244.77092353132738,107.53557646867264,107.53557646867264,0.5383022086490302
16.945,41.24886428637126,-24.303864286371258,24.303864286371258,-0.1216604239609134
10.374,27.343652015249738,-16.969652015249736,16.969652015249736,-0.08494678189106615
0.84,-14.197579737271326,15.037579737271326,15.037579737271326,0.07527520334321387
2.904,27.273667197609523,-24.369667197609523,24.369667197609523,-0.12198982055335565
13.064,28.235711847372023,-15.171711847372023,15.171711847372023,-0.07594664263325195
34.0704,64.41696028422186,-30.34656028422186,30.34656028422186,-0.15190898642419495
125.198,162.65165644954922,-37.45365644954923,37.45365644954923,-0.1874857293822922
-178.8468,58.48471236170086,-237.33151236170085,237.33151236170085,-1.1880354528395187
-10.3124,-108.46595965493431,98.15355965493431,98.15355965493431,0.49133765479378627
9.2386,1.3625675399599793,7.876032460040021,7.876032460040021,0.03942588869522736
-14.603,-5.273326403748836,-9.329673596251164,9.329673596251164,-0.04670253387537853
259.8896,257.4997930090828,2.3898069909171795,2.3898069909171795,0.011962909612804997
33.2156,83.40363977838868,-50.18803977838868,50.18803977838868,-0.25123157886583175
-17.0352,10.059288051627874,-27.094488051627874,27.094488051627874,-0.1356297444934883
1.521,29.74981629580813,-28.22881629580813,28.22881629580813,-0.1413079713578144
5.778,28.396930495372732,-22.618930495372734,22.618930495372734,-0.11322597267598335
7.128,28.936960926989663,-21.808960926989663,21.808960926989663,-0.10917142234094955
112.788,127.60052078340246,-14.812520783402462,14.812520783402462,-0.07414860193443133
11.9586,37.415438703375436,-25.456838703375436,25.456838703375436,-0.12743198994466004
160.623,122.46483137872548,38.15816862127451,38.15816862127451,0.19101238047315536
700.98,651.0788005328019,49.901199467198126,49.901199467198126,0.24979571198238754
69.1776,52.028662182929516,17.148937817070482,17.148937817070482,0.08584425179143568
150.984,82.70779100308721,68.2762089969128,68.2762089969128,0.34177744062150384
0.8946,-14.067972433683266,14.962572433683267,14.962572433683267,0.07489973135048203
-3.5224,-157.34484314863067,153.82244314863067,153.82244314863067,0.7700052727277656
-91.7586,10.494547127027504,-102.2531471270275,102.2531471270275,-0.5118593933964575
19.968,-8.058443349741207,28.026443349741207,28.026443349741207,0.14029493169767576
1.6848,-19.707189339097212,21.39198933909721,21.39198933909721,0.10708414356236051
15.8256,35.830558955814745,-20.004958955814743,20.004958955814743,-0.1001409388732428
19.3932,28.902679471272346,-9.509479471272346,9.509479471272346,-0.04760260716117312
29.5776,42.69974604598207,-13.122146045982067,13.122146045982067,-0.06568691432853464
21.7728,22.402154427484863,-0.6293544274848628,0.6293544274848628,-0.0031504260214464197
22.89,34.32646463452661,-11.436464634526608,11.436464634526608,-0.057248720600811105
10.0725,33.33820894466763,-23.26570894466763,23.26570894466763,-0.11646361996625908
17.8066,21.205086970734005,-3.3984869707340053,3.3984869707340053,-0.01701216567099553
-337.806,294.8197060876873,-632.6257060876873,632.6257060876873,-3.1668014067359542
-162.2296,52.67487260874235,-214.90447260874237,214.90447260874237,-1.0757700479481975
15.9968,59.11825213010543,-43.12145213010543,43.12145213010543,-0.21585761367589296
394.212,287.16827444063244,107.04372555936754,107.04372555936754,0.5358400985316208
-27.2922,0.7407342463727993,-28.0329342463728,28.0329342463728,-0.14032742386545538
4.504,-9.535966610645122,14.039966610645122,14.039966610645122,0.07028134580252739
11.58,33.21681166678881,-21.63681166678881,21.63681166678881,-0.10830967658176434
43.736,91.73328047837482,-47.997280478374826,47.997280478374826,-0.24026506333169675
40.4012,29.710566268700624,10.690633731299378,10.690633731299378,0.05351523596558549
4.3296,25.485156849003133,-21.155556849003133,21.155556849003133,-0.10590060844037129
22.3734,34.30486341726193,-11.931463417261927,11.931463417261927,-0.059726588361185544
77.4837,54.550604298580566,22.933095701419433,22.933095701419433,0.11479862267563144
4.36,-18.681710677782778,23.041710677782778,23.041710677782778,0.11534232815049617
-786.0144,686.8470261712271,-1472.861426171227,1472.861426171227,-7.372858218441823
0.7776,-14.266703632518293,15.044303632518293,15.044303632518293,0.07530886185680563
32.3982,57.15426193207695,-24.756061932076946,24.756061932076946,-0.12392403754278856
5.7365,-24.94448272157041,30.68098272157041,30.68098272157041,0.15358304018908048
28.1421,32.99935159724772,-4.857251597247718,4.857251597247718,-0.02431445804844115
18.9702,38.73311295652074,-19.762912956520744,19.762912956520744,-0.09892930361453771
3.0558,30.71467066696371,-27.658870666963708,27.658870666963708,-0.13845493424310482
4.2392,48.125251782293475,-43.88605178229348,43.88605178229348,-0.21968505102287186
0.5828,32.23316579976163,-31.65036579976163,31.65036579976163,-0.15843558359055976
9.936,32.77398671286293,-22.83798671286293,22.83798671286293,-0.11432252555239468
14.161,25.363540432654336,-11.202540432654336,11.202540432654336,-0.056077741482463334
12.7746,36.90262893180933,-24.128028931809332,24.128028931809332,-0.12078022632932452
120.9468,109.82271897457318,11.124081025426818,11.124081025426818,0.05568498892943108
9.8901,32.67937181809498,-22.789271818094978,22.789271818094978,-0.11407866825131505
13.8915,35.3471221502826,-21.4556221502826,21.4556221502826,-0.10740267705544705
3.6018,27.495079674572462,-23.89327967457246,23.89327967457246,-0.11960511714407604
13.452,26.533606367824348,-13.081606367824348,13.081606367824348,-0.06548398057389412
13.455,25.543550576526645,-12.088550576526645,12.088550576526645,-0.060512936168668895
8.2156,32.19435404959409,-23.978754049594087,23.978754049594087,-0.12003298526333461
36.4044,40.33160303410685,-3.927203034106846,3.927203034106846,-0.01965881558917152
4.2,21.67333248327199,-17.473332483271992,17.473332483271992,-0.08746810848170143
134.5302,103.9287485872538,30.6014514127462,30.6014514127462,0.1531849219048558
57.4938,64.41696028422186,-6.923160284221858,6.923160284221858,-0.034655995664035474
197.9208,141.47886459901756,56.44193540098246,56.44193540098246,0.28253736562825693
2.299,40.853413312866564,-38.554413312866565,38.554413312866565,-0.19299590443474954
20.7312,22.011532415281952,-1.2803324152819506,1.2803324152819506,-0.006409095385767532
79.8912,56.04648859415946,23.844711405840535,23.844711405840535,0.11936199382445287
12.796,-19.948982090643835,32.74498209064383,32.74498209064383,0.1639150201301198
60.4968,4.01547878369786,56.48132121630214,56.48132121630214,0.2827345233696506
-44.196,46.002203057990755,-90.19820305799075,90.19820305799075,-0.45151468487672913
40.1702,43.80500832935805,-3.6348083293580515,3.6348083293580515,-0.018195144490431376
5.1184,-15.011155146665285,20.129555146665286,20.129555146665286,0.10076464320372214
8.7145,98.96571895140377,-90.25121895140377,90.25121895140377,-0.4517800721416223
12.6813,37.577666971330494,-24.896366971330494,24.896366971330494,-0.12462637731716804
9.2799,-27.504947008010134,36.78484700801013,36.78484700801013,0.18413779922402776
145.2816,126.16641127975454,19.115188720245456,19.115188720245456,0.0956869218983429
2.6251,23.122123290335864,-20.497023290335864,20.497023290335864,-0.10260411735582897
15.9384,35.97895775527441,-20.040557755274406,20.040557755274406,-0.10031913954881154
50.9082,55.64686607476294,-4.738666074762939,4.738666074762939,-0.02372084195631975
36.294,91.41848186506826,-55.12448186506826,55.12448186506826,-0.2759424491228185
26.3912,39.84478516416724,-13.45358516416724,13.45358516416724,-0.06734603417715275
6.6588,86.01817754889899,-79.35937754889899,79.35937754889899,-0.397257629655518
12.9584,-10.466259034177217,23.424659034177218,23.424659034177218,0.11725929324070235
3.6936,31.510315502879315,-27.816715502879315,27.816715502879315,-0.13924507483273535
-5.6406,-160.08272699601963,154.44212699601962,154.44212699601962,0.7731072897036153
4.8024,33.88925912338687,-29.086859123386873,29.086859123386873,-0.14560316709088095
15.3522,6.921280782736893,8.430919217263106,8.430919217263106,0.04220354402355772
33.3576,39.44126377504171,-6.083663775041714,6.083663775041714,-0.03045363919853151
4.704,-15.38557624591969,20.08957624591969,20.08957624591969,0.10056451659188421
-52.9584,-171.75243241871706,118.79403241871707,118.79403241871707,0.594659852350808
10.875,33.91604150649774,-23.04104150649774,23.04104150649774,-0.11533897840901963
4.0872,-21.304168894623466,25.391368894623465,25.391368894623465,0.12710426079856407
19.996,65.15478273562833,-45.158782735628336,45.158782735628336,-0.22605609496660084
23.0864,31.965522028406273,-8.879122028406272,8.879122028406272,-0.044447160239548866
53.0439,59.0112556637364,-5.967355663736399,5.967355663736399,-0.029871423384421954
33.64,1.734108476912425,31.905891523087575,31.905891523087575,0.15971469572953703
-7.098,-23.101355586454833,16.003355586454834,16.003355586454834,0.08010968965693004
-5.4548,-11.601042981148257,6.146242981148258,6.146242981148258,0.030766898549240147
4.752,30.94868385399771,-26.196683853997712,26.196683853997712,-0.13113551106498683
18.6624,24.19786518184614,-5.5354651818461384,5.5354651818461384,-0.027709463520248542
16.544,26.497604339049886,-9.953604339049885,9.953604339049885,-0.049825809984754534
15.9348,-12.410298147089279,28.345098147089278,28.345098147089278,0.14189005571934357
14.7582,14.815876093309784,-0.05767609330978374,0.05767609330978374,-0.0002887153204032791
-4.818,-157.19219454662698,152.37419454662697,152.37419454662697,0.762755621526439
-22.948,-1.882010277839747,-21.065989722160253,21.065989722160253,-0.10545225280045042
-2.918,-15.163662866851247,12.245662866851248,12.245662866851248,0.06129940977735671
3.5529,-16.67005819168361,20.22295819168361,20.22295819168361,0.1012322007049604
5.7624,31.16469602664448,-25.402296026644482,25.402296026644482,-0.12715895989903178
82.2906,56.31650380996793,25.97409619003207,25.97409619003207,0.13002128045344927
1.0114,32.71019268102325,-31.69879268102325,31.69879268102325,-0.15867799915196895
24.1224,32.56315570606234,-8.44075570606234,8.44075570606234,-0.042252783575898074
11.6496,28.94855201710637,-17.29895201710637,17.29895201710637,-0.08659519373883447
113.848,93.35337177322562,20.49462822677438,20.49462822677438,0.10259212813284493
8.0968,28.149306978313312,-20.05250697831331,20.05250697831331,-0.10037895503838913
-14.9877,39.4905082978105,-54.4782082978105,54.4782082978105,-0.27270732917395496
-2.6208,-139.62251904870382,137.00171904870382,137.00171904870382,0.6858039950538194
178.8,154.828855145528,23.971144854472016,23.971144854472016,0.11999489511052415
70.312,51.889044752193485,18.422955247806513,18.422955247806513,0.0922217355911562
8.5025,28.21670121303044,-19.714201213030442,19.714201213030442,-0.0986854620881419
-9.7176,8.386300543325055,-18.103900543325054,18.103900543325054,-0.09062460971205455
48.5392,42.11809414280452,6.421105857195478,6.421105857195478,0.03214280871879177
1.8872,34.43648996075869,-32.54928996075869,32.54928996075869,-0.16293542333814007
22.2352,44.44224423866602,-22.207044238666022,22.207044238666022,-0.11116415007756174
2.9568,30.156639220959548,-27.199839220959547,27.199839220959547,-0.13615711198429745
17.3148,32.71717394830816,-15.402373948308156,15.402373948308156,-0.07710129230792699
0.0,28.936960926989663,-28.936960926989663,28.936960926989663,-0.14485280583516544
22.2,34.07805063598282,-11.87805063598282,11.87805063598282,-0.05945921435272419
7.434,-34.55544344138299,41.98944344138299,41.98944344138299,0.21019099805565025
-7.3232,-150.42572607970882,143.1025260797088,143.1025260797088,0.7163434500618858
-152.9847,-121.1350076834949,-31.8496923165051,31.8496923165051,-0.15943337341722782
80.3404,52.637886950702296,27.702513049297707,27.702513049297707,0.13867339953219862
6.2664,-14.420721874764109,20.68712187476411,20.68712187476411,0.1035557139457128
-13.81,124.13995301806605,-137.94995301806605,137.94995301806605,-0.6905506701243941
61.4628,3.289677883604705,58.1731221163953,58.1731221163953,0.2912033500688767
0.3348,-13.877881721754108,14.212681721754107,14.212681721754107,0.07114592410145075
-15.4764,-52.08648392727547,36.61008392727547,36.61008392727547,0.18326296918694523
23.184,20.34722906594746,2.8367709340525415,2.8367709340525415,0.014200324296180383
32.4684,-1.5204749242989308,33.98887492429893,33.98887492429893,0.17014170604809886
4.0203,34.69030426361865,-30.67000426361865,30.67000426361865,-0.15352808416097274
135.98,109.1858352698096,26.79416473019039,26.79416473019039,0.134126384279618
1.9176,29.782218121705146,-27.864618121705146,27.864618121705146,-0.139484866038221
8.694,29.487791967238927,-20.793791967238924,20.793791967238924,-0.10408968370959569
386.835,414.9634472229155,-28.128447222915497,28.128447222915497,-0.14080554327408248
653.301,373.5651526121017,279.73584738789833,279.73584738789833,1.4003033175823587
29.808,28.377700722561165,1.4302992774388343,1.4302992774388343,0.007159800368938685
-1.0656,-34.275665277472314,33.21006527747231,33.21006527747231,0.16624313622803494
-7.476,-109.48841727212904,102.01241727212904,102.01241727212904,0.5106543465009554
28.959,32.57294669474033,-3.6139466947403314,3.6139466947403314,-0.018090715199590875
80.0199,79.43520658748864,0.5846934125113705,0.5846934125113705,0.002926861655213241
1.999,36.244582286721055,-34.24558228672105,34.24558228672105,-0.1714267332428761
-46.3998,-9.559122022032106,-36.84067797796789,36.84067797796789,-0.184417278215318
3.912,-24.182820674520553,28.09482067452055,28.09482067452055,0.1406372153042639
-2287.782,104.9827811989704,-2392.7647811989705,2392.7647811989705,-11.977715736449785
3.3408,-21.909002978034422,25.249802978034424,25.249802978034424,0.1263956093171494
3.506,-12.594698975323407,16.100698975323407,16.100698975323407,0.08059697175413068
21.4368,40.74123568065134,-19.30443568065134,19.30443568065134,-0.0966342554237858
14.9744,28.62453375813621,-13.65013375813621,13.65013375813621,-0.06832991826198101
11.691,-4.706881425052124,16.397881425052127,16.397881425052127,0.08208460937429356
1.3284,-15.518063711809706,16.846463711809704,16.846463711809704,0.08433012517150307
1.5691,-12.943269054769075,14.512369054769076,14.512369054769076,0.07264610068080905
7.2576,-19.83528612062542,27.09288612062542,27.09288612062542,0.1356217255380408
-21.888,-132.4092230043615,110.5212230043615,110.5212230043615,0.5532477752901767
-1002.7836,337.41844794792996,-1340.20204794793,1340.20204794793,-6.708791138126208
-26.2476,-134.13364974174937,107.88604974174936,107.88604974174936,0.5400566097799399
5.928,-14.086623047737103,20.014623047737103,20.014623047737103,0.100189315440303
7.98,31.920738630908183,-23.940738630908182,23.940738630908182,-0.11984268746131091
6.253,23.20341870618662,-16.95041870618662,16.95041870618662,-0.08485050368167449
9.0288,21.71372519640827,-12.684925196408269,12.684925196408269,-0.06349827167908044
2.004,30.25024449577315,-28.246244495773148,28.246244495773148,-0.14139521354167603
9.3312,29.584997444929975,-20.253797444929972,20.253797444929972,-0.10138657601665495
2.394,-11.89769969824982,14.29169969824982,14.29169969824982,0.07154147274374599
11.7488,-11.601042981148257,23.349842981148257,23.349842981148257,0.11688477861112183
24.9366,43.51980182055543,-18.58320182055543,18.58320182055543,-0.09302389880887336
20.4525,-15.621538231953519,36.07403823195352,36.07403823195352,0.18057962855490176
6.5888,27.213254230177306,-20.624454230177307,20.624454230177307,-0.1032420118891498
4.0584,25.0459320979547,-20.987532097954702,20.987532097954702,-0.1050595091728798
8.4966,29.206976142798126,-20.710376142798125,20.710376142798125,-0.10367212029470255
1.5548,32.61838750764837,-31.06358750764837,31.06358750764837,-0.1554982854330157
8.7672,-18.71202282286221,27.479222822862212,27.479222822862212,0.13755565202939907
111.5688,22.948296116520755,88.62050388347924,88.62050388347924,0.44361702925323687
4.891,64.18272795871786,-59.291727958717864,59.291727958717864,-0.296802873643341
5.7528,19.402394949087817,-13.649594949087817,13.649594949087817,-0.06832722108854022
6.0114,31.564318546041008,-25.552918546041006,25.552918546041006,-0.1279129469749931
53.997,182.16137625262948,-128.1643762526295,128.1643762526295,-0.6415659735363426
0.5508,-14.387670449200485,14.938470449200485,14.938470449200485,0.0747790814976058
16.7475,21.70536520140856,-4.957865201408563,4.957865201408563,-0.024818110208205228
2.2365,37.76127731808025,-35.524777318080254,35.524777318080254,-0.1778301351056459
210.4936,153.7819865896755,56.711613410324475,56.711613410324475,0.28388732136216394
3.9498,-18.644409449675095,22.594209449675095,22.594209449675095,0.11310222392290878
2.8836,-16.105616821408926,18.989216821408927,18.989216821408927,0.0950563310408961
15.5232,31.907128300882768,-16.38392830088277,16.38392830088277,-0.08201476274488428
19.95,27.343652015249738,-7.393652015249739,7.393652015249739,-0.0370111858836852
48.5514,-12.483319640335898,61.0347196403359,61.0347196403359,0.3055279514518485
15.196,-16.021951232834418,31.217951232834416,31.217951232834416,0.15627100025848692
37.0782,41.684839767357296,-4.606639767357294,4.606639767357294,-0.023059943905552903
41.0216,26.98600317195823,14.035596828041768,14.035596828041768,0.07025947151957893
20.9592,20.812585328710796,0.14661467128920336,0.14661467128920336,0.0007339245667997293
3.84,30.487857885684598,-26.647857885684598,26.647857885684598,-0.13339400063390536
9.534,-21.62667663153376,31.16067663153376,31.16067663153376,0.1559842947290976
1.636,34.954919175110945,-33.31891917511094,33.31891917511094,-0.1667880376963969
0.6312,31.888336805011164,-31.257136805011164,31.257136805011164,-0.15646715562160124
12.8744,37.32464314995491,-24.450243149954908,24.450243149954908,-0.12239316812014119
-32.2192,0.274288835273536,-32.49348883527354,32.49348883527354,-0.16265609374248285
54.057,103.21395834679028,-49.156958346790276,49.156958346790276,-0.24607018549116455
23.9904,29.900586539720905,-5.910186539720904,5.910186539720904,-0.029585245853834798
22.9488,43.8014081264806,-20.852608126480604,20.852608126480604,-0.10438410597861354
6.4864,-11.891798491828148,18.378198491828147,18.378198491828147,0.09199769196404887
13.2293,12.53464666834211,0.6946533316578911,0.6946533316578911,0.003477299652415819
7.7679,-4.625219444899642,12.393119444899643,12.393119444899643,0.06203754876586535
5.4332,25.204341024562332,-19.771141024562333,19.771141024562333,-0.0989704917249766
3.895,34.81451126289055,-30.91951126289055,30.91951126289055,-0.15477706773638122
28.7064,-5.294857180104632,34.00125718010463,34.00125718010463,0.17020368921559698
71.2296,78.36335574996401,-7.13375574996401,7.13375574996401,-0.03571019566056868
79.794,81.33071340246404,-1.536713402464045,1.536713402464045,-0.007692488809486662
5.4432,-17.806282219805624,23.249482219805625,23.249482219805625,0.11638239213339484
-69.4722,6.728297549026095,-76.2004975490261,76.2004975490261,-0.38144488994063674
3.6288,-15.777278318985832,19.406078318985834,19.406078318985834,0.0971430587287489
9.816,34.868866510596646,-25.052866510596644,25.052866510596644,-0.1254097836130748
7.86,31.74511917139769,-23.88511917139769,23.88511917139769,-0.11956426725023699
117.6147,30.27686909385021,87.33783090614979,87.33783090614979,0.43719621746847814
-30.2288,7.526255747965612,-37.75505574796561,37.75505574796561,-0.18899447572792666
7.6146,28.88295788382797,-21.26835788382797,21.26835788382797,-0.10646526851081593
35.6238,-10.491898731259305,46.11569873125931,46.11569873125931,0.23084623057432505
9.072,-21.86429002144521,30.93629002144521,30.93629002144521,0.15486105894268673
5.3352,-32.571082056243526,37.906282056243526,37.906282056243526,0.1897514852537514
3.7584,-15.777278318985832,19.53567831898583,19.53567831898583,0.09779181115591644
41.79,-2.8175666676066022,44.607566667606605,44.607566667606605,0.2232968143954368
72.7888,-1.6107238536644326,74.39952385366443,74.39952385366443,0.37242956543345457
18.5886,15.586751242009242,3.001848757990757,3.001848757990757,0.015026671818953969
10.4985,9.631583949787267,0.8669160502127333,0.8669160502127333,0.0043396133620835385
47.0979,45.80211130638634,1.295788693613666,1.295788693613666,0.006486466512948688
4.8118,30.8154763475322,-26.0036763475322,26.0036763475322,-0.1301693529763984
9.5526,-15.86217266598468,25.414772665984678,25.414772665984678,0.12722141553217103
10.8,21.249299025217713,-10.449299025217712,10.449299025217712,-0.052307161302543426
4.5816,30.840677767674325,-26.259077767674327,26.259077767674327,-0.13144784287778147
102.2784,52.5934557577486,49.684944242251404,49.684944242251404,0.24871318033059855
235.9524,201.86787718381558,34.08452281618443,34.08452281618443,0.17062050081672678
9.891,18.19351726375027,-8.30251726375027,8.30251726375027,-0.04156078878440256
23.384,31.53788836747455,-8.15388836747455,8.15388836747455,-0.04081678139855295
11.31,6.446407479187758,4.863592520812243,4.863592520812243,0.02434619948017703
-2.0349,-136.81101105247112,134.77611105247112,134.77611105247112,0.6746630337152429
6.549,85.34804384440368,-78.79904384440367,78.79904384440367,-0.3944527079671296
15.1158,42.004906890634956,-26.889106890634956,26.889106890634956,-0.13460164629373023
26.3934,43.44498804161343,-17.051588041613428,17.051588041613428,-0.0853569377242136
7.71,-19.126766194344007,26.83676619434401,26.83676619434401,0.13433963893448336
1.3104,-14.007489025342167,15.317889025342167,15.317889025342167,0.0766783771934729
55.745,53.747170810679634,1.9978291893203632,1.9978291893203632,0.010000744873748364
15.2208,38.53352083529246,-23.312720835292456,23.312720835292456,-0.11669895235938094
5.0055,28.002708280292374,-22.997208280292377,22.997208280292377,-0.1151195577925743
40.4432,38.94991561065188,1.4932843893481191,1.4932843893481191,0.007475091605254804
8.409,-10.644899537807433,19.053899537807432,19.053899537807432,0.09538012015555135
33.93,-4.318482159741226,38.24848215974123,38.24848215974123,0.191464472504686
11.1176,39.707186973339915,-28.589586973339916,28.589586973339916,-0.14311391929531156
3.528,-30.640003673690273,34.16800367369027,34.16800367369027,0.17103838977451183
8.1072,44.32782822807212,-36.22062822807212,36.22062822807212,-0.18131342960259023
62.93,60.61852711004613,2.311472889953869,2.311472889953869,0.011570784318592523
-197.5752,-156.39410782534938,-41.181092174650615,41.181092174650615,-0.20614454862434933
7.2576,-19.83528612062542,27.09288612062542,27.09288612062542,0.1356217255380408
-8.9964,-10.446097898063517,1.4496978980635173,1.4496978980635173,0.0072569060958982985
7.68,31.812732544584794,-24.132732544584794,24.132732544584794,-0.12080377170127311
12.7008,-25.92229782308479,38.62309782308479,38.62309782308479,0.19333972575197864
15.0384,9.427021985439438,5.611378014560561,5.611378014560561,0.02808946841590168
-60.8361,-16.75359198591306,-44.08250801408694,44.08250801408694,-0.22066847276058948
1.1994,-11.886179049041996,13.085579049041996,13.085579049041996,0.06550386704443666
3.9312,-18.583926041334003,22.515126041334003,22.515126041334003,0.11270634774150472
11.88,24.91351507297356,-13.03351507297356,13.03351507297356,-0.06524324489287499
1.0208,29.68141244113665,-28.66061244113665,28.66061244113665,-0.14346945899148317
659.98,317.16898415686154,342.8110158431385,342.8110158431385,1.7160453594754133
51.474,37.34220588740217,14.131794112597824,14.131794112597824,0.07074101644120447
35.245,92.99847495897683,-57.75347495897683,57.75347495897683,-0.2891026779089292
12.0978,34.46147224243084,-22.363672242430837,22.363672242430837,-0.11194819944179657
1.999,-11.886179049041996,13.885179049041996,13.885179049041996,0.06950650933427602
16.1568,11.440255434507353,4.716544565492647,4.716544565492647,0.02361010597768
1.3716,-13.949885779303031,15.321485779303032,15.321485779303032,0.07669638184518614
-4.9728,-139.17753397305148,134.20473397305148,134.20473397305148,0.6718028310369913
0.6672,-21.96660622407356,22.63380622407356,22.63380622407356,0.11330043768447522
459.396,315.50389032604267,143.89210967395735,143.89210967395735,0.7202959521700681
97.2,74.68833909357582,22.511660906424183,22.511660906424183,0.11268900194919601
5.368,-14.129825482266458,19.497825482266457,19.497825482266457,0.09760232720763812
-6.867,-141.49275400262823,134.62575400262824,134.62575400262824,0.6739103755283038
15.9912,17.775242858570543,-1.784042858570544,1.784042858570544,-0.008930572026763854
183.995,88.3434690590599,95.6515309409401,95.6515309409401,0.4788129850326237
0.1548,-14.309906067047649,14.464706067047649,14.464706067047649,0.07240750902208734
2.388,-16.497318894475075,18.885318894475077,18.885318894475077,0.09453623819926019
36.852,49.93896355104198,-13.086963551041983,13.086963551041983,-0.06551079759253009
21.0249,-39.01365292117683,60.03855292117683,60.03855292117683,0.30054133434599983
2.7846,28.013508888924715,-25.228908888924714,25.228908888924714,-0.1262910175654258
7.0659,-10.912754631889428,17.978654631889427,17.978654631889427,0.08999765300652464
8.25,23.13940553587696,-14.88940553587696,14.88940553587696,-0.07453347207162275
87.4825,65.15478273562833,22.32771726437167,22.32771726437167,0.111768215805341
7.1586,90.516631044268,-83.35803104426799,83.35803104426799,-0.41727411237560047
10.906,30.493829533015152,-19.587829533015153,19.587829533015153,-0.09805287000376565
149.382,88.80394409455796,60.57805590544204,60.57805590544204,0.3032419814949674
12.9792,36.34898817016699,-23.36978817016699,23.36978817016699,-0.11698462035329944
24.998,35.678121676537664,-10.680121676537663,10.680121676537663,-0.05346261466125539
13.7808,-22.649063807819594,36.42986380781959,36.42986380781959,0.18236082227397127
0.7336,-13.172241957774652,13.905841957774651,13.905841957774651,0.06960994384193538
0.7704,-16.410914025416364,17.181314025416363,17.181314025416363,0.08600632080182821
9.604,23.68944609464186,-14.08544609464186,14.08544609464186,-0.07050900726571575
20.538,41.371271184204424,-20.833271184204424,20.833271184204424,-0.10428730900148646
4.3368,-27.090274077437215,31.427074077437215,31.427074077437215,0.15731782859963084
92.392,230.6872729918296,-138.2952729918296,138.2952729918296,-0.692279274839892
-3.8646,-11.75232194290988,7.887721942909881,7.887721942909881,0.0394844039759693
4.4352,27.74889397743242,-23.313693977432422,23.313693977432422,-0.11670382371991551
-23.716,-152.24800789445433,128.53200789445432,128.53200789445432,0.6434062661284526
19.6224,-13.475887757904474,33.09828775790447,33.09828775790447,0.16568359967616453
36.693,-6.95945010881799,43.65245010881799,43.65245010881799,0.21851568641903216
-320.597,-110.59221270550759,-210.0047872944924,210.0047872944924,-1.0512431749545486
6.066,-17.6939558900293,23.7599558900293,23.7599558900293,0.11893772417477402
13.7646,1.4188011457570227,12.345798854242977,12.345798854242977,0.061800671080344406
73.194,84.79949978741075,-11.60549978741075,11.60549978741075,-0.05809487774363693
9.3312,29.584997444929975,-20.253797444929972,20.253797444929972,-0.10138657601665495
9.294,-4.223295921958886,13.517295921958887,13.517295921958887,0.06766495785581028
4.008,-24.125217428481417,28.133217428481416,28.133217428481416,0.14082942199660547
-17.6076,-3.5567496717824945,-14.050850328217507,14.050850328217507,-0.07033582757869784
-183.6324,-130.81873162975802,-52.81366837024197,52.81366837024197,-0.26437496560815715
37.534,164.17779153677137,-126.64379153677137,126.64379153677137,-0.6339542217992526
22.2,34.07805063598282,-11.87805063598282,11.87805063598282,-0.05945921435272419
22.8285,35.38110493914836,-12.55260493914836,12.55260493914836,-0.06283590217243845
8.7906,29.31498222912151,-20.524382229121514,20.524382229121514,-0.10274107088933143
62.916,49.198902721256815,13.717097278743182,13.717097278743182,0.06866512463949226
-1.3083,-131.0735086085029,129.7652086085029,129.7652086085029,0.6495794293724632
11.6091,3.8941597624712543,7.7149402375287455,7.7149402375287455,0.03861949231905447
6.48,35.52814191410926,-29.048141914109262,29.048141914109262,-0.14540935626146734
115.1808,66.3186578849978,48.8621421150022,48.8621421150022,0.24459439269841063
0.4068,36.37058938743167,-35.963789387431675,35.963789387431675,-0.18002774425338966
-68.1096,51.88075519810266,-119.99035519810266,119.99035519810266,-0.6006484118168748
7.6284,-16.380601880336933,24.009001880336932,24.009001880336932,0.12018440002885139
-6.286,-162.99558070325247,156.70958070325247,156.70958070325247,0.7844577225435644
-5.6943,-16.28987676782529,10.59557676782529,10.59557676782529,0.05303939926980623
2.0358,-19.478216436091635,21.514016436091637,21.514016436091637,0.1076949875080036
1.8207,-16.860148903612767,18.680848903612766,18.680848903612766,0.09351270114019497
-19.1058,18.699774957498725,-37.80557495749872,37.80557495749872,-0.18924736507825993
1.816,-14.374639277932797,16.190639277932796,16.190639277932796,0.08104719543945495
0.1472,30.37265139360632,-30.225451393606317,30.225451393606317,-0.15130273884133688
19.872,30.575843717712047,-10.703843717712047,10.703843717712047,-0.053581362591728
-4.8392,62.14880609166317,-66.98800609166317,66.98800609166317,-0.33532894709168126
-6.1248,-138.91831936587536,132.79351936587537,132.79351936587537,0.6647385648204804
19.176,-6.137375094335919,25.313375094335917,25.313375094335917,0.12671383898343622
1.9024,30.22864327850847,-28.32624327850847,28.32624327850847,-0.14179567190950002
3.6018,27.495079674572462,-23.89327967457246,23.89327967457246,-0.11960511714407604
8.799,36.590201762955886,-27.791201762955886,27.791201762955886,-0.1391173580063353
88.5528,113.40638768762953,-24.853587687629528,24.853587687629528,-0.12441223253218739
4.3904,30.660667623802016,-26.270267623802017,26.270267623802017,-0.131503857124097
0.6624,-14.08525340749501,14.74765340749501,14.74765340749501,0.0738238884501416
1.2585,-16.98111572029496,18.23961572029496,18.23961572029496,0.09130397352735317
2.8782,-19.011630143174607,21.889830143174606,21.889830143174606,0.10957623792955387
-186.16,84.40533892576659,-270.5653389257666,270.5653389257666,-1.3543975334529712
27.882,40.201205249034416,-12.319205249034415,12.319205249034415,-0.06166754865807441
8.6016,26.34920553959022,-17.747605539590218,17.747605539590218,-0.08884106612825324
62.737,46.42472726571454,16.312272734285465,16.312272734285465,0.08165606889650413
19.1376,-7.436328292518507,26.573928292518506,26.573928292518506,0.133023923450217
3.475,-15.64191069079386,19.116910690793862,19.116910690793862,0.09569554174844158
11.1024,-17.646362771138136,28.748762771138136,28.748762771138136,0.1439107224216073
7.6869,-16.50588894047206,24.192788940472063,24.192788940472063,0.12110440235404164
2.3997,69.28263447309038,-66.88293447309039,66.88293447309039,-0.3348029789776727
44.8896,57.90700300031477,-13.017403000314772,13.017403000314772,-0.0651625909866706
3.8655,49.27990728599935,-45.41440728599935,45.41440728599935,-0.22733570181457008
527.984,260.72961326709196,267.2543867329081,267.2543867329081,1.3378235498777187
-10.284,-21.491501372965338,11.207501372965337,11.207501372965337,0.05610257498607287
6.846,-7.784827931055293,14.630827931055293,14.630827931055293,0.07323908280665956
3.1806,-18.19510413056981,21.375704130569808,21.375704130569808,0.10700262297162684
8.671,-22.22431030918983,30.895310309189828,30.895310309189828,0.15465592246282325
-28.7964,22.508860042745667,-51.305260042745665,51.305260042745665,-0.2568241665061279
7.0044,-25.6127508165333,32.6171508165333,32.6171508165333,0.16327512160120675
15.7248,33.60721454052174,-17.882414540521737,17.882414540521737,-0.08951589380231463
36.9288,13.877226218236691,23.05157378176331,23.05157378176331,0.1153917009332645
4.0098,30.808275941777307,-26.798475941777305,26.798475941777305,-0.1341479653674347
0.6516,32.335771581768846,-31.684171581768847,31.684171581768847,-0.15860480876902797
18.2112,35.87736159322154,-17.666161593221542,17.666161593221542,-0.08843337355198176
27.986,-12.136541846585612,40.12254184658561,40.12254184658561,0.20084565128938645
40.3536,0.14864957059400652,40.204950429406,40.204950429406,0.20125817264836918
743.988,469.5413801589709,274.44661984102913,274.44661984102913,1.3738264718348825
75.5748,49.59009607647411,25.984703923525885,25.984703923525885,0.13007438070692812
5.1015,30.91887261102379,-25.817372611023792,25.817372611023792,-0.1292367526581097
129.348,84.29548047204098,45.052519527959035,45.052519527959035,0.22552416198902314
28.1718,36.87540827175851,-8.703608271758508,8.703608271758508,-0.043568572464652774
30.7872,37.63145087602221,-6.844250876022208,6.844250876022208,-0.03426099049354258
5.6016,28.18631862704213,-22.58471862704213,22.58471862704213,-0.11305471470825637
6.2208,31.380708199291252,-25.15990819929125,25.15990819929125,-0.12594561351545708
8.0178,29.223177055746632,-21.20537705574663,21.20537705574663,-0.10614999871851043
-54.5958,-8.229997560587858,-46.365802439412136,46.365802439412136,-0.2320982011584898
-2.6268,-157.4312480176894,154.8044480176894,154.8044480176894,0.7749209983627364
2.5137,-16.583653322624897,19.097353322624897,19.097353322624897,0.09559764136210959
-218.8656,-17.450204473852466,-201.41539552614753,201.41539552614753,-1.0082463481211625
-7.656,-144.34152409864254,136.68552409864253,136.68552409864253,0.6842211845498811
-4.1712,-133.43355116390384,129.26235116390384,129.26235116390384,0.6470622226772247
17.524,32.29393097173825,-14.769930971738248,14.769930971738248,-0.0739354056096646
10.5672,33.576831954533425,-23.009631954533425,23.009631954533425,-0.11518174829271488
47.46,-0.7858926554821473,48.24589265548215,48.24589265548215,0.241509567601155
11.7936,33.94844333239476,-22.154843332394762,22.154843332394762,-0.11090284248000135
34.9825,39.42571373348917,-4.443213733489166,4.443213733489166,-0.022241864923035037
0.334,-14.20045989957329,14.534459899573289,14.534459899573289,0.07275668315908772
-3.123,-26.494080480932126,23.371080480932125,23.371080480932125,0.11699108940997796
20.8719,-6.292833417732716,27.164733417732716,27.164733417732716,0.13598137915211325
12.7008,-25.92229782308479,38.62309782308479,38.62309782308479,0.19333972575197864
-12.9987,-30.45682142487742,17.45812142487742,17.45812142487742,0.08739196487789536
3.4544,30.876679796448787,-27.422279796448787,27.422279796448787,-0.13727060629949184
1.9712,30.156639220959548,-28.185439220959548,28.185439220959548,-0.14109083414646065
15.764,39.18234783471714,-23.418347834717142,23.418347834717142,-0.11722770060205989
3.1104,33.17641895365253,-30.06601895365253,30.06601895365253,-0.15050465101425922
238.653,258.827696527846,-20.17469652784601,20.17469652784601,-0.10099061218988488
6.8724,28.774951797504585,-21.902551797504586,21.902551797504586,-0.10963992006014153
17.27,38.22750359070953,-20.957503590709532,20.957503590709532,-0.10490919229819214
1439.976,560.1826783844792,879.7933216155209,879.7933216155209,4.404074481511423
30.7776,34.66567418649092,-3.8880741864909183,3.8880741864909183,-0.01946294417819079
2.1888,-20.065699104781977,22.254499104781978,22.254499104781978,0.11140169991995091
8.9994,-3.189713532163193,12.189113532163192,12.189113532163192,0.06101633479175805
1.86,-21.173051068975543,23.033051068975542,23.033051068975542,0.11529897983080468
-2.5648,-21.86799652155065,19.303196521550653,19.303196521550653,0.09662805243401561
335.9944,155.16323446446117,180.83116553553882,180.83116553553882,0.9052056909623454
5.6376,-17.806282219805624,23.443882219805623,23.443882219805623,0.11735552077414617
-7.3015,-8.496298460547543,1.1947984605475428,1.1947984605475428,0.0059809290220392336
35.6613,-2.897122063725469,38.558422063725466,38.558422063725466,0.19301597146291022
-23.952,-134.9069733198248,110.9549733198248,110.9549733198248,0.5554190451199722
5.6784,-17.460662743570794,23.139062743570793,23.139062743570793,0.11582965368267016
-9.1845,-54.75963456377926,45.57513456377926,45.57513456377926,0.2281402713483027
-44.985,-31.943998427630643,-13.041001572369357,13.041001572369357,-0.0652807208547115
122.7648,86.25816238326354,36.506637616736455,36.506637616736455,0.18274513704926226
15.8256,36.25977357971521,-20.434173579715207,20.434173579715207,-0.10228950391206408
1.9024,30.22864327850847,-28.32624327850847,28.32624327850847,-0.14179567190950002
-15.245,17.377921342718246,-32.62292134271824,32.62292134271824,-0.1633040077344515
22.8096,16.866623364941365,5.942976635058635,5.942976635058635,0.029749386702117273
8.5914,35.60655589592871,-27.015155895928707,27.015155895928707,-0.13523262313112513
3.44,21.601328425723068,-18.161328425723067,18.161328425723067,-0.0909120825368447
1.9712,30.156639220959548,-28.185439220959548,28.185439220959548,-0.14109083414646065
1.6712,38.16507138336861,-36.493871383368614,36.493871383368614,-0.18268123176466985
163.818,124.38193941096557,39.43606058903444,39.43606058903444,0.19740925945264753
5.3898,74.59653392020095,-69.20673392020096,69.20673392020096,-0.34643546764714506
3.597,22.123357842952764,-18.526357842952763,18.526357842952763,-0.09273934889807407
2.2098,-16.546281653608343,18.756081653608344,18.756081653608344,0.09388930167385331
9.534,32.21494564690442,-22.68094564690442,22.68094564690442,-0.11353640847904928
81.0474,92.47975123243052,-11.43235123243052,11.43235123243052,-0.057228129708883996
27.0578,73.3266719244168,-46.2688719244168,46.2688719244168,-0.23161298582770412
9.47,35.419345346301505,-25.949345346301506,25.949345346301506,-0.1298973825372097
-45.9333,-138.39805873750163,92.46475873750163,92.46475873750163,0.46286062236433023
109.7544,99.60815292977398,10.146247070226025,10.146247070226025,0.05079014207909642
131.355,104.90304174254297,26.451958257457022,26.451958257457022,0.1324133651455268
32.2514,41.40007280722399,-9.148672807223996,9.148672807223996,-0.045796479082163874
6.5052,30.589454047737462,-24.08425404773746,24.08425404773746,-0.12056109776226738
2.7846,28.013508888924715,-25.228908888924714,25.228908888924714,-0.1262910175654258
4.1988,-7.565935596106566,11.764735596106567,11.764735596106567,0.05889198127282984
4.887,-23.923606067344426,28.810606067344427,28.810606067344427,0.1442202979502946
-3.5622,5.043485402769843,-8.605685402769844,8.605685402769844,-0.043078389602526176
1.062,-12.132503366768198,13.194503366768197,13.194503366768197,0.06604912102207897
27.972,-12.143742252340498,40.115742252340496,40.115742252340496,0.20081161384131335
206.6232,76.7770190180363,129.8461809819637,129.8461809819637,0.6499847613463537
1.068,-14.567610152163912,15.635610152163911,15.635610152163911,0.07826882744183725
-11.0691,3.0301110718841713,-14.099211071884172,14.099211071884172,-0.0705779120681529
2.9835,22.150359364533614,-19.166859364533614,19.166859364533614,-0.09594557510741121
2.0228,30.44825565403269,-28.42545565403269,28.42545565403269,-0.14229230979087654
217.767,147.83647067604312,69.93052932395688,69.93052932395688,0.35005864685207855
-4.641,-11.058061946320493,6.4170619463204925,6.4170619463204925,0.03212256568641989
371.316,180.95833714854805,190.35766285145192,190.35766285145192,0.9528934861483321
224.424,277.6365181841237,-53.212518184123695,53.212518184123695,-0.266371530305928
5.898,50.281773305883746,-44.38377330588375,44.38377330588375,-0.22217654829511513
8.733,23.995463339224784,-15.262463339224784,15.262463339224784,-0.07640092697436734
281.016,207.51580501704424,73.50019498295578,73.50019498295578,0.3679276997876667
7.9218,22.48056840930431,-14.55876840930431,14.55876840930431,-0.07287836683724223
5.368,-14.129825482266458,19.497825482266457,19.497825482266457,0.09760232720763812
8.8784,103.03352682919405,-94.15512682919405,94.15512682919405,-0.4713222767030035
174.9825,110.1573187037057,64.82518129629429,64.82518129629429,0.3245022662619456
1.0336,32.557184058731785,-31.523584058731785,31.523584058731785,-0.15780093882039278
50.49,65.40262539115774,-14.91262539115774,14.91262539115774,-0.07464970615705396
17.16,14.744084630216852,2.415915369783148,2.415915369783148,0.012093603086251813
21.0,41.12443814862938,-20.12443814862938,20.12443814862938,-0.10073902850545358
21.5988,93.84782832586006,-72.24902832586007,72.24902832586007,-0.36166460252237376
2.9568,30.156639220959548,-27.199839220959547,27.199839220959547,-0.13615711198429745
399.2994,431.1239674582871,-31.824567458287106,31.824567458287106,-0.15930760325711082
4.6818,-26.995228721472635,31.677028721472634,31.677028721472634,0.1585690529977773
-13.6776,28.63633489925021,-42.31393489925021,42.31393489925021,-0.21181533926619422
-339.705,61.69057109535199,-401.39557109535195,401.39557109535195,-2.0093082639075557
103.158,68.28897847891523,34.869021521084775,34.869021521084775,0.17454754895649457
75.3732,243.3314137233633,-167.95821372336331,167.95821372336331,-0.8407661945660496
8.2062,32.190753846716646,-23.984553846716643,23.984553846716643,-0.12006201792120759
3.6848,-30.55935912923548,34.244159129235484,34.244159129235484,0.1714196091929301
76.4,47.666797258433476,28.73320274156653,28.73320274156653,0.14383283193587135
28.896,-11.668515472517601,40.5645154725176,40.5645154725176,0.2030580854141351
85.491,77.3830909473443,8.1079090526557,8.1079090526557,0.04058661787935364
23.1192,37.03741740124359,-13.918217401243588,13.918217401243588,-0.06967189290819886
149.148,209.15791890288364,-60.00991890288364,60.00991890288364,-0.30039799801214745
35.76,82.38880394067277,-46.628803940672775,46.628803940672775,-0.2334147355897518
10.08,-33.19456675370833,43.27456675370833,43.27456675370833,0.21662407574145798
2.8912,25.125136561258515,-22.233936561258513,22.233936561258513,-0.11129876782103436
3.0976,24.390695174259495,-21.293095174259495,21.293095174259495,-0.10658909858187303
8.7906,29.31498222912151,-20.524382229121514,20.524382229121514,-0.10274107088933143
11.297,-20.27300034961399,31.57000034961399,31.57000034961399,0.1580332897568893
20.1015,33.56300248603803,-13.461502486038029,13.461502486038029,-0.06738566675261835
69.1992,28.10320874999532,41.09599125000469,41.09599125000469,0.20571854992513444
9.3312,29.584997444929975,-20.253797444929972,20.253797444929972,-0.10138657601665495
15.552,25.993575936207417,-10.441575936207418,10.441575936207418,-0.05226850101905068
28.95,30.583834604951306,-1.633834604951307,1.633834604951307,-0.008178658684818789
0.0,30.94868385399771,-30.94868385399771,30.94868385399771,-0.15492310006113075
210.735,200.10451056300093,10.630489436999085,10.630489436999085,0.05321416531043429
20.0851,39.38856901868593,-19.303469018685927,19.303469018685927,-0.09662941650174635
0.7938,32.539183044344554,-31.745383044344553,31.745383044344553,-0.15891122146128464
-30.16,-132.15281811857847,101.99281811857847,101.99281811857847,0.5105562369451192
2.336,-20.203946895275905,22.539946895275904,22.539946895275904,0.11283059611526382
3.7856,-15.546865334829281,19.33246533482928,19.33246533482928,0.09677456642826578
-8.4582,-0.3049759919642163,-8.153224008035783,8.153224008035783,-0.04081345574424422
-264.215,-28.622424484052363,-235.5925755159476,235.5925755159476,-1.17933067275176
5.1792,-20.699334811212502,25.878534811212504,25.878534811212504,0.12954291875242555
-7.17,-15.443109051049944,8.273109051049945,8.273109051049945,0.041413576983723575
7.504,-13.784206006031628,21.28820600603163,21.28820600603163,0.10656462435537103
-95.823,53.61640518957613,-149.43940518957612,149.43940518957612,-0.7480646360433197
1.3992,-14.285354246572137,15.684554246572137,15.684554246572137,0.07851383207179755
-8.1312,-147.18705401206714,139.05585401206713,139.05585401206713,0.6960865956958849
4.168,-2.676930529443524,6.844930529443524,6.844930529443524,0.03426439270655733
8.7052,0.26522570291438186,8.439974297085618,8.439974297085618,0.042248871994337425
6.8714,31.679525038119287,-24.808125038119286,24.808125038119286,-0.12418465533916859
17.5448,-43.47207372369731,61.0168737236973,61.0168737236973,0.30543861825945406
132.5898,96.28415605393678,36.30564394606321,36.30564394606321,0.18173900177384109
92.3936,87.09182848786232,5.301771512137691,5.301771512137691,0.026539638401135504
8.7735,4.663303978911529,4.110196021088472,4.110196021088472,0.02057484293839198
5.544,-14.792262811716558,20.33626281171656,20.33626281171656,0.10179938162514307
2.64,-16.12289779522067,18.76289779522067,18.76289779522067,0.0939234219548326
6.2208,31.380708199291252,-25.15990819929125,25.15990819929125,-0.12594561351545708
5.7408,-19.158307097847768,24.899107097847768,24.899107097847768,0.12464009385828553
2.208,28.091703732274176,-25.883703732274178,25.883703732274178,-0.12956879336727586
-50.6688,-106.97252506046075,56.303725060460756,56.303725060460756,0.28184551150886566
9.198,17.916301642186912,-8.718301642186912,8.718301642186912,-0.04364212462305323
53.8608,48.834491749150374,5.026308250849624,5.026308250849624,0.025160722819683918
2.9348,33.1584179392653,-30.2236179392653,30.2236179392653,-0.15129356092502644
3.1104,33.17641895365253,-30.06601895365253,30.06601895365253,-0.15050465101425922
7.128,28.936960926989663,-21.808960926989663,21.808960926989663,-0.10917142234094955
293.9804,203.23494465729075,90.74545534270922,90.74545534270922,0.45425412351858174
40.274,48.044818560565325,-7.770818560565324,7.770818560565324,-0.038899208350659666
35.6526,-2.901442307178403,38.554042307178406,38.554042307178406,0.19299404725233685
5.191,-23.952407690363994,29.143407690363993,29.143407690363993,0.1458862382334678
12.9888,-6.111171869982783,19.09997186998278,19.09997186998278,0.09561074930157008
16.5186,-23.64408944223684,40.16268944223684,40.16268944223684,0.20104662235515555
-90.3762,5.561730063241882,-95.93793006324188,95.93793006324188,-0.4802466434101849
9.3024,13.237618864475605,-3.9352188644756048,3.9352188644756048,-0.019698941279044174
20.585,28.21670121303044,-7.631701213030439,7.631701213030439,-0.03820281393033274
36.4473,56.30952254268301,-19.862222542683014,19.862222542683014,-0.09942642811348662
12.672,24.91351507297356,-12.24151507297356,12.24151507297356,-0.061278646726850995
141.1644,123.82030776208398,17.344092237916016,17.344092237916016,0.08682115691640496
-1.7772,-4.847062383059207,3.069862383059207,3.069862383059207,0.01536713481543253
-42.4638,-173.52150167178524,131.05770167178525,131.05770167178525,0.6560493986000996
-23.548,-152.3334311841345,128.7854311841345,128.7854311841345,0.644674853892965
4.44,-12.550126900551952,16.990126900551953,16.990126900551953,0.08504927518995342
17.5812,23.657834750229213,-6.076634750229214,6.076634750229214,-0.03041845326560149
15.282,-13.270026594223424,28.552026594223424,28.552026594223424,0.1429258993329878
-22.7435,-1.3359332142470421,-21.40756678575296,21.40756678575296,-0.10716212123463666
0.2952,-14.209100386479157,14.504300386479157,14.504300386479157,0.07260571049456603
-52.3365,-36.796062286473756,-15.540437713526245,15.540437713526245,-0.0777924126998184
42.8935,32.834030572534694,10.05946942746531,10.05946942746531,0.05035575005467595
3.3756,28.18091832272596,-24.805318322725963,24.805318322725963,-0.12417060546707145
14.5638,-13.373712437093879,27.93751243709388,27.93751243709388,0.13984976082244288
30.1872,40.38560607726854,-10.19840607726854,10.19840607726854,-0.05105123993725601
7.1586,90.516631044268,-83.35803104426799,83.35803104426799,-0.41727411237560047
21.294,28.700892643727833,-7.406892643727833,7.406892643727833,-0.03707746589805548
1014.9797,471.56381635048643,543.4158836495135,543.4158836495135,2.720234363264099
9.3312,29.584997444929975,-20.253797444929972,20.253797444929972,-0.10138657601665495
4.1391,-8.058513790650089,12.197613790650088,12.197613790650088,0.061058885434697285
1.6038,27.154860502653797,-25.551060502653797,25.551060502653797,-0.12790364597069345
47.9385,52.122048319273134,-4.183548319273136,4.183548319273136,-0.02094203029553411
111.591,131.75853596838283,-20.167535968382836,20.167535968382836,-0.1009547678200422
8.4564,31.334696043368822,-22.87829604336882,22.87829604336882,-0.1145243062314317
27.2412,24.67028224027596,2.57091775972404,2.57091775972404,0.012869514943434886
5.2272,8.032738395649762,-2.805538395649762,2.805538395649762,-0.014043980275382489
21.164,34.81407298595058,-13.65007298595058,13.65007298595058,-0.06832961404822381
2.289,-24.96046449604893,27.249464496048933,27.249464496048933,0.13640552647243862
4.5588,-4.193195099606097,8.751995099606097,8.751995099606097,0.043810787526451095
29.994,5.227886231003964,24.766113768996036,24.766113768996036,0.12397435508598881
6.2208,31.380708199291252,-25.15990819929125,25.15990819929125,-0.12594561351545708
-82.884,39.0740430815422,-121.9580430815422,121.9580430815422,-0.6104982751678748
395.9604,170.3054699002592,225.6549300997408,225.6549300997408,1.1295847500349794
118.293,137.89701366877367,-19.60401366877366,19.60401366877366,-0.09813388464385008
32.0598,58.147206973149316,-26.087406973149314,26.087406973149314,-0.13058849222483482
305.13,222.25165453290148,82.87834546709851,82.87834546709851,0.41487289954793094
28.0876,40.03919611954934,-11.95159611954934,11.95159611954934,-0.05982736875836456
41.3928,105.91368913115099,-64.520889131151,64.520889131151,-0.32297903878737166
12.6592,28.07730292076439,-15.418102920764388,15.418102920764388,-0.07718002848892878
185.2578,123.30662143663794,61.95117856336206,61.95117856336206,0.3101155668122852
7.9794,31.610111563493458,-23.630711563493456,23.630711563493456,-0.11829075217988386
8.5544,33.576831954533425,-25.022431954533424,25.022431954533424,-0.12525743413687282
4.872,-18.10005877460523,22.97205877460523,22.97205877460523,0.11499366425201411
9.2928,32.53277312007403,-23.239973120074033,23.239973120074033,-0.11633479142713675
5.79,32.521972511441696,-26.731972511441697,26.731972511441697,-0.13381506211245636
13.4316,-13.697730696064035,27.129330696064034,27.129330696064034,0.135804160003881
6.3504,31.380708199291252,-25.03030819929125,25.03030819929125,-0.12529686108828952
10.0624,36.776621831098716,-26.714221831098715,26.714221831098715,-0.13372620565445956
53.272,78.25138035300274,-24.979380353002746,24.979380353002746,-0.12504192618173024
12.8256,27.93329480566654,-15.107694805666542,15.107694805666542,-0.07562618575681276
9.6192,29.69300353125336,-20.07380353125336,20.07380353125336,-0.10048556144587494
7.9548,157.4313635489816,-149.4765635489816,149.4765635489816,-0.7482506435730564
6.8992,18.1179130033239,-11.218713003323899,11.218713003323899,-0.056158698229958844
31.198,27.284028257572544,3.9139717424274565,3.9139717424274565,0.01959258231300203
17.8794,-8.344949057877045,26.224349057877046,26.224349057877046,0.1312739977020609
-2.484,-17.62483199478234,15.14083199478234,15.14083199478234,0.07579206408913056
36.7255,33.653007557974185,3.072492442025812,3.072492442025812,0.01538030037977033
-184.8366,-26.65739462521612,-158.1792053747839,158.1792053747839,-0.7918143781969698
22.2,34.07805063598282,-11.87805063598282,11.87805063598282,-0.05945921435272419
9.499,23.878456745707783,-14.379456745707783,14.379456745707783,-0.0719807674778464
225.264,179.08421241236732,46.17978758763269,46.17978758763269,0.23116704694104281
1.4456,30.048633134636162,-28.603033134636163,28.603033134636163,-0.14318122816704787
-8.532,-163.0733450854053,154.54134508540528,154.54134508540528,0.7736039561874724
624.9875,333.4829343882485,291.50456561175145,291.50456561175145,1.4592152351161227
12.1149,-12.297971817312956,24.412871817312954,24.412871817312954,0.12220609448774956
-1.9791,-84.70526571971973,82.72616571971973,82.72616571971973,0.41411111729115835
125.1432,109.76590621001841,15.377293789981579,15.377293789981579,0.07697574590678413
2.1546,-13.53226224551927,15.68686224551927,15.68686224551927,0.07852538546623314
152.0232,123.82030776208398,28.202892237916018,28.202892237916018,0.14117820055936114
19.7712,33.00958086286567,-13.238380862865668,13.238380862865668,-0.06626876324500543
209.274,242.80696137387466,-33.532961373874656,33.532961373874656,-0.1678594913689605
17.694,80.90106050162362,-63.207060501623616,63.207060501623616,-0.3164022678592226
25.0182,39.44126377504171,-14.423063775041712,14.423063775041712,-0.07219905579668863
20.2986,-18.665799344213134,38.964399344213135,38.964399344213135,0.1950482148741082
20.235,-14.155465179348546,34.390465179348546,34.390465179348546,0.17215198886206703
1.512,32.57698517455774,-31.06498517455774,31.06498517455774,-0.1555052818820884
10.224,27.213254230177306,-16.989254230177306,16.989254230177306,-0.0850449067715609
4.6221,28.769551493188413,-24.147451493188413,24.147451493188413,-0.12087745189905051
335.8548,231.59677158279743,104.25802841720258,104.25802841720258,0.521895439717321
233.9961,140.0142394433069,93.9818605566931,93.9818605566931,0.47045493939720673
2.3968,-13.329140362322423,15.725940362322422,15.725940362322422,0.0787210029286188
-31.9144,82.44380878804549,-114.35820878804549,114.35820878804549,-0.5724549808470626
4.6228,-12.303873023734631,16.92667302373463,16.92667302373463,0.08473163740755812
5.823,-17.81060246325856,23.633602463258562,23.633602463258562,0.11830522346259459
50.328,50.884016806371605,-0.556016806371602,0.556016806371602,-0.00278331213487294
7.9248,31.57230943328027,-23.64750943328027,23.64750943328027,-0.11837483905330547
11.2648,5.596335682927812,5.668464317072187,5.668464317072187,0.028375231358127292
24.2919,-7.64938986195444,31.941289861954438,31.941289861954438,0.15989189293831463
0.5967,32.40777563931777,-31.81107563931777,31.81107563931777,-0.15924006583193134
7.4496,25.917181194296678,-18.467581194296677,18.467581194296677,-0.09244512441137337
16.398,29.68299340410539,-13.28499340410539,13.28499340410539,-0.06650209657267299
-384.7164,-107.02110103045985,-277.6952989695402,277.6952989695402,-1.390088728545609
4.3956,-22.458973095890435,26.854573095890437,26.854573095890437,0.1344287768249045
-16.6012,-145.10793685034196,128.50673685034195,128.50673685034195,0.6432797641901428
10.7037,-15.327620795336147,26.031320795336146,26.031320795336146,0.13030773571259066
1.848,-24.31242797810862,26.16042797810862,26.16042797810862,0.13095402119243948
-3.0933,-136.53883571493617,133.44553571493617,133.44553571493617,0.6680024320196019
16.8,20.537249336967736,-3.7372493369677358,3.7372493369677358,-0.018707944276914967
0.0,-1.5795886923979268,1.5795886923979268,1.5795886923979268,0.007907114183021528
25.4384,46.65996921117288,-21.221569211172877,21.221569211172877,-0.10623105350349385
15.525,41.32547816675198,-25.80047816675198,25.80047816675198,-0.12915218235157433
16.3352,-9.242190055845516,25.577390055845516,25.577390055845516,0.12803544659985522
362.8404,259.5238975076919,103.31650249230808,103.31650249230808,0.517182343814416
36.3816,44.24941424625267,-7.867814246252671,7.867814246252671,-0.03938474991327115
8.694,29.487791967238927,-20.793791967238924,20.793791967238924,-0.10408968370959569
37.9848,43.00216308768755,-5.017363087687549,5.017363087687549,-0.02511594507035671
-6.0196,34.861910740428804,-40.8815107404288,40.8815107404288,-0.20464490215378034
43.1976,80.11210608188469,-36.91450608188469,36.91450608188469,-0.18478684736353715
3.6288,-15.777278318985832,19.406078318985834,19.406078318985834,0.0971430587287489
1.1988,-14.766341350998946,15.965141350998946,15.965141350998946,0.07991839661677294
1.1556,-18.756735779451418,19.912335779451418,19.912335779451418,0.09967728524301382
6.1792,-12.44478965380388,18.623989653803882,18.623989653803882,0.09322807477969774
-27.2646,-11.538694482943171,-15.72590551705683,15.72590551705683,-0.07872082849998742
4.1148,-18.411116303216588,22.525916303216587,22.525916303216587,0.11276036169664437
8.7168,-1.9524992695924688,10.669299269592468,10.669299269592468,0.053408439794175984
8.3328,-11.929381483571351,20.262181483571354,20.262181483571354,0.10142854488562147
-18.1808,0.23368479941061082,-18.414484799410612,18.414484799410612,-0.09217933417174233
48.5392,42.11809414280452,6.421105857195478,6.421105857195478,0.03214280871879177
15.6332,45.6015095652037,-29.968309565203697,29.968309565203697,-0.15001553679424967
185.997,247.2449738612357,-61.24797386123569,61.24797386123569,-0.30659546066027804
9.3312,29.584997444929975,-20.253797444929972,20.253797444929972,-0.10138657601665495
-0.7295,-12.580368604722501,11.850868604722502,11.850868604722502,0.05932314638393194
78.3888,73.51906363989018,4.869736360109826,4.869736360109826,0.02437695434635322
4.6806,-18.28150899962852,22.96210899962852,22.96210899962852,0.11494385761107342
5.7672,-20.4919631254716,26.2591631254716,26.2591631254716,0.13144827016233515
44.712,25.080486229834847,19.631513770165157,19.631513770165157,0.09827154480993872
5.6448,25.19714061880744,-19.55234061880744,19.55234061880744,-0.09787521939242463
4.7724,72.0017972655166,-67.2293972655166,67.2293972655166,-0.33653730442142077
2.0979,33.408632039247806,-31.310732039247807,31.310732039247807,-0.15673544295412928
-10.7055,24.859142922051433,-35.56464292205143,35.56464292205143,-0.1780296945758373
6.4692,-20.1175420262172,26.586742026217202,26.586742026217202,0.13308806651223942
1.9602,-15.901054857061105,17.861254857061105,17.861254857061105,0.08940997253685798
201.312,98.619678101445,102.69232189855501,102.69232189855501,0.5140578169996922
14.1246,25.0093541824295,-10.884754182429502,10.884754182429502,-0.05448696523899235
-8.0784,38.421440412832546,-46.49984041283255,46.49984041283255,-0.232769169218591
2.224,30.048633134636162,-27.824633134636162,27.824633134636162,-0.13928470895943035
104.7528,133.80648006263533,-29.053680062635337,29.053680062635337,-0.1454370791572876
8.0946,37.406657334651804,-29.312057334651804,29.312057334651804,-0.14673046559513958
176.7864,116.72149816924446,60.06490183075553,60.06490183075553,0.30067323186947514
2.0358,-19.478216436091635,21.514016436091637,21.514016436091637,0.1076949875080036
0.0,38.97913860739537,-38.97913860739537,38.97913860739537,-0.19512199676272038
-42.8,-131.70200227741333,88.90200227741333,88.90200227741333,0.4450261555364815
-26.964,-130.40030979874655,103.43630979874655,103.43630979874655,0.5177820759196966
-8.1675,-13.461416505485804,5.293916505485804,5.293916505485804,0.026500317763551946
5.7568,-13.205152501520516,18.961952501520514,18.961952501520514,0.09491985115121492
3.348,35.22809631685689,-31.880096316856893,31.880096316856893,-0.15958556993747341
15.552,25.993575936207417,-10.441575936207418,10.441575936207418,-0.05226850101905068
11.0354,37.68466343769953,-26.649263437699528,26.649263437699528,-0.13340103655428495
51.996,51.310483062315186,0.6855169376848167,0.6855169376848167,0.0034315646387924306
6.098,75.04634014141173,-68.94834014141173,68.94834014141173,-0.3451419985795949
29.1456,37.69704500930061,-8.551445009300608,8.551445009300608,-0.04280687272819215
54.4047,154.14257822043453,-99.73787822043454,99.73787822043454,-0.4992684458028519
15.552,25.993575936207417,-10.441575936207418,10.441575936207418,-0.05226850101905068
2.8196,22.96090464233516,-20.141304642335157,20.141304642335157,-0.10082345889688436
15.372,32.67397151377881,-17.30197151377881,17.30197151377881,-0.08661030875268531
178.91,157.87023609548564,21.03976390451436,21.03976390451436,0.105320971451282
143.1918,169.28546979991316,-26.093669799913158,26.093669799913158,-0.1306198427191556
274.995,131.01373224969143,143.98126775030858,143.98126775030858,0.7207422601826796
34.3896,39.54315860394613,-5.153558603946131,5.153558603946131,-0.02579771337083583
12.8568,31.34549665200116,-18.48869665200116,18.48869665200116,-0.09255082429128492
4.7236,30.783074521635186,-26.059474521635185,26.059474521635185,-0.13044866779800973
-1.2558,-26.426326225927255,25.170526225927254,25.170526225927254,0.12599876529440646
-4.896,-16.458366262489776,11.562366262489775,11.562366262489775,0.0578789596959149
-2.1792,-154.5104738641262,152.3312738641262,152.3312738641262,0.7625407689265311
-11.439,-117.25600367778028,105.81700367778029,105.81700367778029,0.5296993670644967
14.098,37.17153770698699,-23.07353770698699,23.07353770698699,-0.11550164807677521
45.294,83.40363977838868,-38.10963977838868,38.10963977838868,-0.19076945451165989
2.8884,-16.209302664279374,19.097702664279375,19.097702664279375,0.0955993900985776
53.8608,48.834491749150374,5.026308250849624,5.026308250849624,0.025160722819683918
9.3312,29.584997444929975,-20.253797444929972,20.253797444929972,-0.10138657601665495
4.3524,31.056689940321096,-26.704289940321097,26.704289940321097,-0.1336764885383458
22.2516,40.39100638158471,-18.13940638158471,18.13940638158471,-0.09080234504191234
2.0064,29.868622990763853,-27.862222990763854,27.862222990763854,-0.1394728764779467
294.671,224.17574383242646,70.49525616757353,70.49525616757353,0.3528855597416077
0.584,-13.840439611828664,14.424439611828664,14.424439611828664,0.07220594296840871
-80.178,-127.39536915450333,47.21736915450333,47.21736915450333,0.23636097873033024
100.196,265.012765542917,-164.816765542917,164.816765542917,-0.8250407151533516
80.843,200.38645505318263,-119.54345505318263,119.54345505318263,-0.5984113164949735
21.7515,49.11789815651427,-27.366398156514272,27.366398156514272,-0.13699087366413984
16.7328,42.767359419169175,-26.034559419169174,26.034559419169174,-0.1303239476344453
54.04,33.69239065115611,20.34760934884389,20.34760934884389,0.10185618018610991
4.3884,27.802897020594113,-23.414497020594112,23.414497020594112,-0.11720842417452218
1.0269,-18.493200928822354,19.520100928822355,19.520100928822355,0.09771383376642963
219.4514,94.85623733608941,124.5951626639106,124.5951626639106,0.6236991835767683
8.7906,29.31498222912151,-20.524382229121514,20.524382229121514,-0.10274107088933143
68.8464,61.459964963414194,7.386435036585809,7.386435036585809,0.03697505909028211
92.2368,57.714173007901415,34.52262699209859,34.52262699209859,0.17281356522626806
50.098,126.6467475127854,-76.5487475127854,76.5487475127854,-0.3831881616169474
180.7659,74.72008350406288,106.0458164959371,106.0458164959371,0.5308447595887736
-99.6219,121.0251637857276,-220.6470637857276,220.6470637857276,-1.1045163439690324
7.3528,34.13846360341503,-26.78566360341503,26.78566360341503,-0.13408382929019538
196.5036,910.4016329337209,-713.8980329337209,713.8980329337209,-3.573634889011569
5.0232,-18.022294392452395,23.045494392452394,23.045494392452394,0.11536126869120313
86.3856,58.48202584075181,27.903574159248187,27.903574159248187,0.13967987239554258
11.1176,39.707186973339915,-28.589586973339916,28.589586973339916,-0.14311391929531156
21.0128,37.270640106793216,-16.257840106793218,16.257840106793218,-0.08138358973598944
11.7782,33.558830940146194,-21.780630940146196,21.780630940146196,-0.109029607929481
13.4512,-7.763297154699501,21.2144971546995,21.2144971546995,0.10619565216242774
1.6176,-13.761164707615972,15.378764707615971,15.378764707615971,0.0769831090347585
2.0394,-5.9212924807802665,7.960692480780267,7.960692480780267,0.039849680315129296
1.3622,32.510381421324986,-31.148181421324985,31.148181421324985,-0.15592174613379736
23.9688,44.06321331657982,-20.094413316579818,20.094413316579818,-0.10058873002808126
22.2,34.07805063598282,-11.87805063598282,11.87805063598282,-0.05945921435272419
9.63,24.013464353612015,-14.383464353612014,14.383464353612014,-0.07200082878459799
22.0472,35.92574519359708,-13.87854519359708,13.87854519359708,-0.06947330154244448
124.7808,69.91886076244398,54.861939237556015,54.861939237556015,0.2746282117244117
4.89,33.77045242843115,-28.88045242843115,28.88045242843115,-0.14456993526729947
7.56,-34.02405349667193,41.584053496671935,41.584053496671935,0.20816169473326893
10.4148,31.766720388662364,-21.351920388662364,21.351920388662364,-0.10688356617926896
28.1718,36.87540827175851,-8.703608271758508,8.703608271758508,-0.043568572464652774
22.2264,31.28868388744639,-9.062283887446387,9.062283887446387,-0.04536403292949329
12.672,24.91351507297356,-12.24151507297356,12.24151507297356,-0.061278646726850995
19.872,30.575843717712047,-10.703843717712047,10.703843717712047,-0.053581362591728
1.017,35.06112515999561,-34.04412515999561,34.04412515999561,-0.17041827799647694
9.264,-13.196652896432408,22.460652896432407,22.460652896432407,0.11243366575870872
26.865,36.832205837229154,-9.967205837229155,9.967205837229155,-0.04989389644275544
5.6628,28.699347537078214,-23.036547537078214,23.036547537078214,-0.11531648247099081
33.8598,-1.8516231481150989,35.7114231481151,35.7114231481151,0.1787644478776815
13.0284,34.46147224243084,-21.43307224243084,21.43307224243084,-0.10728979659671839
6.63,30.675858916796173,-24.045858916796174,24.045858916796174,-0.12036889919444657
1.043,22.843398418442003,-21.800398418442004,21.800398418442004,-0.10912856008629726
41.2237,30.025584020477165,11.198115979522836,11.198115979522836,0.05605559352946989
8.8784,41.661623002534114,-32.783223002534115,32.783223002534115,-0.164106446707326
27.434,40.152383371718905,-12.718383371718904,12.718383371718904,-0.06366575680594289
158.5764,731.7172859961411,-573.140885996141,573.140885996141,-2.8690319513808897
-25.049,334.1957745579829,-359.24477455798285,359.24477455798285,-1.798309563593788
58.7916,63.88233015692109,-5.09073015692109,5.09073015692109,-0.02548320636850046
217.767,147.83647067604312,69.93052932395688,69.93052932395688,0.35005864685207855
53.2608,49.021702298777576,4.239097701222427,4.239097701222427,0.021220099711948156
1.356,35.32811151594102,-33.972111515941016,33.972111515941016,-0.1700577916818967
-120.0508,-7.960166898659626,-112.09063310134037,112.09063310134037,-0.5611039374015679
6.6584,18.36992720474513,-11.711527204745131,11.711527204745131,-0.058625630400596714
362.835,203.2715180290796,159.56348197092038,159.56348197092038,0.798743797962516
316.1392,230.15265195200155,85.98654804799847,85.98654804799847,0.43043195794675293
3.4357,33.325827373066545,-29.890127373066544,29.890127373066544,-0.14962417192611496
3.9248,24.729114244739435,-20.804314244739434,20.804314244739434,-0.10414235618697058
-45.3492,-74.94421566824377,29.595015668243768,29.595015668243768,0.14814690005274048
5.4432,-17.806282219805624,23.249482219805625,23.249482219805625,0.11638239213339484
-113.998,58.78975457091919,-172.7877545709192,172.7877545709192,-0.8649419379839258
1.0044,-18.19510413056981,19.19950413056981,19.19950413056981,0.09610898846543821
4.8231,-17.585949803705915,22.409049803705916,22.409049803705916,0.11217535069963724
85.787,77.38733166241565,8.399668337584359,8.399668337584359,0.04204710818989484
8.636,24.73350492910125,-16.09750492910125,16.09750492910125,-0.08058098297913756
19.9665,11.342400357149694,8.624099642850306,8.624099642850306,0.043170567711682394
8.997,-7.64938986195444,16.64638986195444,16.64638986195444,0.08332859434043546
9.5992,2.59808672659063,7.00111327340937,7.00111327340937,0.03504621318672348
4.2952,-21.188962402545187,25.484162402545188,25.484162402545188,0.12756876707549009
130.752,77.88163297347504,52.870367026524974,52.870367026524974,0.26465878806865667
1.5876,30.106236380675302,-28.518636380675304,28.518636380675304,-0.14275875440950797
18.4772,14.444405597266213,4.032794402733787,4.032794402733787,0.020187385470997698
2.6376,33.14041692487807,-30.50281692487807,30.50281692487807,-0.15269117681683975
30.432,37.280211957001214,-6.848211957001215,6.848211957001215,-0.034280818895543644
12.4416,27.789286690568694,-15.347686690568695,15.347686690568695,-0.07682753851785282
13.1868,31.915119188122027,-18.72831918812203,18.72831918812203,-0.09375032816406625
12.691,24.823510001037405,-12.132510001037405,12.132510001037405,-0.060732988509318936
19.6328,30.8062567018686,-11.173456701868602,11.173456701868602,-0.055932153975223116
125.9874,80.08324310542895,45.904156894571045,45.904156894571045,0.2297872932286538
78.672,76.25363686378054,2.4183631362194546,2.4183631362194546,0.012105856129590494
112.4928,59.38624810600519,53.10655189399481,53.10655189399481,0.2658410836398859
7.2576,-19.83528612062542,27.09288612062542,27.09288612062542,0.1356217255380408
2.94,22.05135378540384,-19.11135378540384,19.11135378540384,-0.09566772495940364
7.7896,-13.329140362322423,21.118740362322423,21.118740362322423,0.10571631225909124
-250.5408,0.35301789358891966,-250.8938178935889,250.8938178935889,-1.255925720060201
6.7655,141.94711011155553,-135.18161011155553,135.18161011155553,-0.6766928832429835
40.274,48.044818560565325,-7.770818560565324,7.770818560565324,-0.038899208350659666
14.9744,28.62453375813621,-13.65013375813621,13.65013375813621,-0.06832991826198101
77.0352,118.06537437501353,-41.03017437501353,41.03017437501353,-0.20538908343285744
6.5472,26.92523799998161,-20.37803799998161,20.37803799998161,-0.10200850010340183
57.5928,65.29402324286059,-7.701223242860593,7.701223242860593,-0.03855082770806366
2.0228,30.44825565403269,-28.42545565403269,28.42545565403269,-0.14229230979087654
55.764,45.43028079005502,10.33371920994498,10.33371920994498,0.05172859119691254
5.166,29.18537492553345,-24.019374925533448,24.019374925533448,-0.1202363254782986
63.4368,57.982168983801174,5.4546310161988245,5.4546310161988245,0.027304823387827557
10.788,-1.186305656363043,11.974305656363043,11.974305656363043,0.05994104828867121
40.1702,43.80500832935805,-3.6348083293580515,3.6348083293580515,-0.018195144490431376
50.328,50.884016806371605,-0.556016806371602,0.556016806371602,-0.00278331213487294
3.1552,-16.076815198389358,19.23201519838936,19.23201519838936,0.09627173255616153
9.7608,26.70922582733484,-16.94842582733484,16.94842582733484,-0.08484052771722893
15.4872,33.82963663743903,-18.34243663743903,18.34243663743903,-0.09181867506717423
30.098,28.662115478150056,1.4358845218499425,1.4358845218499425,0.00718775901761176
124.488,103.74478603595963,20.743213964040365,20.743213964040365,0.10383650004959295
-67.851,43.26338003155634,-111.11438003155634,111.11438003155634,-0.5562170041565666
93.6988,93.91983238340899,-0.221032383408982,0.221032383408982,-0.001106445179160557
6.2376,31.488714285614638,-25.251114285614637,25.251114285614637,-0.12640217346819435
34.5,58.024564033630114,-23.524564033630114,23.524564033630114,-0.11775939826293413
111.774,97.54760812545041,14.226391874549591,14.226391874549591,0.07121455446335591
15.3888,34.818901947252364,-19.430101947252364,19.430101947252364,-0.09726331634562609
45.3488,58.202219636265355,-12.853419636265357,12.853419636265357,-0.06434172211751814
5.7594,32.62277819201019,-26.863378192010188,26.863378192010188,-0.13447285342582374
6.3504,31.380708199291252,-25.03030819929125,25.03030819929125,-0.12529686108828952
6.42,-25.794201041556583,32.214201041556585,32.214201041556585,0.16125803329454963
76.0878,50.605353287913935,25.482446712086066,25.482446712086066,0.12756017866229855
35.6776,43.00936349344244,-7.331763493442445,7.331763493442445,-0.03670138396442367
0.8792,38.94991561065188,-38.07071561065188,38.07071561065188,-0.1905746076883981
120.5106,61.47076557204653,59.039834427953465,59.039834427953465,0.2955419435548286
4.042,33.55804045866183,-29.516040458661827,29.516040458661827,-0.14775156549330876
126.225,111.04836891587362,15.17663108412637,15.17663108412637,0.07597126737695716
884.058,391.91724813331984,492.14075186668015,492.14075186668015,2.463561012975135
32.3351,34.067162683225554,-1.732062683225557,1.732062683225557,-0.008670369365346757
-20.7846,12.651434123389132,-33.436034123389135,33.436034123389135,-0.16737429237967685
-4.06,-14.836694004670253,10.776694004670254,10.776694004670254,0.05394603697817854
1.69,-15.209886345500312,16.899886345500313,16.899886345500313,0.08459754849922271
-137.529,32.646197192087314,-170.1751971920873,170.1751971920873,-0.8518639831951009
24.196,46.12043059418876,-21.92443059418876,21.92443059418876,-0.10974944106671841
-147.8655,-8.147667027665698,-139.7178329723343,139.7178329723343,-0.6994003337916194
4.2294,40.30099222217585,-36.07159222217585,36.07159222217585,-0.180567384305055
12.4416,27.789286690568694,-15.347686690568695,15.347686690568695,-0.07682753851785282
42.0256,39.56915050557262,2.4564494944273747,2.4564494944273747,0.01229650904108248
7.6965,-4.772107722299445,12.468607722299446,12.468607722299446,0.06241542842007693
-4.1712,-133.43355116390384,129.26235116390384,129.26235116390384,0.6470622226772247
-8.6058,-129.19690285863408,120.59110285863407,120.59110285863407,0.6036556379193824
8.2992,26.68042420431527,-18.381224204315266,18.381224204315266,-0.09201283809306068
8.5372,25.46071005402626,-16.92351005402626,16.92351005402626,-0.08471580419555687
3.8655,49.27990728599935,-45.41440728599935,45.41440728599935,-0.22733570181457008
21.7515,49.11789815651427,-27.366398156514272,27.366398156514272,-0.13699087366413984
31.5192,38.41989530618292,-6.9006953061829215,6.9006953061829215,-0.03454354034745348
14.2386,39.57556042984315,-25.336960429843153,25.336960429843153,-0.1268319025918921
286.713,429.2743228299436,-142.5613228299436,142.5613228299436,-0.713634291714076
122.148,74.94755370075195,47.20044629924804,47.20044629924804,0.23627626620393
35.985,31.21552024065266,4.769479759347341,4.769479759347341,0.02387508927625884
7.152,22.843398418442003,-15.691398418442002,15.691398418442002,-0.07854809266680161
363.9048,713.2296650616972,-349.3248650616972,349.3248650616972,-1.7486524234471996
15.6332,45.6015095652037,-29.968309565203697,29.968309565203697,-0.15001553679424967
12.9129,20.19703016504907,-7.284130165049071,7.284130165049071,-0.03646294077453732
9.3312,29.584997444929975,-20.253797444929972,20.253797444929972,-0.10138657601665495
26.6304,41.99691600339569,-15.366516003395688,15.366516003395688,-0.07692179440055659
11.49,-9.983620525872787,21.47362052587279,21.47362052587279,0.10749277342774033
4.6818,32.169152629451965,-27.487352629451966,27.487352629451966,-0.13759634826209588
15.1158,42.004906890634956,-26.889106890634956,26.889106890634956,-0.13460164629373023
2.478,-19.331328158691832,21.809328158691834,21.809328158691834,0.10917326063152144
4.8986,41.64488660289034,-36.746286602890336,36.746286602890336,-0.18394477332577133
64.6272,80.91883329006818,-16.291633290068177,16.291633290068177,-0.08155275184765108
3.7584,-15.777278318985832,19.53567831898583,19.53567831898583,0.09779181115591644
0.336,21.67333248327199,-21.337332483271993,21.337332483271993,-0.10681054195836392
25.186,-13.576622997564083,38.76262299756408,38.76262299756408,0.19403816167477506
6.006,-14.317036031893661,20.32303603189366,20.32303603189366,0.10173317093445082
2.8536,27.856900063755806,-25.003300063755805,25.003300063755805,-0.12516166360771938
23.924,28.384179816011212,-4.4601798160112125,4.4601798160112125,-0.022326793836736445
6.5472,26.92523799998161,-20.37803799998161,20.37803799998161,-0.10200850010340183
15.372,30.04380417333438,-14.67180417333438,14.67180417333438,-0.07344420191649569
5.1816,28.828954840666277,-23.647354840666278,23.647354840666278,-0.11837406519270709
-52.8336,-154.19538567144076,101.36178567144077,101.36178567144077,0.5073974110832206
-512.1468,-107.76846856322794,-404.37833143677204,404.37833143677204,-2.0242393828207916
16.614,33.75403237701266,-17.140032377012663,17.140032377012663,-0.08579967288825277
54.6912,37.70942658090169,16.98177341909831,16.98177341909831,0.08500745928433344
5.1968,46.510341653288876,-41.31354165328888,41.31354165328888,-0.20680756498811206
2.5344,27.036053807698075,-24.501653807698073,24.501653807698073,-0.12265051988706371
75.18,134.0589156377805,-58.878915637780494,58.878915637780494,-0.29473641534725464
177.198,70.52973566236503,106.66826433763498,106.66826433763498,0.5339606125832698
3.9512,-15.057237743496596,19.008437743496597,19.008437743496597,0.09515254724349466
-35.3646,35.98074876924043,-71.34534876924043,71.34534876924043,-0.35714095818797026
10.1094,-27.434383031612192,37.54378303161219,37.54378303161219,0.1879368855463791
89.307,22.26397580617045,67.04302419382955,67.04302419382955,0.33560435702469515
173.235,150.82182934293039,22.413170657069628,22.413170657069628,0.11219597889116278
-12.9168,-152.20091567766866,139.28411567766867,139.28411567766867,0.6972292292575231
-1031.5385,98.94229491401863,-1130.4807949140188,1130.4807949140188,-5.658967280607904
54.215,-1.224906083803937,55.43990608380394,55.43990608380394,0.2775214014954435
16.17,30.556833083370464,-14.386833083370462,14.386833083370462,-0.07201769199144417
76.272,69.19601046556168,7.075989534438321,7.075989534438321,0.035421029205857456
4.0338,-18.454318737745936,22.488118737745936,22.488118737745936,0.11257115442550156
7.7,-18.527692435536963,26.227692435536962,26.227692435536962,0.13129073400122612
-9.7608,-146.98670272193723,137.22590272193725,137.22590272193725,0.6869262149777509
-3.4122,-154.38338670255234,150.97118670255233,150.97118670255233,0.755732436771975
30.392,-20.324631948322576,50.71663194832257,50.71663194832257,0.2538776085975168
5.3392,31.092691969095558,-25.753491969095556,25.753491969095556,-0.12891697857246182
17.472,26.713616511696657,-9.241616511696655,9.241616511696655,-0.04626173721385047
6.992,-12.609099786833188,19.60109978683319,19.60109978683319,0.0981192983168334
38.3508,48.692064597021265,-10.341264597021265,10.341264597021265,-0.05176636193903953
6.0147,28.72634905865906,-22.71164905865906,22.71164905865906,-0.11369010379462141
224.9925,189.47481929040094,35.51768070959906,35.51768070959906,0.17779461086199752
6.174,28.35372806084338,-22.17972806084338,22.17972806084338,-0.11102741059713443
8.073,29.31498222912151,-21.24198222912151,21.24198222912151,-0.10633323710642589
7.7688,-25.189366958145627,32.958166958145625,32.958166958145625,0.1649821821689098
10.008,-19.402980011696354,29.410980011696353,29.410980011696353,0.1472256533021964
-97.176,57.87753487441256,-155.05353487441255,155.05353487441255,-0.7761678787861522
3.3504,33.266424025588684,-29.916024025588683,29.916024025588683,-0.1497538055386092
38.61,47.0980343729765,-8.4880343729765,8.4880343729765,-0.042489451399307085
5.9211,-17.447702013211988,23.368802013211987,23.368802013211987,0.1169796838431287
-26.7204,9.84176535692124,-36.56216535692124,36.56216535692124,-0.1830230981312068
0.5668,-17.01574810882732,17.58254810882732,17.58254810882732,0.08801482068975423
-1.3248,-16.58372376353378,15.25892376353378,15.25892376353378,0.07638320854596703
51.8238,7.035117634573073,44.78868236542692,44.78868236542692,0.22420344439975068
2.7062,77.7621218694305,-75.0559218694305,75.0559218694305,-0.3757153664050303
206.316,101.60582724981664,104.71017275018336,104.71017275018336,0.5241587864260505
30.4416,42.09491196257111,-11.65331196257111,11.65331196257111,-0.05833421620570054
3.285,28.056711323454067,-24.771711323454067,24.771711323454067,-0.12400237535636574
61.3824,60.615146045638674,0.7672539543613226,0.7672539543613226,0.0038407242681004453
7.5528,-11.18724660445527,18.74004660445527,18.74004660445527,0.09380903333235788
-11.322,-115.38389818150827,104.06189818150827,104.06189818150827,0.520913649852756
-9.6348,-168.44758705903922,158.8127870590392,158.8127870590392,0.7949859650447286
2.6568,-34.12773933954238,36.78453933954238,36.78453933954238,0.1841362590954381
-0.6008,-13.317619713114599,12.7168197131146,12.7168197131146,0.06365792943468668
0.6786,-14.305585823594711,14.98418582359471,14.98418582359471,0.07500792378230586
-6.732,-168.75864458765056,162.02664458765057,162.02664458765057,0.8110739115899244
12.8568,31.34549665200116,-18.48869665200116,18.48869665200116,-0.09255082429128492
3.1104,33.17641895365253,-30.06601895365253,30.06601895365253,-0.15050465101425922
-0.99,-134.15827200313376,133.16827200313375,133.16827200313375,0.6666145037325856
18.1764,51.818945821581934,-33.64254582158193,33.64254582158193,-0.16840804982906785
95.76,67.35393535073356,28.40606464926644,28.40606464926644,0.142195242187425
18.1044,15.246532070090579,2.8578679299094194,2.8578679299094194,0.01430593175966876
21.792,42.12371358559068,-20.331713585590677,20.331713585590677,-0.10177660908277501
12.712,31.295884293201283,-18.583884293201283,18.583884293201283,-0.09302731513437856
6.3296,31.5247163143891,-25.1951163143891,25.1951163143891,-0.12612185850099508
8.0991,23.243454671042144,-15.144354671042144,15.144354671042144,-0.07580969792226075
3.9771,-18.484560441916486,22.461660441916486,22.461660441916486,0.11243870933570162
1.7876,29.83262096198939,-28.04502096198939,28.04502096198939,-0.14038792761617103
609.7157,498.9346450336429,110.78105496635709,110.78105496635709,0.5545484436235126
350.9082,262.9997603197918,87.90843968020823,87.90843968020823,0.44005257415932325
375.735,402.6322156092376,-26.897215609237605,26.897215609237605,-0.1346422369640596
28.3095,44.95966383306393,-16.650163833063928,16.650163833063928,-0.08334748610677298
20.3898,36.88080857607468,-16.491008576074677,16.491008576074677,-0.08255078580377719
-83.8752,-7.716073143568774,-76.15912685643123,76.15912685643123,-0.3812377962891358
3.5784,-21.114078182694307,24.692478182694305,24.692478182694305,0.12360574964355707
-49.5516,-154.21986705100738,104.66826705100738,104.66826705100738,0.5239490146355213
-8.18,-14.750289135611542,6.570289135611542,6.570289135611542,0.03288959123395563
2.1,-16.56356262742008,18.66356262742008,18.66356262742008,0.0934261693991711
-3.2436,-160.33654129887958,157.0929412988796,157.0929412988796,0.7863767512232982
-21.0686,209.67911416656648,-230.74771416656648,230.74771416656648,-1.1550782378775215
33.0288,2.1747733091118384,30.85402669088816,30.85402669088816,0.1544492646883212
5.4444,-26.476799507120383,31.921199507120384,31.921199507120384,0.15979132452426179
0.0,214.96435287247527,-214.96435287247527,214.96435287247527,-1.0760697969176125
-12.8392,39.90219476885347,-52.74139476885347,52.74139476885347,-0.2640131779976561
14.1426,-21.949184368444058,36.09178436844406,36.09178436844406,0.18066846226725577
592.7896,433.5393513845091,159.25024861549088,159.25024861549088,0.7971758126260599
6.8724,28.774951797504585,-21.902551797504586,21.902551797504586,-0.10963992006014153
19.1976,13.951827402722694,5.245772597277307,5.245772597277307,0.02625931871028347
6.5538,-16.315798228542903,22.869598228542902,22.869598228542902,0.11448076665983163
61.3824,38.24634862427398,23.13605137572602,23.13605137572602,0.11581457936015171
-128.2388,-121.30554773065087,-6.933252269349126,6.933252269349126,-0.03470651418136768
4.6176,-6.560758952723592,11.178358952723592,11.178358952723592,0.055956693690815386
6.812,-19.79496384839802,26.60696384839802,26.60696384839802,0.13318929302629465
8.5025,28.21670121303044,-19.714201213030442,19.714201213030442,-0.0986854620881419
5.382,31.200698055418943,-25.818698055418942,25.818698055418942,-0.12924338757530437
1.2714,-13.977247321171625,15.248647321171624,15.248647321171624,0.07633176667154498
54.666,52.89597782495272,1.7700221750472735,1.7700221750472735,0.008860387208351278
18.528,-14.674035275518563,33.20203527551856,33.20203527551856,0.16620293959796043
20.7675,35.67114040925276,-14.903640409252759,14.903640409252759,-0.07460472908283396
1.316,29.724614875666006,-28.408614875666007,28.408614875666007,-0.14220800812543846
161.9674,108.26226130302999,53.70513869697001,53.70513869697001,0.26883749290918085
59.4355,2.984310238688387,56.45118976131161,56.45118976131161,0.2825836911585457
12.096,11.388412513072126,0.7075874869278742,0.7075874869278742,0.003542045521434057
55.912,57.829379499979694,-1.9173794999796954,1.9173794999796954,-0.009598029355039764
3.462,-15.620239032620297,19.082239032620297,19.082239032620297,0.09552198216206793
-186.5682,-156.39626794707584,-30.17193205292415,30.17193205292415,-0.15103483141720137
11.2224,-23.72048418414758,34.94288418414758,34.94288418414758,0.17491729110108603
-12.098,31.05119281532847,-43.14919281532847,43.14919281532847,-0.21599647815791254
30.0144,46.865971256671685,-16.851571256671686,16.851571256671686,-0.0843556925490191
134.652,69.62803481085523,65.02396518914476,65.02396518914476,0.32549733981880175
3.9128,58.340608308577046,-54.42780830857705,54.42780830857705,-0.2724550366172851
74.8142,75.48679365088451,-0.6725936508845081,0.6725936508845081,-0.003366873175222348
48.8064,38.62747831465047,10.178921685349529,10.178921685349529,0.050953704855856756
9.2322,29.69840383556953,-20.46620383556953,20.46620383556953,-0.1024498411514799
3.1752,25.240343053336794,-22.065143053336794,22.065143053336794,-0.11045382030595455
3.1752,25.240343053336794,-22.065143053336794,22.065143053336794,-0.11045382030595455
14.7668,-10.310730269871545,25.077530269871545,25.077530269871545,0.1255332456014442
12.599,18.643541351701685,-6.044541351701685,6.044541351701685,-0.03025779994622811
-34.0704,31.837846620602,-65.908246620602,65.908246620602,-0.32992388090643365
88.725,84.04684733502721,4.678152664972785,4.678152664972785,0.023417923580721388
70.49,186.04337037895988,-115.55337037895988,115.55337037895988,-0.5784377276291857
0.8792,38.94991561065188,-38.07071561065188,38.07071561065188,-0.1905746076883981
10.3936,-8.288856333897765,18.682456333897765,18.682456333897765,0.09352074762398274
5.7753,-11.364799231478905,17.140099231478906,17.140099231478906,0.08580000754872531
33.2704,45.20864790289274,-11.93824790289274,11.93824790289274,-0.05976055017847006
9.5418,-12.97192979597088,22.51372979597088,22.51372979597088,0.1126993584084164
38.3238,40.76362737940039,-2.4398273794003913,2.4398273794003913,-0.012213301961850892
23.4192,29.538108735127608,-6.118908735127608,6.118908735127608,-0.03063006862292308
108.1752,162.21366172865447,-54.03846172865447,54.03846172865447,-0.2705060432628548
28.3479,37.71316639386754,-9.36526639386754,9.36526639386754,-0.046880704506885536
3.9852,-21.442416685117394,25.427616685117393,25.427616685117393,0.12728571019719367
1.962,-15.896734613608167,17.858734613608167,17.858734613608167,0.0893973566876516
-25.737,-137.21571298422217,111.47871298422217,111.47871298422217,0.558040784151467
1.3728,-19.707189339097212,21.079989339097214,21.079989339097214,0.10552233216362379
5.5044,-17.002716937559633,22.507116937559633,22.507116937559633,0.11266625572365704
53.2,13.00130340216802,40.19869659783198,40.19869659783198,0.20122686718222152
44.046,0.537471481358196,43.5085285186418,43.5085285186418,0.21779524289319407
11.2504,33.180809638014345,-21.930409638014346,21.930409638014346,-0.10977937099877082
6.4128,31.452712256840176,-25.039912256840175,25.039912256840175,-0.12534493713493705
11.5587,-14.440812569968926,25.99951256996893,25.99951256996893,0.13014850991466725
1.0208,29.68141244113665,-28.66061244113665,28.66061244113665,-0.14346945899148317
12.549,24.967518116135253,-12.418518116135253,12.418518116135253,-0.06216468958076452
9.116,32.86399178479908,-23.747991784799083,23.747991784799083,-0.11887783418783737
226.3626,179.96468115437293,46.39791884562706,46.39791884562706,0.2322589696498774
422.51,327.3477673113563,95.16223268864371,95.16223268864371,0.476363653020385
24.0688,29.710566268700624,-5.641766268700625,5.641766268700625,-0.028241586113669823
57.3212,51.00181388137298,6.3193861186270155,6.3193861186270155,0.03163361946503298
11.7208,27.429266402824076,-15.708466402824076,15.708466402824076,-0.07863353168142143
6.396,40.561225536779034,-34.16522553677903,34.16522553677903,-0.17102448296074507
176.386,133.55863740710592,42.827362592894076,42.827362592894076,0.21438545857504068
32.9817,46.558153910650034,-13.576453910650038,13.576453910650038,-0.067961091256657
6.862,31.67592483524184,-24.813924835241842,24.813924835241842,-0.12421368799704156
17.7568,171.09492395037427,-153.33812395037427,153.33812395037427,-0.7675808648929455
25.245,46.17954436228776,-20.934544362287756,20.934544362287756,-0.10479426286019428
10.68,-22.11595201832204,32.79595201832204,32.79595201832204,0.1641701656879423
20.5755,38.85731995579263,-18.28181995579263,18.28181995579263,-0.0915152397327225
11.7936,-23.202054969795327,34.995654969795325,34.995654969795325,0.17518145140411467
35.712,38.62747831465047,-2.915478314650464,2.915478314650464,-0.014594318155739822
47.98,45.52711715998562,2.452882840014375,2.452882840014375,0.012278655061859475
207.8856,152.24145196267293,55.644148037327085,55.644148037327085,0.27854379704388166
8.4888,31.74511917139769,-23.256319171397692,23.256319171397692,-0.11641661658509068
9.072,-21.86429002144521,30.93629002144521,30.93629002144521,0.15486105894268673
-9.8115,-165.46488941598392,155.65338941598392,155.65338941598392,0.7791706341086208
26.558,-12.870983233584628,39.42898323358463,39.42898323358463,0.19737383158593463
-76.9972,-4.9338363598783594,-72.06336364012165,72.06336364012165,-0.36073520116811375
-4.461,-7.757395948277825,3.2963959482778247,3.2963959482778247,0.016501117842211074
28.6965,25.71614117617408,2.98035882382592,2.98035882382592,0.014919097382618252
13.2522,35.26071728122389,-22.008517281223888,22.008517281223888,-0.1101703626894539
46.1184,46.34315135795761,-0.22475135795760792,0.22475135795760792,-0.001125061643396633
485.9892,235.64087038756006,250.34832961243993,250.34832961243993,1.2531951116775863
-4.9005,-12.764558110229984,7.864058110229984,7.864058110229984,0.039365947425913976
7.049,74.98116738185725,-67.93216738185724,67.93216738185724,-0.3400552351213963
-47.0304,-39.77833728407576,-7.2520627159242395,7.2520627159242395,-0.03630241735283357
1.7352,-16.255385261110685,17.990585261110684,17.990585261110684,0.09005737541906265
15.9425,-23.271108424133416,39.21360842413342,39.21360842413342,0.19629570712310881
7.89,-19.02308035147356,26.91308035147356,26.91308035147356,0.1347216527822075
-14.5764,-27.823092101134385,13.246692101134386,13.246692101134386,0.06631036768944677
-6.396,-8.432864448995613,2.0368644489956127,2.0368644489956127,0.010196147801676096
942.8157,464.48451829409396,478.33118170590603,478.33118170590603,2.3944329870496492
290.0058,194.25063837662378,95.75516162337624,95.75516162337624,0.4793317401002122
22.4196,37.95546913499236,-15.535869134992364,15.535869134992364,-0.07776954328305483
9.12,29.368985272283204,-20.248985272283207,20.248985272283207,-0.10136248721507672
22.0748,42.75014888626632,-20.675348886266317,20.675348886266317,-0.10349678065201712
3.7436,33.385230720544406,-29.641630720544406,29.641630720544406,-0.14838024595029126
27.9456,38.35509165438889,-10.409491654388894,10.409491654388894,-0.0521078933361518
29.2528,22.478549169395603,6.774250830604398,6.774250830604398,0.03391058386262712
0.2997,31.480504259905395,-31.180804259905393,31.180804259905393,-0.15608504972723977
35.196,39.82634587284005,-4.630345872840053,4.630345872840053,-0.02317861206504851
51.8346,63.60612415531209,-11.771524155312086,11.771524155312086,-0.0589259634816381
1.4602,17.991905902613283,-16.531705902613282,16.531705902613282,-0.08275450871559163
26.082,18.519116485689164,7.562883514310837,7.562883514310837,0.03785832589733561
19.0848,-10.480518963869244,29.565318963869245,29.565318963869245,0.14799824411877557
1.0731,-30.246861519473157,31.319961519473157,31.319961519473157,0.156781643939451
-54.588,18.699774957498725,-73.28777495749873,73.28777495749873,-0.36686436639959374
-103.8606,-119.47635508952935,15.615755089529344,15.615755089529344,0.07816943685483309
-14.5584,28.845217107050964,-43.40361710705096,43.40361710705096,-0.21727007674421928
7.7679,-4.625219444899642,12.393119444899643,12.393119444899643,0.06203754876586535
-20.2356,-50.39057704927166,30.15497704927166,30.15497704927166,0.15094995796216906
15.8631,-10.673560279009237,26.536660279009237,26.536660279009237,0.1328373670133354
11.8248,28.581331323606857,-16.756531323606858,16.756531323606858,-0.0838799411041607
8.8784,14.320417736464305,-5.442017736464306,5.442017736464306,-0.027241683759414655
9.3312,29.584997444929975,-20.253797444929972,20.253797444929972,-0.10138657601665495
34.2144,15.219311410039749,18.995088589960247,18.995088589960247,0.09508572397376211
459.9875,238.43757842366912,221.5499215763309,221.5499215763309,1.1090358747023736
-17.991,-12.136541846585612,-5.854458153414388,5.854458153414388,-0.02930628037637736
21.591,-10.241535933715696,31.832535933715697,31.832535933715697,0.15934749189735098
9.2176,-18.82722931494049,28.044829314940486,28.044829314940486,0.14038696826826874
21.645,56.0572892027918,-34.4122892027918,34.4122892027918,-0.1722612356844387
93.6988,93.91983238340899,-0.221032383408982,0.221032383408982,-0.001106445179160557
3.8168,-12.567407874363695,16.384207874363696,16.384207874363696,0.0820161622354269
101.4504,55.81642781454731,45.63397218545269,45.63397218545269,0.22843480105408517
-14.592,-131.08873902982313,116.49673902982313,116.49673902982313,0.5831600478603687
7.605,30.648857395215323,-23.043857395215323,23.043857395215323,-0.1153530742009962
30.9504,38.62747831465047,-7.677078314650469,7.677078314650469,-0.038429962887229524
6.4206,30.071024833385213,-23.650424833385213,23.650424833385213,-0.1183894329799586
6.0114,31.564318546041008,-25.552918546041006,25.552918546041006,-0.1279129469749931
19.9686,39.82419356685692,-19.85559356685692,19.85559356685692,-0.09939324474807912
2.6208,27.20886354581549,-24.58806354581549,24.58806354581549,-0.12308307025229973
120.9416,112.78129525834957,8.160304741650421,8.160304741650421,0.04084890052139409
3.99,33.44643416946099,-29.45643416946099,29.45643416946099,-0.14745318798718612
-6.3441,-154.32470339564998,147.98060339564998,147.98060339564998,0.7407621576130267
27.9936,18.810732918762305,9.182867081237696,9.182867081237696,0.04596764897615786
50.2425,62.262238862070305,-12.019738862070305,12.019738862070305,-0.06016847809173131
8.1168,15.119734487895592,-7.002934487895592,7.002934487895592,-0.03505532983269824
3.4496,-21.793796485956143,25.243396485956143,25.243396485956143,0.12636353966216934
-2.5256,-130.789992631904,128.264392631904,128.264392631904,0.6420666361043276
-81.7258,51.586837761485285,-133.3126377614853,133.3126377614853,-0.6673371706780366
11.2308,30.211432745605613,-18.98063274560561,18.98063274560561,-0.0950133608247511
5.5664,25.16833899578787,-19.60193899578787,19.60193899578787,-0.09812349923385694
4.9248,-17.97909195792304,22.90389195792304,22.90389195792304,0.11465243440807231
19.872,30.575843717712047,-10.703843717712047,10.703843717712047,-0.053581362591728
-729.9138,-92.89725923492207,-637.0165407650779,637.0165407650779,-3.1887810722779966
15.525,32.295950211646954,-16.770950211646955,16.770950211646955,-0.08395211925703933
14.425,25.35453992546072,-10.92953992546072,10.92953992546072,-0.05471115396965597
1.1772,-17.01574810882732,18.19294810882732,18.19294810882732,0.0910703645288212
48.5514,-12.483319640335898,61.0347196403359,61.0347196403359,0.3055279514518485
93.594,85.20734141998922,8.386658580010774,8.386658580010774,0.041981983870429375
10.327,24.20247500467794,-13.87547500467794,13.87547500467794,-0.06945793277305284
-7.9984,-7.4824813302587,-0.5159186697412999,0.5159186697412999,-0.002582588651355926
43.4646,170.26297841883263,-126.79837841883264,126.79837841883264,-0.6347280537046964
44.975,52.545072157373056,-7.570072157373055,7.570072157373055,-0.03789431084822029
23.2624,-11.517166069847102,34.7795660698471,34.7795660698471,0.17409975234296207
4.4712,28.321326234946362,-23.850126234946362,23.850126234946362,-0.1193890994072083
89.964,103.20194588294964,-13.237945882949646,13.237945882949646,-0.06626658582003406
10.89,24.61649833558425,-13.72649833558425,13.72649833558425,-0.06871218450402607
41.2237,30.025584020477165,11.198115979522836,11.198115979522836,0.05605559352946989
17.38,41.56208193670908,-24.18208193670908,24.18208193670908,-0.12105080517287707
-4.6764,-13.902292660411863,9.225892660411862,9.225892660411862,0.04618302666843819
4.1652,-18.298789973440265,22.463989973440263,22.463989973440263,0.11245037051803351
1.9926,-16.580843601231823,18.573443601231823,18.573443601231823,0.09297505105832535
9.5736,-6.154656068147663,15.728256068147664,15.728256068147664,0.07873259490218927
-26.541,4.874995908105362,-31.415995908105362,31.415995908105362,-0.15726237343572178
143.303,75.04634014141173,68.25665985858826,68.25665985858826,0.34167958143217453
56.324,74.85876048402409,-18.53476048402409,18.53476048402409,-0.09278141088719168
-231.4116,54.68336316890407,-286.0949631689041,286.0949631689041,-1.4321358160203759
17.9982,22.592314308593544,-4.594114308593543,4.594114308593543,-0.022997243891861776
-87.9354,69.84713719680124,-157.78253719680123,157.78253719680123,-0.78982873434476
68.8464,5.9163859029894486,62.930014097010556,62.930014097010556,0.31501542736978766
102.9528,141.16578655876813,-38.21298655876814,38.21298655876814,-0.19128678842069632
91.7728,70.2748425703712,21.497957429628798,21.497957429628798,0.10761459924086883
168.4704,155.40769732731246,13.06270267268755,13.06270267268755,0.0653893523477951
7.7679,-4.625219444899642,12.393119444899643,12.393119444899643,0.06203754876586535
16.6764,37.63145087602221,-20.955050876022206,20.955050876022206,-0.10489691448486997
12.582,-8.641746656796371,21.223746656796372,21.223746656796372,0.10624195337334931
503.7822,329.90909252018923,173.87310747981076,173.87310747981076,0.8703750038325121
84.51,146.9333910968185,-62.42339109681849,62.42339109681849,-0.3124793710346525
66.6272,48.64166175673702,17.98553824326298,17.98553824326298,0.09003211102802364
12.2715,-14.060631146110609,26.33213114611061,26.33213114611061,0.13181353390072384
9.5571,30.735262264274034,-21.178162264274036,21.178162264274036,-0.1060137667584587
-38.1114,-156.2539112358556,118.14251123585561,118.14251123585561,0.591398463857502
4.7196,-15.126361638743564,19.845961638743564,19.845961638743564,0.09934502918679945
19.596,8.744634842602286,10.851365157397714,10.851365157397714,0.05431982626499443
23.235,-7.221685760113829,30.456685760113828,30.456685760113828,0.15246025316630835
3.2064,33.21242098242699,-30.006020982426993,30.006020982426993,-0.1502043128239992
-4.1762,-29.28920755407247,25.113007554072468,25.113007554072468,0.12571083799523014
-14.4078,4.180735911515974,-18.588535911515976,18.588535911515976,-0.09305060023215567
16.7832,-11.9739535583428,28.7571535583428,28.7571535583428,0.14395272507257081
-97.5528,96.4641571103364,-194.01695711033642,194.01695711033642,-0.9712112024459528
228.0792,77.84281995157814,150.23638004842184,150.23638004842184,0.7520541373864346
5.3116,-11.949613060593926,17.261213060593924,17.261213060593924,0.08640627985275251
21.7515,49.11789815651427,-27.366398156514272,27.366398156514272,-0.13699087366413984
81.1314,130.4032787234943,-49.27187872349431,49.27187872349431,-0.2466454545754065
7.3451,34.70830527800588,-27.36320527800588,27.36320527800588,-0.13697489073449498
45.576,50.47056481847968,-4.8945648184796795,4.8945648184796795,-0.02450124078640161
96.3438,64.44137122287961,31.90242877712039,31.90242877712039,0.15969736189581113
69.1776,52.028662182929516,17.148937817070482,17.148937817070482,0.08584425179143568
7.98,31.920738630908183,-23.940738630908182,23.940738630908182,-0.11984268746131091
3.4965,-19.336947601477984,22.833447601477985,22.833447601477985,0.11429980364245514
15.336,23.333816491259057,-7.997816491259057,7.997816491259057,-0.04003551590081069
3.6288,-15.777278318985832,19.406078318985834,19.406078318985834,0.0971430587287489
2.8101,-19.21036134200964,22.02046134200964,22.02046134200964,0.1102301523377949
7.4872,31.79833173307501,-24.31113173307501,24.31113173307501,-0.12169680338752117
31.0059,37.96086943930853,-6.954969439308531,6.954969439308531,-0.034815226115953904
16.032,26.173586080079726,-10.141586080079726,10.141586080079726,-0.05076681006775063
103.3116,61.07676249543616,42.23483750456384,42.23483750456384,0.21141939307186236
4.0542,34.526495032694854,-30.472295032694852,30.472295032694852,-0.15253839015298473
30.0234,75.21756891656042,-45.19416891656043,45.19416891656043,-0.22623323131511847
8.9535,23.59044051551209,-14.636940515512089,14.636940515512089,-0.07326968121717355
93.5816,44.369116448191406,49.21248355180859,49.21248355180859,0.24634813388255813
15.9792,41.03285211372449,-25.05365211372449,25.05365211372449,-0.12541371618974134
12.7368,33.99164576692411,-21.254845766924106,21.254845766924106,-0.10639762947811875
4.8609,28.737149667291398,-23.876249667291397,23.876249667291397,-0.1195198682354474
13.365,25.507548547752183,-12.142548547752183,12.142548547752183,-0.06078323952433782
23.0864,31.965522028406273,-8.879122028406272,8.879122028406272,-0.044447160239548866
6.398,-23.239567520629652,29.637567520629652,29.637567520629652,0.1483599063607329
15.9936,31.59110092915187,-15.59750092915187,15.59750092915187,-0.07807806007357698
42.495,34.66609556021484,7.8289044397851555,7.8289044397851555,0.03918997497973395
43.9,38.928314393387204,4.971685606612795,4.971685606612795,0.02488729247225372
2.4598,45.5530822927657,-43.0932822927657,43.0932822927657,-0.21571660094173348
1351.9896,959.1689714916525,392.82062850834757,392.82062850834757,1.966383766869426
-35.2152,4.605771173781264,-39.82097117378127,39.82097117378127,-0.19933604707685268
52.734,47.65981599114856,5.074184008851439,5.074184008851439,0.02540037956510185
14.9156,34.52728551417922,-19.61168551417922,19.61168551417922,-0.09817228841181082
33.2544,41.51887950217972,-8.264479502179725,8.264479502179725,-0.041370379138238114
170.5113,131.92616454065407,38.585135459345935,38.585135459345935,0.19314969353271474
12.0295,24.58049630680979,-12.550996306809788,12.550996306809788,-0.06282784967140397
4.4138,-12.48964349221086,16.90344349221086,16.90344349221086,0.08461535488473397
10.4496,32.80357881736687,-22.35397881736687,22.35397881736687,-0.111899676038727
10.518,35.35893237886929,-24.84093237886929,24.84093237886929,-0.12434888251463523
-105.69,-100.39985380557722,-5.290146194422775,5.290146194422775,-0.026481444318696108
27.1032,47.407722261345754,-20.304522261345753,20.304522261345753,-0.10164049459510685
-2.01,-130.97576310038022,128.96576310038023,128.96576310038023,0.6455775604389541
2.0975,33.52023832844864,-31.42273832844864,31.42273832844864,-0.15729612468234744
101.394,89.88760516066927,11.506394839330738,11.506394839330738,0.05759877762317997
-13.637,-11.423701676851262,-2.213298323148738,2.213298323148738,-0.011079341506085172
6.888,-22.98755331920842,29.87555331920842,29.87555331920842,0.14955121704328989
12.4416,27.789286690568694,-15.347686690568695,15.347686690568695,-0.07682753851785282
3.1104,33.17641895365253,-30.06601895365253,30.06601895365253,-0.15050465101425922
8.6352,-13.948093493607647,22.58329349360765,22.58329349360765,0.11304758076709388
15.764,39.18234783471714,-23.418347834717142,23.418347834717142,-0.11722770060205989
8.2901,-23.271108424133416,31.56120842413342,31.56120842413342,0.1579892790856316
56.55,0.6153767453287955,55.9346232546712,55.9346232546712,0.2799978595615053
103.9992,172.52766254205073,-68.52846254205073,68.52846254205073,-0.34304017287204286
24.8832,20.606443673123586,4.276756326876413,4.276756326876413,0.021408611477355705
11.1294,39.42997135177656,-28.300571351776558,28.300571351776558,-0.14166716323066209
7.2111,75.27899150394698,-68.06789150394698,68.06789150394698,-0.34073464371422735
33.3256,50.47258405838839,-17.14698405838839,17.14698405838839,-0.0858344716549611
49.92,-2.567202598333637,52.48720259833364,52.48720259833364,0.26274074136500386
-29.512,-113.05816712267804,83.54616712267804,83.54616712267804,0.4182158850415442
12.7764,2.799768528636495,9.976631471363506,9.976631471363506,0.04994107933644566
21.8192,38.22987503516264,-16.410675035162644,16.410675035162644,-0.08214865170154227
3.1161,27.27906750192569,-24.162967501925692,24.162967501925692,-0.1209551220250402
66.9546,93.04397346423522,-26.089373464235223,26.089373464235223,-0.13059833609724986
70.198,83.44719314573307,-13.249193145733074,13.249193145733074,-0.06632288743291787
-1.249,-8.543539374894312,7.2945393748943115,7.2945393748943115,0.03651504725719162
1.7248,-16.756533501651194,18.481333501651193,18.481333501651193,0.09251396579081315
4.2804,31.70472645826141,-27.424326458261408,27.424326458261408,-0.13728085149099284
41.9958,50.009167507152185,-8.013367507152182,8.013367507152182,-0.04011336126582293
71.5375,71.67114994380593,-0.13364994380593487,0.13364994380593487,-0.0006690256592199728
-11.8256,-26.453617326886967,14.628017326886967,14.628017326886967,0.0732250134681101
-167.986,-42.56871038055952,-125.41728961944047,125.41728961944047,-0.6278145914304711
-36.9544,-41.750090143400804,4.795690143400805,4.795690143400805,0.0240062933678613
-52.4544,-157.74072458333202,105.28632458333203,105.28632458333203,0.5270428905940462
14.3952,-9.006016747085045,23.401216747085044,23.401216747085044,0.11714194570482729
13.3008,-24.149487485321405,37.450287485321404,37.450287485321404,0.18746886500173784
-6.6278,-153.9859243048823,147.3581243048823,147.3581243048823,0.7376461481917567
4.752,30.94868385399771,-26.196683853997712,26.196683853997712,-0.13113551106498683
6.8982,70.43930921670496,-63.54110921670495,63.54110921670495,-0.3180744508430283
146.2405,76.17140354061367,70.06909645938633,70.06909645938633,0.350752287017476
6.3504,31.380708199291252,-25.03030819929125,25.03030819929125,-0.12529686108828952
6.7252,31.679525038119287,-24.954325038119286,24.954325038119286,-0.12491650414203816
2.8224,30.084635163410624,-27.262235163410622,27.262235163410622,-0.136469453952743
10.5252,21.065688678467957,-10.540488678467957,10.540488678467957,-0.052763638994508436
198.46,94.57305006719551,103.8869499328045,103.8869499328045,0.5200378929007862
4.6305,35.097127188770074,-30.466627188770076,30.466627188770076,-0.15251001802718994
7.803,-13.481788964326146,21.284788964326147,21.284788964326147,0.10654751930830186
0.5904,-16.69893025561206,17.289330255612057,17.289330255612057,0.08654702906967503
247.485,168.66061546220627,78.82438453779375,78.82438453779375,0.39457955855619536
11.8272,15.710167759796768,-3.8829677597967684,3.8829677597967684,-0.01943738239800574
68.364,58.219782373712626,10.144217626287379,10.144217626287379,0.050779983076928235
33.8744,72.60303114605011,-38.72863114605011,38.72863114605011,-0.19386800506849722
1.8672,32.71019268102325,-30.84299268102325,30.84299268102325,-0.15439403057812637
3.0438,27.527481500469477,-24.483681500469476,24.483681500469476,-0.12256055400792519
19.9665,11.342400357149694,8.624099642850306,8.624099642850306,0.043170567711682394
7.1196,84.8843941344096,-77.7647941344096,77.7647941344096,-0.3892754548062037
43.4217,41.189813143437796,2.2318868565622054,2.2318868565622054,0.011172392093812582
-12.849,112.03067063977576,-124.87967063977577,124.87967063977577,-0.6251233752425944
5.775,-18.213684303714775,23.988684303714777,23.988684303714777,0.12008269418666168
16.1838,-11.9739535583428,28.1577535583428,28.1577535583428,0.14095224509692084
0.6993,-13.242805934172601,13.942105934172602,13.942105934172602,0.06979147426405666
26.9024,-3.8073237920527454,30.709723792052745,30.709723792052745,0.15372691240539843
48.3771,44.61404435682909,3.763055643170908,3.763055643170908,0.01883712563328485
9.816,34.868866510596646,-25.052866510596644,25.052866510596644,-0.1254097836130748
-7.68,-141.1849366566066,133.5049366566066,133.5049366566066,0.6682997815958728
29.358,0.41780386400921543,28.940196135990785,28.940196135990785,0.14486900066303485
-25.3344,-50.71459530824182,25.38019530824182,25.38019530824182,0.12704832799543708
-1.3464,-16.566442789722036,15.220042789722037,15.220042789722037,0.07618857794310431
6.1488,33.000799494142036,-26.851999494142035,26.851999494142035,-0.1344158938744351
81.1734,92.50394303261831,-11.330543032618309,11.330543032618309,-0.05671849763532125
3.4692,28.315925930630193,-24.846725930630193,24.846725930630193,-0.12437788390944084
9.9882,86.01817754889899,-76.02997754889898,76.02997754889898,-0.38059129994092167
34.6983,34.3854297050645,0.3128702949355002,0.3128702949355002,0.0015661679261422584
-73.8192,46.356885666584745,-120.17608566658474,120.17608566658474,-0.6015781424667722
9.3312,29.584997444929975,-20.253797444929972,20.253797444929972,-0.10138657601665495
1119.9968,1441.8215115946248,-321.8247115946249,321.8247115946249,-1.6109919966783446
-4.196,-130.2769637218679,126.0809637218679,126.0809637218679,0.6311368150786042
3.6288,-15.777278318985832,19.406078318985834,19.406078318985834,0.0971430587287489
-24.4764,-45.267198775286865,20.790798775286863,20.790798775286863,0.10407470037206577
-1.624,-12.96623991227585,11.342239912275849,11.342239912275849,0.0567770499429456
-299.2614,93.93233666188242,-393.1937366618824,393.1937366618824,-1.9682514738154269
-10.4874,-146.60868141980538,136.12128141980537,136.12128141980537,0.6813966952951965
-51.294,53.26172258098214,-104.55572258098213,104.55572258098213,-0.5233856388786297
8.526,-22.296314366738752,30.822314366738752,30.822314366738752,0.1542905189532668
13.572,6.044482684517645,7.5275173154823545,7.5275173154823545,0.03768128957534743
14.7,29.423778796929266,-14.723778796929267,14.723778796929267,-0.07370437678693013
28.629,106.05308742341704,-77.42408742341703,77.42408742341703,-0.38756994318808097
22.6782,33.82494728622565,-11.14674728622565,11.14674728622565,-0.05579845182841299
-97.4988,128.5940535771336,-226.0928535771336,226.0928535771336,-1.1317769099028208
-6.549,102.91532606184246,-109.46432606184247,109.46432606184247,-0.5479571544821118
12.492,26.40759926711373,-13.91559926711373,13.91559926711373,-0.0696587870372776
23.9688,44.06321331657982,-20.094413316579818,20.094413316579818,-0.10058873002808126
18.2112,35.87736159322154,-17.666161593221542,17.666161593221542,-0.08843337355198176
11.454,24.643499857165097,-13.189499857165096,13.189499857165096,-0.06602407442486162
33.7266,40.89323468298846,-7.166634682988459,7.166634682988459,-0.0358747812130555
2.4864,-28.213537375200424,30.699937375200424,30.699937375200424,0.15367792350349863
-77.625,-101.28190351055154,23.656903510551544,23.656903510551544,0.11842186397946858
0.8624,-14.237902009498725,15.100302009498726,15.100302009498726,0.07558917885513511
0.654,-13.11175854943356,13.76575854943356,13.76575854943356,0.06890871350885522
5.1648,30.984685882772173,-25.819885882772173,25.819885882772173,-0.12924933360831722
21.0128,37.270640106793216,-16.257840106793218,16.257840106793218,-0.08138358973598944
2.211,33.216021185304434,-31.005021185304436,31.005021185304436,-0.15520511379898091
13.8579,7.903486568613097,5.954413431386904,5.954413431386904,0.02980663708311253
0.559,-17.024388595733196,17.583388595733197,17.583388595733197,0.08801902800395323
15.2712,39.22915047212395,-23.957950472123947,23.957950472123947,-0.11992884659529818
11.4576,20.890069218957464,-9.432469218957465,9.432469218957465,-0.04721710879615718
36.7173,56.48953268655532,-19.77223268655532,19.77223268655532,-0.09897595637287473
7.0224,17.109856197638965,-10.087456197638964,10.087456197638964,-0.05049584639016005
1.0904,29.724614875666006,-28.634214875666007,28.634214875666007,-0.14333731790606347
6.615,22.80739638966754,-16.192396389667543,16.192396389667543,-0.08105599119950682
9.3,26.857624626794504,-17.557624626794503,17.557624626794503,-0.08789005857970594
18.8937,42.28111289224396,-23.38741289224396,23.38741289224396,-0.11707284628868207
23.5764,76.2032340234963,-52.62683402349629,52.62683402349629,-0.2634397091580837
37.0,33.48199792129549,3.5180020787045123,3.5180020787045123,0.01761043508750062
6.3744,31.438311445330392,-25.06391144533039,25.06391144533039,-0.12546507241104107
6.372,-14.198667613877902,20.5706676138779,20.5706676138779,0.10297276653518862
25.3302,26.56038875093521,-1.2301887509352092,1.2301887509352092,-0.006158085941693273
582.232,394.4743404428248,187.75765955717515,187.75765955717515,0.9398783746683498
176.386,133.55863740710592,42.827362592894076,42.827362592894076,0.21438545857504068
23.8986,30.235405407323398,-6.3368054073234,6.3368054073234,-0.031720817040814704
35.6346,52.80551552297352,-17.170915522973523,17.170915522973523,-0.08595426791835059
11.452,34.85165597769378,-23.399655977693783,23.399655977693783,-0.1171341327964104
33.831,-23.29681856212439,57.12781856212439,57.12781856212439,0.28597076351054235
87.18,136.32704345057158,-49.14704345057157,49.14704345057157,-0.2460205534465118
-53.2856,-82.45164828767341,29.166048287673405,29.166048287673405,0.1459995726660064
-3.4914,-136.5145343455134,133.0231343455134,133.0231343455134,0.6658879728093245
0.585,-16.707570742517927,17.292570742517928,17.292570742517928,0.08656325031771044
-2.5749,22.399202552544665,-24.974102552544664,24.974102552544664,-0.1250155065377697
5.4432,-17.806282219805624,23.249482219805625,23.249482219805625,0.11638239213339484
50.396,64.18775915527358,-13.791759155273581,13.791759155273581,-0.06903886749146743
1.8354,-28.04929768308,29.88469768308,29.88469768308,0.14959699195267714
0.0,25.84106694429211,-25.84106694429211,25.84106694429211,-0.1293553618881864
-4.14,2.229496392849022,-6.369496392849022,6.369496392849022,-0.031884461764628336
-115.4304,4.927119321446746,-120.35751932144674,120.35751932144674,-0.6024863641022785
36.1836,31.358668705086608,4.824931294913391,4.824931294913391,0.024152668892683558
22.2264,31.28868388744639,-9.062283887446387,9.062283887446387,-0.04536403292949329
156.338,149.61618275270985,6.721817247290147,6.721817247290147,0.033648111528983504
-9.8463,-135.02243026295585,125.17613026295585,125.17613026295585,0.6266073945334529
96.0232,-0.004664262562999788,96.027864262563,96.027864262563,0.4806968365436336
15.552,25.993575936207417,-10.441575936207418,10.441575936207418,-0.05226850101905068
16.8896,-4.8584421504492745,21.748042150449276,21.748042150449276,0.10886647477813587
10.8588,34.48155385016296,-23.622753850162958,23.622753850162958,-0.1182509174126164
4.4685,-19.38015003600734,23.84865003600734,23.84865003600734,0.11938170984204877
24.4768,20.492746431375807,3.9840535686241942,3.9840535686241942,0.019943398322612133
-2.7,-13.323380037718511,10.623380037718512,10.623380037718512,0.053178577038528616
5.4432,-17.806282219805624,23.249482219805625,23.249482219805625,0.11638239213339484
-3.272,-12.93167796465237,9.659677964652369,9.659677964652369,0.04835447164525646
6.0726,29.85501266073844,-23.782412660738437,23.782412660738437,-0.1190501384070572
62.1414,32.6301116638395,29.511288336160497,29.511288336160497,0.14772777729109474
64.3678,43.87929775896452,20.488502241035484,20.488502241035484,0.10256146263811573
41.4276,33.41078434523094,8.016815654769061,8.016815654769061,0.040130622023042704
-107.9928,21.015267663238323,-129.00806766323834,129.00806766323834,-0.6457893288636027
-10.0464,-70.10363660228937,60.05723660228937,60.05723660228937,0.3006348612246278
-13.4694,-133.87054535231692,120.40114535231692,120.40114535231692,0.6027047475391204
349.3392,250.67345614890044,98.66574385109956,98.66574385109956,0.4939015493957853
0.4641,-19.65102617420905,20.11512617420905,20.11512617420905,0.10069241457021506
5.98,-20.123302350821113,26.103302350821114,26.103302350821114,0.13066806139802406
-24.9624,36.34515974134686,-61.307559741346864,61.307559741346864,-0.306893736002462
137.151,70.546086544604,66.60491345539602,66.60491345539602,0.33341125976445646
17.6232,-11.541929213049258,29.16512921304926,29.16512921304926,0.14599497195695424
16.6698,32.20954534258825,-15.539745342588251,15.539745342588251,-0.07778894682538535
8.1192,21.4977130237615,-13.3785130237615,13.3785130237615,-0.06697023762390517
5.6448,25.19714061880744,-19.55234061880744,19.55234061880744,-0.09787521939242463
140.5957,65.88720488271865,74.70849511728134,74.70849511728134,0.3739762155661436
23.2182,19.50759004228877,3.710609957711231,3.710609957711231,0.01857459271865189
0.0,18.699774957498725,-18.699774957498725,18.699774957498725,-0.09360744128984944
105.98,115.54862251268136,-9.568622512681358,9.568622512681358,-0.04789866573882874
41.706,23.2253721279957,18.480627872004302,18.480627872004302,0.09251043354585867
30.5088,48.66168201103296,-18.152882011032958,18.152882011032958,-0.09086980142549383
0.84,-14.197579737271326,15.037579737271326,15.037579737271326,0.07527520334321387
2504.2216,1003.091446596496,1501.1301534035038,1501.1301534035038,7.514365976195505
72.6408,80.56927049388418,-7.928470493884177,7.928470493884177,-0.039688383307359236
25.2315,24.330063068357298,0.9014369316427029,0.9014369316427029,0.004512418189364838
3.276,-15.829121240421056,19.105121240421056,19.105121240421056,0.09563652604979705
-12.9987,-50.573318657884826,37.57461865788483,37.57461865788483,0.18809124270214764
-4.7625,-142.22989554178534,137.46739554178535,137.46739554178535,0.6881350811275965
-7.85,-141.56295795873845,133.71295795873846,133.71295795873846,0.6693410958293652
899.982,383.1365111002624,516.8454888997376,516.8454888997376,2.5872281280425145
56.264,62.0776188953662,-5.813618895366197,5.813618895366197,-0.02910184698299398
2.3409,-19.357249619409444,21.698149619409445,21.698149619409445,0.10861672245861717
-6.8634,-159.88291573632137,153.01951573632135,153.01951573632135,0.7659859740582052
2.552,21.745336540820915,-19.193336540820916,19.193336540820916,-0.09607811470911592
29.988,57.715401766325755,-27.727401766325755,27.727401766325755,-0.1387979876153856
143.982,92.15630431647475,51.825695683525254,51.825695683525254,0.25942936623714846
726.5619,366.915717507547,359.646182492453,359.646182492453,1.8003189337463485
-50.098,680.110819633312,-730.2088196333119,730.2088196333119,-3.6552835191070328
-147.8655,-8.147667027665698,-139.7178329723343,139.7178329723343,-0.6994003337916194
-24.588,-2.901442307178403,-21.686557692821598,21.686557692821598,-0.10855869552567415
41.3374,60.62976599561844,-19.29236599561844,19.29236599561844,-0.09657383692486418
75.686,72.56220015597387,3.123799844026138,3.123799844026138,0.015637135268500062
34.6296,30.462218188602513,4.16738181139749,4.16738181139749,0.020861103897207346
23.7864,54.23479606531966,-30.448396065319656,30.448396065319656,-0.15241875656431608
10.788,-1.186305656363043,11.974305656363043,11.974305656363043,0.05994104828867121
7.9896,38.00249091086914,-30.012890910869142,30.012890910869142,-0.15023870235140133
-46.536,-132.78746344496335,86.25146344496335,86.25146344496335,0.43175807296816515
1.764,-16.736372365537502,18.5003723655375,18.5003723655375,0.09260927064541775
7.745,-10.220075598268778,17.96507559826878,17.96507559826878,0.0899296790017408
-172.1172,61.30928284178403,-233.42648284178404,233.42648284178404,-1.1684876335555139
5.6784,-17.460662743570794,23.139062743570793,23.139062743570793,0.11582965368267016
38.97,45.259052014906345,-6.289052014906346,6.289052014906346,-0.03148177283374643
21.8376,58.74256641610758,-36.904966416107584,36.904966416107584,-0.1847390936495922
6.4128,31.452712256840176,-25.039912256840175,25.039912256840175,-0.12534493713493705
7.945,48.76485913605456,-40.81985913605456,40.81985913605456,-0.20433628619717106
71.9928,34.029509250573476,37.96329074942653,37.96329074942653,0.19003685969875236
31.5825,70.35692592424762,-38.77442592424762,38.77442592424762,-0.19409724483321356
1.2376,-13.995968376134343,15.233568376134343,15.233568376134343,0.0762562844015445
-14.7594,-153.1927996109809,138.4333996109809,138.4333996109809,0.6929707098663647
7.9378,-10.284879250062815,18.222679250062814,18.222679250062814,0.09121919284702326
169.182,259.0571266608947,-89.87512666089472,89.87512666089472,-0.44989742718555165
197.353,95.74750668672732,101.60549331327269,101.60549331327269,0.5086173642017217
1.512,32.57698517455774,-31.06498517455774,31.06498517455774,-0.1555052818820884
-90.774,-160.5524125897086,69.77841258970861,69.77841258970861,0.34929718002679794
7.9086,28.990963970151356,-21.082363970151356,21.082363970151356,-0.1055342191054448
-38.85,-6.022353156137857,-32.82764684386214,32.82764684386214,-0.16432882382835737
2.5056,27.640887891109035,-25.135287891109034,25.135287891109034,-0.125822369034818
244.2496,180.1498724640914,64.09972753590858,64.09972753590858,0.32087078564583404
-426.986,-119.72114211634928,-307.26485788365073,307.26485788365073,-1.5381081970317465
0.712,-25.248480726244626,25.960480726244626,25.960480726244626,0.12995312408632645
1.008,-17.159756223925168,18.167756223925167,18.167756223925167,0.0909442588461422
-18.1176,13.122156105878878,-31.239756105878875,31.239756105878875,-0.15638015121768192
50.4063,6.279075030309375,44.12722496969063,44.12722496969063,0.2208923171547518
28.497,20.43219258212583,8.06480741787417,8.06480741787417,0.040370859467475505
5.8604,31.200698055418943,-25.34029805541894,25.34029805541894,-0.12684861009724138
67.608,124.54113881905755,-56.93313881905755,56.93313881905755,-0.28499623453033424
118.3704,68.8635630424123,49.50683695758771,49.50683695758771,0.24782160985820814
440.7648,200.18456320013948,240.5802367998605,240.5802367998605,1.2042979363615454
-17.0352,10.059288051627874,-27.094488051627874,27.094488051627874,-0.1356297444934883
50.4426,48.51003521324026,1.932564786759741,1.932564786759741,0.009674043951149255
75.5958,148.98563853130787,-73.38983853130787,73.38983853130787,-0.36737527682578264
3.2064,33.21242098242699,-30.006020982426993,30.006020982426993,-0.1502043128239992
2.2518,27.586884847947342,-25.335084847947343,25.335084847947343,-0.12682251379322498
30.582,44.43583431439551,-13.853834314395506,13.853834314395506,-0.06934960368087453
86.3856,58.48202584075181,27.903574159248187,27.903574159248187,0.13967987239554258
29.5626,35.54930485443397,-5.98670485443397,5.98670485443397,-0.02996828167476746
67.99,72.0789824889117,-4.088982488911711,4.088982488911711,-0.020468652116721685
3.872,21.745336540820915,-17.873336540820915,17.873336540820915,-0.08947045109907593
5.7072,20.7416704194978,-15.0344704194978,15.0344704194978,-0.07525963870237738
69.6762,80.61787323272969,-10.941673232729698,10.941673232729698,-0.05477189094913375
7.1712,28.774951797504585,-21.603751797504586,21.603751797504586,-0.10814418529750522
11.586,70.75972727279766,-59.17372727279766,59.17372727279766,-0.2962121851294663
3.2214,-18.821539431245448,22.042939431245447,22.042939431245447,0.11034267328648177
9.702,32.322951733227804,-22.620951733227805,22.620951733227805,-0.11323609060009107
1.7325,-22.96595210194374,24.698452101943737,24.698452101943737,0.1236356539229766
11.7488,-11.601042981148257,23.349842981148257,23.349842981148257,0.11688477861112183
35.2604,36.905571719276836,-1.6451717192768385,1.6451717192768385,-0.008235410077070059
-7.84,-141.14173422207725,133.30173422207724,133.30173422207724,0.6672825896776068
1.8704,-13.719472795146473,15.589872795146473,15.589872795146473,0.07803987511639518
-0.91,-131.1642337210145,130.25423372101451,130.25423372101451,0.6520273940999926
22.4808,-6.4801144082688005,28.9609144082688,28.9609144082688,0.14497271230984873
23.6808,37.01581618397891,-13.335016183978912,13.335016183978912,-0.0667525008925543
73.41,52.51468957138475,20.895310428615247,20.895310428615247,0.10459786540882567
64.7568,54.44835072111776,10.308449278882236,10.308449278882236,0.0516020948303129
7.2036,20.018029641131115,-12.814429641131115,12.814429641131115,-0.06414654577509073
-32.9292,5.739044598692448,-38.66824459869245,38.66824459869245,-0.19356572174159484
0.0,27.154860502653797,-27.154860502653797,27.154860502653797,-0.13593195725689203
21.7728,22.402154427484863,-0.6293544274848628,0.6293544274848628,-0.0031504260214464197
23.7564,14.444405597266213,9.311994402733786,9.311994402733786,0.04661403526654548
-84.8232,57.75930733821456,-142.58250733821455,142.58250733821455,-0.7137403372477112
116.2425,46.35365329973838,69.88884670026162,69.88884670026162,0.34984999173407694
25.1496,33.36758191070158,-8.217981910701582,8.217981910701582,-0.04113762122674976
6.03,-17.1323242411477,23.1623242411477,23.1623242411477,0.11594609622134741
51.8292,63.60252395243464,-11.773323952434637,11.773323952434637,-0.05893497291645033
9.798,29.919816312532472,-20.121816312532474,20.121816312532474,-0.10072590410320433
131.586,104.75701438753642,26.828985612463597,26.828985612463597,0.13430069085284996
35.6796,63.86612924397258,-28.18652924397258,28.18652924397258,-0.14109629058994344
14.098,37.17153770698699,-23.07353770698699,23.07353770698699,-0.11550164807677521
10.8,21.249299025217713,-10.449299025217712,10.449299025217712,-0.052307161302543426
107.7216,62.69685379028694,45.02474620971306,45.02474620971306,0.2253851341524292
15.552,25.993575936207417,-10.441575936207418,10.441575936207418,-0.05226850101905068
54.5844,54.990400392643394,-0.40600039264339216,0.40600039264339216,-0.0020323591061603683
83.281,769.7324868662347,-686.4514868662347,686.4514868662347,-3.4362428104726193
53.235,64.41696028422186,-11.181960284221859,11.181960284221859,-0.055974721256791746
12.1452,24.73789561346307,-12.59269561346307,12.59269561346307,-0.06303658830105305
27.4856,21.80171102843572,5.683888971564283,5.683888971564283,0.02845244418250976
-13.1706,-19.58726799868849,6.416667998688489,6.416667998688489,0.03212059366109243
-8.5416,-11.036934862314887,2.495334862314886,2.495334862314886,0.012491161639834998
2239.9872,1283.1872304618096,956.7999695381905,956.7999695381905,4.789554803640048
6.2208,31.380708199291252,-25.15990819929125,25.15990819929125,-0.12594561351545708
134.3328,43.87929775896452,90.45350224103547,90.45350224103547,0.45279266299906057
-5.412,-141.93017865223794,136.51817865223794,136.51817865223794,0.6833834857494921
52.3764,105.10464401620726,-52.72824401620726,52.72824401620726,-0.2639473478842433
629.01,334.68397115563727,294.3260288443627,294.3260288443627,1.4733389320321768
15.2544,41.81690585952338,-26.56250585952338,26.56250585952338,-0.13296674496927757
85.9957,68.01018189438312,17.985518105616876,17.985518105616876,0.09003201022287867
-52.5481,-148.6936371627867,96.1455371627867,96.1455371627867,0.481285884225979
70.5564,89.32862544814694,-18.77222544814694,18.77222544814694,-0.09397011437362653
39.689,-4.5473141809290425,44.23631418092904,44.23631418092904,0.2214383965572882
2.0271,27.343871153719725,-25.316771153719724,25.316771153719724,-0.1267308389970786
36.2556,-10.154919741930343,46.410519741930344,46.410519741930344,0.23232204728923883
-734.5264,173.80585854214587,-908.3322585421458,908.3322585421458,-4.546934856510883
60.4224,39.85874769873706,20.56365230126294,20.56365230126294,0.1029376492428561
29.5186,43.408986012838966,-13.890386012838967,13.890386012838967,-0.06953257438366998
66.6,32.28989249192083,34.31010750807916,34.31010750807916,0.17174973396795018
38.3572,55.342710285054906,-16.985510285054907,16.985510285054907,-0.08502616530948268
-31.4874,-7.263166349856688,-24.22423365014331,24.22423365014331,-0.12126180846299844
15.0156,0.45833745896325695,14.557262541036742,14.557262541036742,0.07287082875318684
-304.6653,10.917922806689766,-315.5832228066898,315.5832228066898,-1.5797483161203814
8.7168,-1.9524992695924688,10.669299269592468,10.669299269592468,0.053408439794175984
-68.1856,-164.857394308741,96.671794308741,96.671794308741,0.4839202252811652
107.9946,39.95674238618312,68.03785761381688,68.03785761381688,0.34058429989386324
15.498,-18.264087143999017,33.76208714399902,33.76208714399902,0.16900645047000076
-11.6512,-107.21308905358306,95.56188905358306,95.56188905358306,0.47836425515609
7.2576,-19.83528612062542,27.09288612062542,27.09288612062542,0.1356217255380408
-39.637,-11.456288056628491,-28.18071194337151,28.18071194337151,-0.14106717031305682
25.0182,39.44126377504171,-14.423063775041712,14.423063775041712,-0.07219905579668863
4.7988,-8.922562481237172,13.721362481237172,13.721362481237172,0.06868647541472633
-6.396,-8.432864448995613,2.0368644489956127,2.0368644489956127,0.010196147801676096
3.857,-24.614845019814094,28.471845019814094,28.471845019814094,0.1425245259455482
16.3172,-5.276206566050792,21.593406566050792,21.593406566050792,0.10809239907825167
-185.7168,-38.76823446963568,-146.94856553036433,146.94856553036433,-0.7355959765170939
11.898,36.18697904068191,-24.288979040681912,24.288979040681912,-0.12158591131222551
33.0368,49.55453232463961,-16.51773232463961,16.51773232463961,-0.0826845596984108
210.4942,94.85623733608941,115.6379626639106,115.6379626639106,0.5788611801768818
60.6645,84.39786711557822,-23.733367115578226,23.733367115578226,-0.11880462593433772
113.211,59.52384629683252,53.68715370316748,53.68715370316748,0.2687474635235174
79.692,13.043277078273034,66.64872292172696,66.64872292172696,0.33363056144358544
15.426,27.874681939673053,-12.448681939673053,12.448681939673053,-0.06231568382252997
2.9568,30.156639220959548,-27.199839220959547,27.199839220959547,-0.13615711198429745
4.42,32.107949180535385,-27.687949180535384,27.687949180535384,-0.13860049563398483
34.96,35.89413384918444,-0.9341338491844411,0.9341338491844411,-0.004676092607698945
13.428,34.419279427855834,-20.991279427855833,20.991279427855833,-0.10507826757850293
17.3488,-8.720880679191307,26.069680679191308,26.069680679191308,0.13049975784034454
79.758,62.09439115132909,17.663608848670904,17.663608848670904,0.08842059500859314
12.2328,35.35691313896058,-23.12411313896058,23.12411313896058,-0.11575481886572518
4.914,19.16478155917637,-14.25078155917637,14.25078155917637,-0.0713366444872716
22.653,44.15062780559288,-21.497627805592884,21.497627805592884,-0.10761294920696951
5.135,23.716447616222705,-18.581447616222704,18.581447616222704,-0.09301511760271129
165.2868,96.92679226756093,68.36000773243907,68.36000773243907,0.3421969208149162
3.5154,-24.01707046034027,27.53247046034027,27.53247046034027,0.13782219936006904
2.834,33.97206378956814,-31.13806378956814,31.13806378956814,-0.15587109923441897
37.5624,37.50983445967341,0.05256554032659011,0.05256554032659011,0.0002631328848167414
73.41,52.51468957138475,20.895310428615247,20.895310428615247,0.10459786540882567
1.728,29.695813252646435,-27.967813252646433,27.967813252646433,-0.14000144081962557
8.8176,20.80647407129183,-11.98887407129183,11.98887407129183,-0.06001397494411129
-15.7514,17.723259055317556,-33.47465905531756,33.47465905531756,-0.16756764128660392
-19.7372,-103.54664244319186,83.80944244319186,83.80944244319186,0.4195337901588024
1.476,-24.168419863010772,25.64441986301077,25.64441986301077,0.12837098479500209
55.896,224.36036379913062,-168.46436379913064,168.46436379913064,-0.8432998835333729
21.2724,43.2773594693422,-22.0049594693422,22.0049594693422,-0.11015255297422512
2.128,-24.341229601128187,26.469229601128188,26.469229601128188,0.13249982213724834
8.4096,26.277201482041296,-17.867601482041295,17.867601482041295,-0.08944174250877325
54.558,45.259052014906345,9.298947985093655,9.298947985093655,0.04654872743390753
219.6546,88.34483215528802,131.30976784471198,131.30976784471198,0.6573111929017436
80.7912,55.76567276971866,25.02552723028134,25.02552723028134,0.12527292848605656
14.8707,34.72068684960696,-19.849986849606964,19.849986849606964,-0.09936517861054553
134.9322,54.13009151502216,80.80210848497784,80.80210848497784,0.4044796604929476
11.4504,-14.263682588398574,25.714082588398576,25.714082588398576,0.12871970286736664
26.9304,41.90331072858209,-14.972910728582093,14.972910728582093,-0.07495148284668872
7.6798,31.98914248557966,-24.30934248557966,24.30934248557966,-0.12168784676209363
22.5296,22.911941883201884,-0.3823418832018852,0.3823418832018852,-0.001913929203202465
17.6232,-11.541929213049258,29.16512921304926,29.16512921304926,0.14599497195695424
20.392,5.798158366791441,14.593841633208559,14.593841633208559,0.07305393658366564
-4.9128,-139.14297202542798,134.23017202542798,134.23017202542798,0.6719301689862327
19.0386,21.523703653658636,-2.485103653658637,2.485103653658637,-0.01243994619655877
1.7919,27.06305532927892,-25.27115532927892,25.27115532927892,-0.12650249504010927
8.9985,5.311340496851841,3.687159503148159,3.687159503148159,0.01845720429800393
58.464,61.09316564363859,-2.6291656436385935,2.6291656436385935,-0.013161092536544
3.6018,27.495079674572462,-23.89327967457246,23.89327967457246,-0.11960511714407604
99.432,135.53218909614034,-36.10018909614034,36.10018909614034,-0.1807105347016126
20.1558,20.85989668396644,-0.7040966839664407,0.7040966839664407,-0.0035245712398445993
99.296,13.891696198926004,85.40430380107401,85.40430380107401,0.42751735633875454
1.239,-18.821539431245448,20.06053943124545,20.06053943124545,0.10041916393758538
-292.9872,-74.92906804731206,-218.05813195268792,218.05813195268792,-1.0915566540735397
-26.7558,-103.84898904398844,77.09318904398845,77.09318904398845,0.38591353017264807
-4.908,-13.537881688305426,8.629881688305424,8.629881688305424,0.04319951150815617
24.9984,-12.34960341602154,37.34800341602154,37.34800341602154,0.18695685081795033
14.4,22.599375104260034,-8.199375104260033,8.199375104260033,-0.04104447916779303
12.7008,27.789286690568694,-15.088486690568695,15.088486690568695,-0.0755300336635177
31.984,51.91064596945816,-19.926645969458157,19.926645969458157,-0.0997489192746504
3.0576,-14.315525509833797,17.373125509833798,17.373125509833798,0.08696649183635309
31.4895,47.15376834839739,-15.664268348397393,15.664268348397393,-0.07841228480576252
6.0632,33.245613289808375,-27.182413289808373,27.182413289808373,-0.13606988115767724
4.8546,29.09897005647474,-24.244370056474743,24.244370056474743,-0.12136260740190237
6.9654,19.866821120278377,-12.901421120278378,12.901421120278378,-0.0645820082229278
4.8162,27.97030645439536,-23.15410645439536,23.15410645439536,-0.11590495957704551
5.2029,28.078312540718745,-22.875412540718745,22.875412540718745,-0.11450987197724204
7.764,-19.84104644522933,27.60504644522933,27.60504644522933,0.13818550064364044
83.284,52.05904476891782,31.224955231082184,31.224955231082184,0.15630606091329494
8.2056,-20.402537212293176,28.608137212293176,28.608137212293176,0.1432067781884093
-4.4946,-136.23101836891453,131.73641836891454,131.73641836891454,0.6594469225555145
56.2744,92.20302742549998,-35.92862742549998,35.92862742549998,-0.1798517303016369
7.2576,-19.83528612062542,27.09288612062542,27.09288612062542,0.1356217255380408
62.1376,8.390304438552702,53.747295561447295,53.747295561447295,0.26904852198442325
3.2432,-11.805534504587197,15.048734504587197,15.048734504587197,0.07533104194175293
3.9474,-15.538224847923406,19.485624847923404,19.485624847923404,0.09754125320190479
44.3664,46.5635542149662,-2.197154214966204,2.197154214966204,-0.010998527236271326
81.1314,130.4032787234943,-49.27187872349431,49.27187872349431,-0.2466454545754065
6.0264,35.43286960393136,-29.40646960393136,29.40646960393136,-0.1472030750770031
15.6104,-14.921729233486865,30.532129233486863,30.532129233486863,0.15283790854026444
7.6968,-2.1324389725558994,9.829238972555899,9.829238972555899,0.04920326111616999
-5.1396,23.773285877894544,-28.912885877894546,28.912885877894546,-0.14473229081560807
3.1806,-18.19510413056981,21.375704130569808,21.375704130569808,0.10700262297162684
-13.7403,1.3799189546806012,-15.1202189546806,15.1202189546806,-0.07568887921415134
16.146,23.657834750229213,-7.511834750229212,7.511834750229212,-0.037602785699790406
107.9892,56.90389913453334,51.08530086546666,51.08530086546666,0.2557230935884
1.794,-22.22431030918983,24.01831030918983,24.01831030918983,0.120230996215668
163.787,133.55863740710592,30.228362592894086,30.228362592894086,0.1513173117395152
5.0463,-11.989935332821325,17.036235332821324,17.036235332821324,0.08528008504603093
8.073,29.31498222912151,-21.24198222912151,21.24198222912151,-0.10633323710642589
29.245,50.10536336488888,-20.86036336488888,20.86036336488888,-0.10442292719574804
20.7332,51.00181388137298,-30.268613881372982,30.268613881372982,-0.15151880187143885
2.2724,30.621065392150108,-28.348665392150107,28.348665392150107,-0.1419079126552349
27.882,40.201205249034416,-12.319205249034415,12.319205249034415,-0.06166754865807441
3.7412,30.480657479929704,-26.739457479929705,26.739457479929705,-0.13385253041086584
121.1056,72.66941576081288,48.436184239187114,48.436184239187114,0.24246213030793087
18.96,28.69372809429206,-9.733728094292058,9.733728094292058,-0.048725152211119276
143.6288,115.46142716213828,28.167372837861734,28.167372837861734,0.14100039734179362
102.9444,88.47228715289295,14.472112847107056,14.472112847107056,0.07244458592441015
0.0,43.8014081264806,-43.8014081264806,43.8014081264806,-0.2192613413226177
2.4582,-8.781434528441281,11.23963452844128,11.23963452844128,0.05626342732100783
0.0,75.21756891656042,-75.21756891656042,75.21756891656042,-0.3765245401254778
31.0156,51.382170771638826,-20.366570771638827,20.366570771638827,-0.10195109738565286
9.8685,-21.26665634378914,31.13515634378914,31.13515634378914,0.1558565451255765
-8.3524,-11.313026750952563,2.9606267509525637,2.9606267509525637,0.014820322458469816
-19.47,201.38432499358274,-220.85432499358274,220.85432499358274,-1.1055538533182123
-18.1176,13.122156105878878,-31.239756105878875,31.239756105878875,-0.15638015121768192
3.546,-14.806663623226346,18.352663623226345,18.352663623226345,0.09186986937158881
-6.188,-117.29200570655476,111.10400570655476,111.10400570655476,0.5561650723006638
98.105,49.55668463062274,48.54831536937726,48.54831536937726,0.2430234369658931
13.452,26.533606367824348,-13.081606367824348,13.081606367824348,-0.06548398057389412
146.79,48.9661013894311,97.82389861056889,97.82389861056889,0.489687435637346
-9.9705,-134.99326861964852,125.02276861964852,125.02276861964852,0.6258396959352273
2.7956,-16.255385261110685,19.050985261110686,19.050985261110686,0.09536553185246145
1.305,-13.929724643189331,15.234724643189331,15.234724643189331,0.07626207244983445
18.6624,24.19786518184614,-5.5354651818461384,5.5354651818461384,-0.027709463520248542
8.1144,26.298802699305973,-18.184402699305974,18.184402699305974,-0.0910275878685734
-17.523,-3.782771971577233,-13.740228028422766,13.740228028422766,-0.0687809126795913
157.4685,89.30090515771995,68.16759484228005,68.16759484228005,0.3412337392600629
31.0446,88.1782992753667,-57.133699275366695,57.133699275366695,-0.28600020121879405
4.2804,31.70472645826141,-27.424326458261408,27.424326458261408,-0.13728085149099284
5.8696,31.34470617051679,-25.47510617051679,25.47510617051679,-0.12752343333699148
27.4856,21.80171102843572,5.683888971564283,5.683888971564283,0.02845244418250976
3.0144,-19.950492612703698,22.9648926127037,22.9648926127037,0.11495779183745321
4.2471,-13.810057025840358,18.057157025840358,18.057157025840358,0.09039062074274477
-34.647,-36.425601410384544,1.778601410384546,1.778601410384546,0.008903333194063449
-25.992,20.2580836446752,-46.2500836446752,46.2500836446752,-0.23151893534865578
7.2576,-19.83528612062542,27.09288612062542,27.09288612062542,0.1356217255380408
12.993,49.47431824138145,-36.481318241381445,36.481318241381445,-0.18261839317413933
31.4685,26.825003662427505,4.643496337572493,4.643496337572493,0.02324444073722098
12.3144,1.7659311440517094,10.54846885594829,10.54846885594829,0.05280358621294666
2.808,-25.032468553597855,27.840468553597855,27.840468553597855,0.13936397799096287
2.7944,33.80645445720561,-31.01205445720561,31.01205445720561,-0.1552403209920119
30.2112,37.415438703375436,-7.2042387033754345,7.2042387033754345,-0.03606301963510263
1.6116,-13.775565519125752,15.387165519125752,15.387165519125752,0.07702516186544635
26.9973,22.592314308593544,4.404985691406456,4.404985691406456,0.02205050276958579
-15.5268,-104.81535393720388,89.28855393720389,89.28855393720389,0.44696115806360165
-16.5858,-107.40750000896513,90.82170000896514,90.82170000896514,0.45463578950849
-6.0768,-154.07196915365324,147.99516915365325,147.99516915365325,0.7408350709684137
-3.94,-118.49447346762179,114.55447346762179,114.55447346762179,0.5734374437115871
-24.1026,-78.33808779248618,54.23548779248618,54.23548779248618,0.2714923174690747
-386.957,-85.77478551284669,-301.1822144871533,301.1822144871533,-1.5076596656500147
-7.896,-12.483742285789184,4.587742285789184,4.587742285789184,0.022965346783371844
21.42,0.5013990116748488,20.918600988325153,20.918600988325153,0.10471445342689584
4.1972,-9.008896909387001,13.206096909387,13.206096909387,0.06610715604455905
34.993,47.04519091905962,-12.052190919059619,12.052190919059619,-0.06033092678570043
4.8804,30.840677767674325,-25.960277767674327,25.960277767674327,-0.12995210811514515
1.3978,-13.987327889228474,15.385127889228475,15.385127889228475,0.07701496188595926
35.6613,-2.897122063725469,38.558422063725466,38.558422063725466,0.19301597146291022
-7.833,-109.95997340816561,102.12697340816561,102.12697340816561,0.5112277922671642
-2.588,-133.67332467554175,131.08532467554176,131.08532467554176,0.6561876739915555
-18.0385,-129.14451990676724,111.10601990676724,111.10601990676724,0.5561751549956997
-29.1528,-20.5812135722425,-8.571586427757499,8.571586427757499,-0.04290769675682259
-12.208,-137.00013127277202,124.79213127277202,124.79213127277202,0.6246851701745667
4.7976,-12.38690464412922,17.18450464412922,17.18450464412922,0.08602229241937553
-168.819,-90.9590776563692,-77.85992234363079,77.85992234363079,-0.38975164814435453
2.6208,27.20886354581549,-24.58806354581549,24.58806354581549,-0.12308307025229973
8.95,23.38342885005893,-14.433428850058931,14.433428850058931,-0.07225094134896637
1061.5722,567.3750137237508,494.1971862762492,494.1971862762492,2.4738551241982742
-2.688,-166.30193658499016,163.61393658499017,163.61393658499017,0.8190195870212339
-2.3904,-112.55427960165332,110.16387960165332,110.16387960165332,0.5514589836247503
-3.2392,-20.5812135722425,17.3420135722425,17.3420135722425,0.0868107515197926
-1.406,-110.49359391551202,109.08759391551202,109.08759391551202,0.5460713065320816
43.706,50.42095245967981,-6.714952459679807,6.714952459679807,-0.03361374773558692
49.23,26.036340093796802,23.193659906203195,23.193659906203195,0.11610295647413801
39.4438,93.59581412443883,-54.15201412443883,54.15201412443883,-0.27107446450032235
4.872,34.89450620767873,-30.02250620767873,30.02250620767873,-0.15028683465960468
8399.976,3170.3297645329662,5229.646235467035,5229.646235467035,26.1785932753622
331.191,161.53164242184843,169.65935757815154,169.65935757815154,0.8492817902817522
16.8413,20.423842946328183,-3.582542946328182,3.582542946328182,-0.01793351413474102
9.5088,35.16092122060975,-25.65212122060975,25.65212122060975,-0.12840953629527077
53.4519,61.72220843045338,-8.270308430453376,8.270308430453376,-0.04139955762099519
4.5448,26.270001076286405,-21.725201076286403,21.725201076286403,-0.1087521367974084
1.002,-19.162838664027348,20.164838664027346,20.164838664027346,0.10094126563834904
-12.7785,11.60723440711197,-24.38573440711197,24.38573440711197,-0.12207024988331337
3.9032,34.06645954586611,-30.16325954586611,30.16325954586611,-0.15099141853137166
70.219,47.63979573685263,22.57920426314736,22.57920426314736,0.11302711087368063
9.3152,36.099783690138835,-26.784583690138835,26.784583690138835,-0.1340784234540915
2.8912,25.125136561258515,-22.233936561258513,22.233936561258513,-0.11129876782103436
459.396,315.50389032604267,143.89210967395735,143.89210967395735,0.7202959521700681
41.76,40.28961245478578,1.4703875452142157,1.4703875452142157,0.007360474450884841
-10.3824,-134.66439008679382,124.28199008679381,124.28199008679381,0.6221315024847403
1.656,29.811810226209086,-28.155810226209088,28.155810226209088,-0.14094251715372225
5.2164,28.12691527956427,-22.91051527956427,22.91051527956427,-0.11468558946972862
0.679,32.3839360436744,-31.704936043674405,31.704936043674405,-0.1587087516321457
307.1448,213.77576733943877,93.3690326605612,93.3690326605612,0.4673872419816854
47.848,68.48763014936868,-20.639630149368685,20.639630149368685,-0.10331797959292995
14.418,28.89094877106723,-14.47294877106723,14.47294877106723,-0.07244877039738924
3.4995,-4.60231902830175,8.10181902830175,8.10181902830175,0.04055613240033254
26.9024,-3.8073237920527454,30.709723792052745,30.709723792052745,0.15372691240539843
27.5632,33.90963158222722,-6.346431582227222,6.346431582227222,-0.031769003802644906
407.1288,299.0733548748627,108.05544512513734,108.05544512513734,0.5409045701666986
49.8435,33.32697005909532,16.516529940904675,16.516529940904675,0.0826785407989785
17.3712,34.29125308723651,-16.92005308723651,16.92005308723651,-0.0846984992912707
148.491,115.1852211605293,33.30577883947072,33.30577883947072,0.16672225972849267
14.7184,89.35995630065341,-74.6415563006534,74.6415563006534,-0.373641132851953
20.6816,37.14103280320516,-16.459432803205157,16.459432803205157,-0.08239272361790688
85.9818,59.01665596805257,26.96514403194744,26.96514403194744,0.1349822734540802
13.5072,31.151085696619067,-17.643885696619066,17.643885696619066,-0.0883218647403445
3.4686,30.376251596483765,-26.907651596483767,26.907651596483767,-0.1346944774891818
3.597,22.123357842952764,-18.526357842952763,18.526357842952763,-0.09273934889807407
46.7313,51.871176803880665,-5.139876803880668,5.139876803880668,-0.02572922493719007
11.2896,15.422151529601072,-4.132551529601072,4.132551529601072,-0.020686750271787926
-19.1058,18.699774957498725,-37.80557495749872,37.80557495749872,-0.18924736507825993
3.6288,-15.777278318985832,19.406078318985834,19.406078318985834,0.0971430587287489
4.752,-15.362534947504034,20.114534947504033,20.114534947504033,0.10068945500416657
-20.691,-9.976420120117897,-10.714579879882102,10.714579879882102,-0.05363510573421479
91.7892,71.98278663117502,19.806413368824977,19.806413368824977,0.09914705822923803
-7.996,-11.886179049041996,3.890179049041995,3.890179049041995,0.019473480711283887
180.441,481.32050703018336,-300.8795070301834,300.8795070301834,-1.506144370916751
6.2208,31.380708199291252,-25.15990819929125,25.15990819929125,-0.12594561351545708
21.384,16.866623364941365,4.5173766350586355,4.5173766350586355,0.022613110003274095
3.8844,-18.454318737745936,22.338718737745936,22.338718737745936,0.1118232870441834
2.3406,32.906403737844066,-30.565803737844067,30.565803737844067,-0.15300647656831537
-17.248,-164.66384427575215,147.41584427575216,147.41584427575216,0.7379350831547032
-17.9964,0.9910970439164153,-18.987497043916417,18.987497043916417,-0.09504772216880926
11.7782,33.558830940146194,-21.780630940146196,21.780630940146196,-0.109029607929481
314.0586,323.63156746034747,-9.572967460347456,9.572967460347456,-0.04792041570290511
-95.2476,-99.2261172266209,3.9785172266208946,3.9785172266208946,0.019915684469893995
1.8704,-13.719472795146473,15.589872795146473,15.589872795146473,0.07803987511639518
125.245,334.1957745579829,-208.95077455798287,208.95077455798287,-1.045966991921554
15.552,25.993575936207417,-10.441575936207418,10.441575936207418,-0.05226850101905068
401.814,352.74395061340607,49.07004938659395,49.07004938659395,0.24563513611716783
2.9346,52.498488658436244,-49.56388865843624,49.56388865843624,-0.24810719959122915
52.532,40.71840570496233,11.813594295037667,11.813594295037667,0.05913655842961842
770.352,473.5119656558541,296.84003434414586,296.84003434414586,1.48592355525669
8.8008,-16.897520572629325,25.698320572629328,25.698320572629328,0.12864080127795804
-56.3108,-17.55110736417627,-38.759692635823725,38.759692635823725,-0.19402349285308113
8.763,29.514793488819777,-20.75179348881978,20.75179348881978,-0.10387944748419627
27.504,-7.403135985137119,34.90713598513712,34.90713598513712,0.1747383425603846
26.7904,28.49808838048563,-1.707688380485628,1.707688380485628,-0.008548356340168935
24.4608,23.410211233169797,1.0505887668302023,1.0505887668302023,0.005259043305833868
34.182,46.595956040863214,-12.413956040863212,12.413956040863212,-0.06214185271806655
12.4416,27.789286690568694,-15.347686690568695,15.347686690568695,-0.07682753851785282
6.9088,26.781229884883764,-19.872429884883765,19.872429884883765,-0.09947752408592232
119.4742,103.20835580722016,16.265844192779838,16.265844192779838,0.08142365663576628
9.9992,35.25452649542335,-25.255326495423347,25.255326495423347,-0.12642325897233894
114.9385,64.18272795871786,50.75577204128214,50.75577204128214,0.25407353630050356
-7.9068,-135.39343116947666,127.48663116947665,127.48663116947665,0.6381733132917725
-163.5767,52.68308717818797,-216.25978717818796,216.25978717818796,-1.0825544894335632
-13.0152,-168.1883724518631,155.1731724518631,155.1731724518631,0.7767667612610867
167.979,115.02997415985912,52.94902584014089,52.94902584014089,0.26505253881133756
839.986,405.4869919371723,434.49900806282767,434.49900806282767,2.175017639526678
5.6,-20.687814162004678,26.28781416200468,26.28781416200468,0.1315916916861909
-15.0876,-156.71192748277565,141.62432748277564,141.62432748277564,0.708943875003274
-44.235,15.937840191739772,-60.17284019173977,60.17284019173977,-0.3012135503391743
2.8836,33.93246155791623,-31.048861557916226,31.048861557916226,-0.15542457018894873
19.8144,36.47859547375506,-16.664195473755058,16.664195473755058,-0.08341772577463959
125.198,162.65165644954922,-37.45365644954923,37.45365644954923,-0.1874857293822922
4.2804,31.70472645826141,-27.424326458261408,27.424326458261408,-0.13728085149099284
-2.0016,-136.88391516073938,134.88231516073938,134.88231516073938,0.6751946708526982
25.5112,49.92175301813912,-24.410553018139122,24.410553018139122,-0.1221944870294769
50.3658,59.66469248599288,-9.29889248599288,9.29889248599288,-0.04654844961618892
59.0372,51.84584231766413,7.19135768233587,7.19135768233587,0.03599853974572135
4.1988,-7.565935596106566,11.764735596106567,11.764735596106567,0.05889198127282984
9.912,9.108693610164316,0.8033063898356847,0.8033063898356847,0.004021195757446852
-31.332,-166.34362849745966,135.01162849745967,135.01162849745967,0.6758419882991675
44.9616,-1.2409582991913446,46.20255829919134,46.20255829919134,0.2312810327002404
70.196,226.18968823459718,-155.9936882345972,155.9936882345972,-0.7808741038967195
0.864,31.269892391574793,-30.405892391574792,30.405892391574792,-0.15220599142924265
-18.0312,-129.94603463652172,111.91483463652172,111.91483463652172,0.5602239244328686
99.9012,78.4627135336382,21.43848646636181,21.43848646636181,0.10731689915008602
8.49,35.06652546431178,-26.57652546431178,26.57652546431178,-0.13303692438775291
240.8595,108.6452334951783,132.2142665048217,132.2142665048217,0.6618389375091199
3.3948,30.376251596483765,-26.981451596483765,26.981451596483765,-0.13506390595465223
10.8836,18.495934305455748,-7.612334305455748,7.612334305455748,-0.03810586695274161
42.588,75.39496375855026,-32.80696375855026,32.80696375855026,-0.16422528832066138
8.694,29.487791967238927,-20.793791967238924,20.793791967238924,-0.10408968370959569
25.2936,39.98677403935638,-14.693174039356382,14.693174039356382,-0.07355117531502979
10.3071,30.033222703172026,-19.726122703172024,19.726122703172024,-0.09874513875222218
97.0137,122.77616158349967,-25.76246158349967,25.76246158349967,-0.1289618787199574
9.3906,35.60655589592871,-26.21595589592871,26.21595589592871,-0.13123198316359183
-2.249,-58.943790347947214,56.69479034794721,56.69479034794721,0.2838031083795278
-13.993,-60.01694038480504,46.02394038480504,46.02394038480504,0.23038690611464072
1.1994,-11.886179049041996,13.085579049041996,13.085579049041996,0.06550386704443666
4.6782,-10.158081667867823,14.836281667867823,14.836281667867823,0.07426754430687385
-10.7973,-3.329146409019014,-7.468153590980986,7.468153590980986,-0.03738412630099581
-75.8448,-95.85660909696679,20.011809096966786,20.011809096966786,0.10017522934931401
11.8768,-11.065332792984261,22.94213279298426,22.94213279298426,0.11484386060068713
52.7692,109.47788997982272,-56.70868997982272,56.70868997982272,-0.2838726872369042
37.1084,0.783654917266631,36.32474508273337,36.32474508273337,0.1818346183539061
8.236,25.27353536071818,-17.03753536071818,17.03753536071818,-0.08528659273317192
214.164,151.6290652689627,62.53493473103728,62.53493473103728,0.31303773680189423
31.5192,38.41989530618292,-6.9006953061829215,6.9006953061829215,-0.03454354034745348
38.9975,85.78897641995074,-46.79147641995074,46.79147641995074,-0.23422904242435785
5.4488,25.125136561258515,-19.676336561258516,19.676336561258516,-0.09849591899600539
-26.196,67.78076162696487,-93.97676162696487,93.97676162696487,-0.4704294151453769
1.1656,29.49420189150945,-28.32860189150945,28.32860189150945,-0.14180747866805815
-55.256,22.14293854857938,-77.39893854857938,77.39893854857938,-0.3874440528054308
-23.7822,-20.899761085987606,-2.8824389140123934,2.8824389140123934,-0.014428929333547617
18.2525,-21.940473440629304,40.1929734406293,40.1929734406293,0.2011982181689013
-29.3238,-52.90106895662377,23.57726895662377,23.57726895662377,0.11802322887030924
55.9986,22.067685220968066,33.93091477903194,33.93091477903194,0.16985156881877056
4.1328,-18.480240198463548,22.613040198463548,22.613040198463548,0.11319648699375671
19.4184,-13.925193077009759,33.34359307700976,33.34359307700976,0.16691155045677153
50.396,64.18775915527358,-13.791759155273581,13.791759155273581,-0.06903886749146743
9.8164,32.88919320494121,-23.072793204941206,23.072793204941206,-0.11549792124414224
17.108,26.713616511696657,-9.605616511696656,9.605616511696656,-0.04808385051237665
15.525,41.32547816675198,-25.80047816675198,25.80047816675198,-0.12915218235157433
4.3428,34.801910552819486,-30.459110552819485,30.459110552819485,-0.1524723912076137
73.41,52.51468957138475,20.895310428615247,20.895310428615247,0.10459786540882567
6.2208,31.380708199291252,-25.15990819929125,25.15990819929125,-0.12594561351545708
2.106,27.489679370256294,-25.383679370256296,25.383679370256296,-0.12706576853315538
4.794,21.997350742242148,-17.203350742242147,17.203350742242147,-0.08611663232596041
5.58,30.103426659282228,-24.52342665928223,24.52342665928223,-0.12275951055304812
11.086,24.49949174206725,-13.413491742067249,13.413491742067249,-0.06714533429365875
18.2352,42.72494746612419,-24.489747466124193,24.489747466124193,-0.12259091905377097
3.1654,30.21064226412124,-27.045242264121242,27.045242264121242,-0.1353832296464767
28.8576,19.13475117773246,9.72284882226754,9.72284882226754,0.04867069268849797
214.4922,174.5885686383914,39.9036313616086,39.9036313616086,0.1997498279216298
7.7035,24.63449934997148,-16.93099934997148,16.93099934997148,-0.0847532941563766
-2.5248,-15.371175434409903,12.846375434409904,12.846375434409904,0.06430646021125899
4.4792,-1.5175947619969712,5.996794761996971,5.996794761996971,0.03001878979221648
29.495,67.30676360556633,-37.81176360556633,37.81176360556633,-0.18927834424843543
-13.938,-137.02389261176316,123.08589261176316,123.08589261176316,0.6161440708485124
8.3328,-11.929381483571351,20.262181483571354,20.262181483571354,0.10142854488562147
1.9926,-16.580843601231823,18.573443601231823,18.573443601231823,0.09297505105832535
46.632,88.35513059008548,-41.72313059008548,41.72313059008548,-0.20885788764928317
17.994,39.84478516416724,-21.85078516416724,21.85078516416724,-0.10938078634853741
23.9463,17.109637059168982,6.836662940831019,6.836662940831019,0.0342230067638167
69.705,48.044818560565325,21.660181439434673,21.660181439434673,0.10842666112440599
2.8416,24.189083813122508,-21.34748381312251,21.34748381312251,-0.1068613575438539
13.8828,31.51830639011858,-17.63550639011858,17.63550639011858,-0.08827991955955612
11.086,24.49949174206725,-13.413491742067249,13.413491742067249,-0.06714533429365875
2.2828,33.59044228455884,-31.30764228455884,31.30764228455884,-0.15671997624229425
71.162,67.59474525117227,3.567254748827736,3.567254748827736,0.017856984387554047
14.4648,28.43732320850901,-13.97252320850901,13.97252320850901,-0.06994373723129096
2.99,31.200698055418943,-28.210698055418945,28.210698055418945,-0.14121727496561925
12.672,24.91351507297356,-12.24151507297356,12.24151507297356,-0.061278646726850995
130.2885,181.94319487078351,-51.654694870783516,51.654694870783516,-0.25857336938287506
-3.7584,-157.46725004646385,153.70885004646385,153.70885004646385,0.7694366477220541
18.6606,34.08345094029899,-15.42285094029899,15.42285094029899,-0.07720379615248829
58.812,60.87954181866098,-2.0675418186609846,2.0675418186609846,-0.010349712755607629
41.0388,59.66469248599288,-18.62589248599288,18.62589248599288,-0.0932375999880396
79.758,62.09439115132909,17.663608848670904,17.663608848670904,0.08842059500859314
6.975,25.183530288782027,-18.20853028878203,18.20853028878203,-0.09114836589507258
8.3916,28.71813903294981,-20.32653903294981,20.32653903294981,-0.10175070627733313
-22.144,-161.15083674884903,139.00683674884903,139.00683674884903,0.6958412247970743
63.7536,8.09076755914918,55.66283244085082,55.66283244085082,0.2786373275387598
6.3504,31.380708199291252,-25.03030819929125,25.03030819929125,-0.12529686108828952
62.532,63.60691463679646,-1.0749146367964642,1.0749146367964642,-0.005380813885954045
0.7728,33.68483804085682,-32.91203804085682,32.91203804085682,-0.16475126976880392
-110.0232,19.103963627664612,-129.12716362766463,129.12716362766463,-0.6463855001289377
26.0316,66.30302831506368,-40.27142831506369,40.27142831506369,-0.20159094803165153
22.5732,-5.140838937858813,27.714038937858813,27.714038937858813,0.13873109589160665
1.8144,-13.748274418166048,15.562674418166047,15.562674418166047,0.07790372532410297
13.6776,42.63367777944458,-28.956077779444584,28.956077779444584,-0.14494850108539642
-7.476,-109.48841727212904,102.01241727212904,102.01241727212904,0.5106543465009554
-8.9796,-132.06295392846008,123.08335392846007,123.08335392846007,0.6161313626929978
-42.747,63.777010591546755,-106.52401059154676,106.52401059154676,-0.5332385063494522
-3.8976,-10.004063425622007,6.106463425622007,6.106463425622007,0.03056776982085047
5.837,-23.29717076666879,29.134170766668788,29.134170766668788,0.1458399999875818
0.1512,29.95502785982256,-29.80382785982256,29.80382785982256,-0.14919217332518583
56.2032,69.4808647698199,-13.2776647698199,13.2776647698199,-0.06646541085291578
15.6978,17.75481397910922,-2.057013979109218,2.057013979109218,-0.010297012435684486
38.1576,52.50388896275241,-14.34628896275241,14.34628896275241,-0.0718147359987101
14.1728,34.98091107673744,-20.80811107673744,20.80811107673744,-0.10416136239047563
164.6316,131.92616454065407,32.70543545934592,32.70543545934592,0.16371705737517522
7.0218,28.774951797504585,-21.753151797504586,21.753151797504586,-0.10889205267882338
12.1401,18.88655631765866,-6.746456317658659,6.746456317658659,-0.033771449929482916
5.4432,-17.806282219805624,23.249482219805625,23.249482219805625,0.11638239213339484
0.51,-13.45737802566839,13.96737802566839,13.96737802566839,0.06991798144536447
1.2672,-19.845437129591147,21.112637129591146,21.112637129591146,0.10568576066149878
10.773,-12.52220183141232,23.29520183141232,23.29520183141232,0.11661125562875752
10.8864,-23.893293922264995,34.779693922265,34.779693922265,0.17410039234733266
69.705,1.7734837543510125,67.931516245649,67.931516245649,0.3400519756600111
65.9634,58.14417811328626,7.819221886713734,7.819221886713734,0.039141505999747354
15.606,-15.244307411306039,30.85030741130604,30.85030741130604,0.1544306466971467
2.4012,29.987429685719576,-27.586229685719577,27.586229685719577,-0.13809130760040447
15.594,26.263591152015884,-10.669591152015885,10.669591152015885,-0.053409900900893884
7.8792,31.151085696619067,-23.271885696619066,23.271885696619066,-0.11649453958678768
6.48,35.52814191410926,-29.048141914109262,29.048141914109262,-0.14540935626146734
25.0938,42.81574301954472,-17.721943019544717,17.721943019544717,-0.08871260453746037
8.1882,46.958671937029564,-38.77047193702956,38.77047193702956,-0.19407745194120193
17.19,-10.703801983179787,27.893801983179788,27.893801983179788,0.139630954780241
11.4504,-14.263682588398574,25.714082588398576,25.714082588398576,0.12871970286736664
52.3392,73.61006924430801,-21.27086924430801,21.27086924430801,-0.10647783989358535
89.997,68.75836540575263,21.238634594247372,21.238634594247372,0.1063164794964732
6.2208,31.380708199291252,-25.15990819929125,25.15990819929125,-0.12594561351545708
6.4584,29.31498222912151,-22.85658222912151,22.85658222912151,-0.11441561109488843
41.68,59.05906792109755,-17.37906792109755,17.37906792109755,-0.08699623839291627
8.3754,-16.13866824697255,24.51406824697255,24.51406824697255,0.12271266415875538
27.3592,51.43383822666652,-24.074638226666522,24.074638226666522,-0.12051296282971352
69.9965,34.77913284309396,35.217367156906036,35.217367156906036,0.17629129954856454
-14.196,-11.137740542883385,-3.0582594571166144,3.0582594571166144,-0.015309052821856121
1.148,-15.990410329330647,17.138410329330647,17.138410329330647,0.08579155323261473
3.3524,-15.978889680122823,19.331289680122822,19.331289680122822,0.09676868132915833
2.4898,3.246123244530942,-0.7563232445309422,0.7563232445309422,-0.003786007257813998
139.986,95.12028090456732,44.86571909543267,44.86571909543267,0.2245890753069442
5.4432,-17.806282219805624,23.249482219805625,23.249482219805625,0.11638239213339484
2.3686,-15.019795633571153,17.388395633571154,17.388395633571154,0.08704293110979258
68.12,11.199973205020589,56.920026794979414,56.920026794979414,0.2849305982846107
6.0632,33.245613289808375,-27.182413289808373,27.182413289808373,-0.13606988115767724
13.941,37.58666747852411,-23.64566747852411,23.64566747852411,-0.11836561858556788
25.1916,44.71744062032067,-19.525840620320672,19.525840620320672,-0.09774256554722227
-31.843,38.97913860739537,-70.82213860739537,70.82213860739537,-0.35452186974340455
11.19,-14.159996745528126,25.349996745528124,25.349996745528124,0.12689715985610464
39.8736,-16.293774365824945,56.16737436582495,56.16737436582495,0.2811629664155712
111.517,128.1390237897435,-16.62202378974351,16.62202378974351,-0.08320662251568715
2.0088,35.12570967331966,-33.11690967331966,33.11690967331966,-0.1657768173677086
24.1918,44.06422293653418,-19.87242293653418,19.87242293653418,-0.0994774893038339
2.1286,-16.586603925835735,18.715203925835734,18.715203925835734,0.09368467570850164
4.0986,-18.419756790122456,22.518356790122457,22.518356790122457,0.11272252024241582
10.422,-15.602958058808554,26.024958058808554,26.024958058808554,0.1302758850893985
0.6984,-16.526120517494643,17.224520517494643,17.224520517494643,0.08622260410896695
8.4942,31.96653164836063,-23.47233164836063,23.47233164836063,-0.11749793308762295
327.9458,241.28908907189694,86.65671092810308,86.65671092810308,0.43378666315559145
18.6624,24.19786518184614,-5.5354651818461384,5.5354651818461384,-0.027709463520248542
-3.2406,-157.36428424416889,154.12368424416889,154.12368424416889,0.7715132271405205
30.996,-23.499940445321236,54.49594044532124,54.49594044532124,0.2727960928601933
2.691,33.086413881716375,-30.395413881716376,30.395413881716376,-0.15215353804418286
3.3524,-15.978889680122823,19.331289680122822,19.331289680122822,0.09676868132915833
0.3336,-16.842938370709906,17.176538370709906,17.176538370709906,0.08598241480196611
1.8144,-13.748274418166048,15.562674418166047,15.562674418166047,0.07790372532410297
15.393,5.137231559401206,10.255768440598795,10.255768440598795,0.051338384786319045
-8.316,-162.7867689363606,154.4707689363606,154.4707689363606,0.7732506656937002
1.0008,-15.241568130821843,16.242368130821845,16.242368130821845,0.08130614002947319
26.901,30.04380417333438,-3.1428041733343797,3.1428041733343797,-0.01573226724971467
-17.5651,-145.0587940810648,127.4936940810648,127.4936940810648,0.6382086688553195
34.8138,17.32636018491855,17.48743981508145,17.48743981508145,0.08753872704460455
3.4048,-20.065699104781977,23.47049910478198,23.47049910478198,0.11748875973041199
-149.6307,17.760832959588054,-167.39153295958803,167.39153295958803,-0.8379295007317257
303.804,161.6868725193025,142.11712748069746,142.11712748069746,0.7114107360739528
-12.628,-140.15887883653443,127.53087883653443,127.53087883653443,0.6383948085186262
1.6896,29.68141244113665,-27.991812441136652,27.991812441136652,-0.1401215760957296
121.9644,254.35219698676778,-132.3877969867678,132.3877969867678,-0.6627075973960805
-6.303,-141.7114663274331,135.4084663274331,135.4084663274331,0.6778284813962908
-42.9516,16.71959293399444,-59.67119293399444,59.67119293399444,-0.2987024016042651
23.9688,44.06321331657982,-20.094413316579818,20.094413316579818,-0.10058873002808126
23.808,37.409028779104915,-13.601028779104915,13.601028779104915,-0.06808410827484701
7.4975,6.91256985492214,0.5849301450778599,0.5849301450778599,0.00292804669245938
49.9704,45.224278744556216,4.746121255443782,4.746121255443782,0.023758161142752386
45.7632,55.50645816254253,-9.743258162542531,9.743258162542531,-0.048772857881710076
11.1176,36.74501048668607,-25.62741048668607,25.62741048668607,-0.12828583916093375
24.2285,29.44077019136214,-5.2122701913621405,5.2122701913621405,-0.026091612173605866
89.991,56.90389913453334,33.08710086546666,33.08710086546666,0.16562760026550485
55.008,-3.087001452927989,58.09500145292799,58.09500145292799,0.2908122932013122
89.9548,32.180304170899355,57.77449582910065,57.77449582910065,0.2892079043017841
9.1785,-21.972296107768596,31.150796107768596,31.150796107768596,0.15593483474627093
149.9112,65.72857681764103,84.18262318235898,84.18262318235898,0.42140186045437994
99.9408,55.47642778109863,44.46437221890137,44.46437221890137,0.2225800107985661
8.802,-16.380601880336933,25.182601880336932,25.182601880336932,0.12605921367486875
6.6312,-14.106784183850802,20.737984183850802,20.737984183850802,0.1038103207857694
-5.037,-136.15163389546683,131.11463389546682,131.11463389546682,0.6563343902536294
105.275,104.85004831933563,0.4249516806643783,0.4249516806643783,0.0021272255729934417
-43.4352,83.99056096969503,-127.42576096969503,127.42576096969503,-0.6378686088947779
7.272,-13.62428655736413,20.896286557364128,20.896286557364128,0.10460275171974438
1.5291,-16.358578017618974,17.887678017618974,17.887678017618974,0.08954224174631288
0.7794,33.72444027250872,-32.94504027250872,32.94504027250872,-0.16491647253027086
1.476,29.6382100066073,-28.1622100066073,28.1622100066073,-0.1409745532113355
13.7964,105.90648872539609,-92.11008872539608,92.11008872539608,-0.46108521317299517
2.2504,30.444655451155242,-28.194255451155243,28.194255451155243,-0.14113496648240142
17.99,42.001306687757506,-24.011306687757507,24.011306687757507,-0.12019593744712494
15.372,30.04380417333438,-14.67180417333438,14.67180417333438,-0.07344420191649569
3.248,-15.97312935551891,19.22112935551891,19.22112935551891,0.09621724014116177
320.3172,320.6745721395398,-0.3573721395397911,0.3573721395397911,-0.0017889355164236423
2.0048,-16.612525386553347,18.617325386553347,18.617325386553347,0.0931947147522743
27.882,40.201205249034416,-12.319205249034415,12.319205249034415,-0.06166754865807441
0.4704,-14.439513370635716,14.909913370635715,14.909913370635715,0.07463613030908953
8.7906,29.31498222912151,-20.524382229121514,20.524382229121514,-0.10274107088933143
4.5188,-15.140762450253352,19.65956245025335,19.65956245025335,0.09841195105442993
-51.5154,-119.31434596004426,67.79894596004426,67.79894596004426,0.33938835456003913
18.837,21.772118923931778,-2.9351189239317783,2.9351189239317783,-0.014692635230911908
41.1684,54.602016758819175,-13.433616758819177,13.433616758819177,-0.06724607621853994
4.4088,27.88930188965282,-23.48050188965282,23.48050188965282,-0.11753883172858633
69.1776,52.028662182929516,17.148937817070482,17.148937817070482,0.08584425179143568
8.7906,29.31498222912151,-20.524382229121514,20.524382229121514,-0.10274107088933143
4.5837,28.585941146438657,-24.002241146438656,24.002241146438656,-0.12015055710812654
7.567,23.122414141444082,-15.555414141444082,15.555414141444082,-0.07786738178903135
6.5736,26.70922582733484,-20.13562582733484,20.13562582733484,-0.10079503185201638
8.3524,-17.23737972426025,25.58977972426025,25.58977972426025,0.1280974668734344
40.0036,-10.297417334968335,50.301017334968336,50.301017334968336,0.25179712256989434
67.0644,72.51741675847578,-5.453016758475769,5.453016758475769,-0.027296742727211
545.1884,361.53529383558526,183.65310616441474,183.65310616441474,0.9193317776313732
9.8856,33.990855285439736,-24.105255285439736,24.105255285439736,-0.12066622587903338
43.1904,45.245089480336524,-2.0546894803365277,2.0546894803365277,-0.010285376446326995
240.294,175.24200546064787,65.05199453935214,65.05199453935214,0.32563764930166417
-5.784,-141.9571801738188,136.17318017381882,136.17318017381882,0.6816564903772427
1.308,-14.504246581520864,15.812246581520863,15.812246581520863,0.07915303509825342
-50.304,-128.97743918067093,78.67343918067093,78.67343918067093,0.39382395541728255
-36.294,31.660505316305,-67.95450531630499,67.95450531630499,-0.34016705448243706
46.5432,43.558175293783,2.985024706216997,2.985024706216997,0.014942453883591163
37.884,44.51661974066806,-6.632619740668062,6.632619740668062,-0.033201606136094824
48.906,40.16937476615179,8.736625233848208,8.736625233848208,0.04373384896383019
-181.265,66.61932709122804,-247.88432709122804,247.88432709122804,-1.2408607936514813
-8.6058,-129.19690285863408,120.59110285863407,120.59110285863407,0.6036556379193824
-46.4292,-39.43811029641375,-6.991089703586255,6.991089703586255,-0.03499603714311522
3.246,-6.8906079772065425,10.136607977206543,10.136607977206543,0.050741890651688375
41.823,42.81574301954472,-0.9927430195447187,0.9927430195447187,-0.004969478730580945
18.396,35.546933409980866,-17.150933409980865,17.150933409980865,-0.08585424134193143
109.3365,154.3424586493123,-45.005958649312305,45.005958649312305,-0.22529108727426142
35.49,54.602016758819175,-19.112016758819173,19.112016758819173,-0.09567104367554827
-135.087,-54.81987206480393,-80.26712793519606,80.26712793519606,-0.40180165177258986
31.0688,-1.6644830393967744,32.733283039396774,32.733283039396774,0.16385645695194012
-108.8304,-162.97232808211018,54.141928082110184,54.141928082110184,0.2710239757314858
46.8996,66.86026927958348,-19.960669279583477,19.960669279583477,-0.0999192333566263
74.213,48.58484899218225,25.628151007817742,25.628151007817742,0.1282895460658839
2.4059,32.893803027773004,-30.487903027773005,30.487903027773005,-0.1526165207447299
0.8792,38.94991561065188,-38.07071561065188,38.07071561065188,-0.1905746076883981
2.9302,33.086413881716375,-30.156213881716376,30.156213881716376,-0.1509561493051514
16.6788,22.38775234424572,-5.70895234424572,5.70895234424572,-0.0285779065579734
5.6,-20.687814162004678,26.28781416200468,26.28781416200468,0.1315916916861909
10.92,30.017021790223517,-19.097021790223515,19.097021790223515,-0.0955959817753034
7.644,22.96940551915262,-15.32540551915262,15.32540551915262,-0.07671600330152321
121.4416,55.888431872096234,65.55316812790376,65.55316812790376,0.3281464269405927
3.3453,-18.821539431245448,22.16683943124545,22.16683943124545,0.11096289262078782
17.38,41.56208193670908,-24.18208193670908,24.18208193670908,-0.12105080517287707
3.2256,25.19714061880744,-21.97154061880744,21.97154061880744,-0.10998526469955246
71.772,108.59108048272614,-36.819080482726136,36.819080482726136,-0.18430916534912334
68.585,47.92276386727656,20.662236132723436,20.662236132723436,0.10343114075473475
19.1646,10.059288051627874,9.105311948372126,9.105311948372126,0.045579423044939955
3.2392,31.941075233429405,-28.701875233429405,28.701875233429405,-0.14367601251502976
22.6737,45.52129548194553,-22.84759548194553,22.84759548194553,-0.11437062518406467
1.7995,-0.6158926387578028,2.415392638757803,2.415392638757803,0.0120909863962715
569.9905,405.4869919371723,164.50350806282768,164.50350806282768,0.8234726090535341
23.235,-7.221685760113829,30.456685760113828,30.456685760113828,0.15246025316630835
-226.6368,-159.79975886559572,-66.83704113440427,66.83704113440427,-0.3345732458382943
2.4174,-14.8037130200155,17.2211130200155,17.2211130200155,0.08620554683844102
-1.5414,-133.97574171724725,132.43434171724724,132.43434171724724,0.6629405912762533
-7.5168,-135.64292522888368,128.1261252288837,128.1261252288837,0.6413744963411517
25.1916,42.28111289224396,-17.08951289224396,17.08951289224396,-0.08554678216014358
5.2398,28.386129886740395,-23.146329886740396,23.146329886740396,-0.11586603158984497
0.5,-10.44321773576156,10.94321773576156,10.94321773576156,0.05477962243131499
7.553,-22.346717207023,29.899717207023002,29.899717207023002,0.14967217677222133
227.205,171.9093602821615,55.295639717838526,55.295639717838526,0.27679923208897206
-1.041,-16.64420717187488,15.603207171874878,15.603207171874878,0.07810662441629733
1.002,-19.162838664027348,20.164838664027346,20.164838664027346,0.10094126563834904
-2.1312,-33.48635992491835,31.355159924918347,31.355159924918347,0.15695784032035373
-22.2388,-108.00513368662122,85.76633368662122,85.76633368662122,0.4293296076269949
-99.1032,-156.64626290858837,57.54306290858837,57.54306290858837,0.28804939605403085
25.497,16.111949129190407,9.385050870809593,9.385050870809593,0.04697974175562317
-8.4294,100.78440056327182,-109.21380056327182,109.21380056327182,-0.5467030724970419
-4.49,-139.32658237217774,134.83658237217773,134.83658237217773,0.6749657413960585
5.0336,-29.84068819398834,34.874288193988335,34.874288193988335,0.17457391289807853
175.5156,260.2343662329731,-84.71876623297311,84.71876623297311,-0.42408568842810634
7.4824,25.9891852518456,-18.5067852518456,18.5067852518456,-0.09264137230867028
7.2298,32.56517494597105,-25.33537494597105,25.33537494597105,-0.12682396596758452
6.206,24.013464353612015,-17.807464353612016,17.807464353612016,-0.08914070772458049
5.796,31.315904547497222,-25.519904547497223,25.519904547497223,-0.12774768531075092
3.1096,31.200698055418943,-28.091098055418943,28.091098055418943,-0.1406185805961035
34.5,53.889176589084826,-19.389176589084826,19.389176589084826,-0.09705845195176889
14.595,6.336537394530751,8.25846260546925,8.25846260546925,0.041340259721996314
-114.3534,-31.231258350579743,-83.12214164942026,83.12214164942026,-0.4160932958829265
75.68,156.39292415730836,-80.71292415730835,80.71292415730835,-0.4040332210713358
-4.8048,-112.4160318111594,107.6112318111594,107.6112318111594,0.5386809245986173
2.0672,30.142238409449764,-28.075038409449764,28.075038409449764,-0.1405381891277242
5.9364,32.190753846716646,-26.254353846716647,26.254353846716647,-0.13142419584701726
32.3015,22.149332841363222,10.152167158636775,10.152167158636775,0.050819776891793345
0.91,-17.119433951697776,18.029433951697776,18.029433951697776,0.09025184441837328
7.2576,-19.83528612062542,27.09288612062542,27.09288612062542,0.1356217255380408
2.99,-15.92128643408368,18.911286434083678,18.911286434083678,0.09466622665874051
13.8828,31.51830639011858,-17.63550639011858,17.63550639011858,-0.08827991955955612
18.7224,-37.96822444647533,56.69062444647533,56.69062444647533,0.2837822546859227
3.9312,-18.583926041334003,22.515126041334003,22.515126041334003,0.11270634774150472
7.2177,28.737149667291398,-21.519449667291397,21.519449667291397,-0.10772218520806692
4.756,23.113413634250467,-18.357413634250467,18.357413634250467,-0.09189364700415803
12.4416,27.789286690568694,-15.347686690568695,15.347686690568695,-0.07682753851785282
2.5578,27.67328971700605,-25.11548971700605,25.11548971700605,-0.1257232632207532
21.8736,-6.393709539210089,28.26730953921009,28.26730953921009,0.14150066105755646
122.3856,84.31967227222874,38.06592772777125,38.06592772777125,0.19055064047667122
17.3488,-8.720880679191307,26.069680679191308,26.069680679191308,0.13049975784034454
-228.7425,-87.92313613905384,-140.81936386094617,140.81936386094617,-0.7049143834643585
35.8644,50.91619949379864,-15.05179949379864,15.05179949379864,-0.07534638468241779
-7.119,-13.282987324582237,6.163987324582237,6.163987324582237,0.030855723285901325
12.4173,-0.7370003372577543,13.154300337257753,13.154300337257753,0.06584787246517781
50.0346,41.530032315356465,8.504567684643533,8.504567684643533,0.04257221394616746
10.164,28.667736192665565,-18.503736192665563,18.503736192665563,-0.09262610931064848
38.725,-4.223295921958886,42.94829592195889,42.94829592195889,0.21499082733087596
214.4675,211.0472349320585,3.4202650679415,3.4202650679415,0.017121182595551496
30.2778,-13.343259410196687,43.621059410196686,43.621059410196686,0.21835855067890056
10.7301,30.195231832657104,-19.465131832657104,19.465131832657104,-0.09743866914793878
15.44,34.60648997748304,-19.16648997748304,19.16648997748304,-0.09594372602758386
120.9416,112.78129525834957,8.160304741650421,8.160304741650421,0.04084890052139409
12.4752,28.005298863215465,-15.530098863215466,15.530098863215466,-0.07774065842332736
44.304,31.723870158677414,12.580129841322588,12.580129841322588,0.06297368648642826
6.3504,31.380708199291252,-25.03030819929125,25.03030819929125,-0.12529686108828952
22.5732,-5.140838937858813,27.714038937858813,27.714038937858813,0.13873109589160665
2.4192,27.640887891109035,-25.221687891109035,25.221687891109035,-0.1262548706529297
-319.1916,-75.77245142767293,-243.41914857232706,243.41914857232706,-1.218508977279001
18.4632,22.15014022606363,-3.68694022606363,3.68694022606363,-0.01845610663951002
18.6872,21.39409762179993,-2.7068976217999285,2.7068976217999285,-0.013550203720962996
26.544,26.18236744880336,0.36163255119663873,0.36163255119663873,0.001810262309657538
30.186,-12.772987274409214,42.95898727440921,42.95898727440921,0.21504434616460938
7.9662,33.39322160778367,-25.427021607783672,25.427021607783672,-0.1272827313556458
-630.882,733.2315580952413,-1364.1135580952414,1364.1135580952414,-6.828487513475823
18.8328,23.158197031748564,-4.325397031748565,4.325397031748565,-0.02165209739822723
17.745,84.04684733502721,-66.3018473350272,66.3018473350272,-0.331894169631883
4.914,-17.88404660195846,22.79804660195846,22.79804660195846,0.1141225931149671
-199.617,-42.123185274475574,-157.49381472552443,157.49381472552443,-0.788383445733505
-10.0512,-27.375269263513193,17.324069263513195,17.324069263513195,0.08672092579570324
35.994,50.64539379650581,-14.651393796505808,14.651393796505808,-0.07334203153449768
395.988,204.29024237732247,191.69775762267753,191.69775762267753,0.9596017402800233
3.3408,-21.909002978034422,25.249802978034424,25.249802978034424,0.1263956093171494
31.5192,38.41989530618292,-6.9006953061829215,6.9006953061829215,-0.03454354034745348
109.422,91.74250012403843,17.679499875961568,17.679499875961568,0.08850014240461941
21.33,28.69372809429206,-7.36372809429206,7.36372809429206,-0.036861392547638414
13.9328,32.080728520484556,-18.147928520484555,18.147928520484555,-0.09084500521394888
1.4456,30.048633134636162,-28.603033134636163,28.603033134636163,-0.14318122816704787
301.968,130.44345229816062,171.5245477018394,171.5245477018394,0.858618569756069
3.969,22.80739638966754,-18.83839638966754,18.83839638966754,-0.09430135325417785
21.7728,22.402154427484863,-0.6293544274848628,0.6293544274848628,-0.0031504260214464197
35.2772,54.68943124783223,-19.41223124783223,19.41223124783223,-0.09717385909544095
4.116,16.883043416359854,-12.767043416359854,12.767043416359854,-0.06390933953794055
-6.54,-67.335221471351,60.795221471351006,60.795221471351006,0.30432907013679344
11.088,-17.865255106086863,28.953255106086864,28.953255106086864,0.14493437133082912
50.9208,46.9735390660551,3.9472609339448965,3.9472609339448965,0.019759221539818274
-35.5136,-13.020787529605503,-22.492812470394494,22.492812470394494,-0.11259465033945393
-11.19,-134.91712432879055,123.72712432879055,123.72712432879055,0.6193539522744256
-0.8392,-11.482815444950262,10.643615444950262,10.643615444950262,0.053279871556710115
32.4684,-1.5204749242989308,33.98887492429893,33.98887492429893,0.17014170604809886
31.5776,21.42620078084539,10.151399219154609,10.151399219154609,0.050815932735906205
-12.8784,43.291882598645515,-56.170282598645514,56.170282598645514,-0.28117752446419086
4.5448,26.270001076286405,-21.725201076286403,21.725201076286403,-0.1087521367974084
-4.3792,-13.933974445733387,9.554774445733386,9.554774445733386,0.04782934500546396
-2.73,-136.5971590015508,133.86715900155082,133.86715900155082,0.6701129962984723
42.495,34.66609556021484,7.8289044397851555,7.8289044397851555,0.03918997497973395
21.7532,25.753943306387264,-4.000743306387264,4.000743306387264,-0.02002694390812588
239.976,102.65267890245309,137.3233210975469,137.3233210975469,0.6874138724440124
4.498,-11.166138473552753,15.664138473552754,15.664138473552754,0.07841163467751648
132.5898,96.28415605393678,36.30564394606321,36.30564394606321,0.18173900177384109
48.7011,0.9424160484186679,47.75868395158133,47.75868395158133,0.23907069546232154
1270.99,486.62996225523926,784.3600377447608,784.3600377447608,3.926353998920941
-479.988,-35.25526734278803,-444.73273265721195,444.73273265721195,-2.2262456771005295
-5.0094,-160.13348985659164,155.12408985659164,155.12408985659164,0.7765210633227067
3.888,-21.86429002144521,25.752290021445212,25.752290021445212,0.12891096185598427
-9.0904,-5.742792858967821,-3.3476071410321797,3.3476071410321797,-0.016757471126142662
15.2988,31.468694031318698,-16.169894031318698,16.169894031318698,-0.08094334876435398
0.552,33.252023214078896,-32.7000232140789,32.7000232140789,-0.16368996472661496
23.6529,36.47038544804581,-12.817485448045812,12.817485448045812,-0.0641618425509616
-121.2705,33.45627742410248,-154.72677742410247,154.72677742410247,-0.7745321944575739
76.2525,63.21743531062232,13.035064689377677,13.035064689377677,0.06525100197160454
17.7744,-8.50198834424258,26.27638834424258,26.27638834424258,0.13153449626176547
12.2247,12.994605170247988,-0.7699051702479878,0.7699051702479878,-0.0038539957398706554
-272.58,29.145859544434803,-301.7258595444348,301.7258595444348,-1.510381047211967
21.5964,25.03570283233675,-3.4393028323367503,3.4393028323367503,-0.017216481946317412
7.8936,35.653358533335506,-27.759758533335507,27.759758533335507,-0.13895995930622565
2.838,-10.832039646525747,13.670039646525748,13.670039646525748,0.06842956327284241
1.8468,-28.50731393000003,30.354113930000032,30.354113930000032,0.15194679850777948
7.724,-12.62616943791829,20.35016943791829,20.35016943791829,0.10186899549475792
-175.26,-41.02411377690013,-134.23588622309987,134.23588622309987,-0.6719587731498821
-7.476,-109.48841727212904,102.01241727212904,102.01241727212904,0.5106543465009554
-30.294,23.50715262859905,-53.801152628599056,53.801152628599056,-0.2693181200016673
-4.9164,-160.15941131730924,155.24301131730923,155.24301131730923,0.7771163610563706
-66.801,42.183319168322484,-108.98431916832249,108.98431916832249,-0.5455543332072025
6.074,-0.14951766856741955,6.223517668567419,6.223517668567419,0.031153720625025607
3.6288,-15.777278318985832,19.406078318985834,19.406078318985834,0.0971430587287489
-152.7156,116.4089164873642,-269.1245164873642,269.1245164873642,-1.3471850561842131
12.96,36.084154120204715,-23.124154120204715,23.124154120204715,-0.11575502400987332
9.9652,2.857371774675638,7.107828225324361,7.107828225324361,0.03558040750825064
77.4837,54.550604298580566,22.933095701419433,22.933095701419433,0.11479862267563144
0.7065,28.629143580968012,-27.922643580968014,27.922643580968014,-0.13977533021672636
29.1375,31.816904090476626,-2.679404090476627,2.679404090476627,-0.013412576443359607
-1.3104,-134.0351450647251,132.7247450647251,132.7247450647251,0.6643942940272861
-8.5974,-132.35349030067,123.75609030067,123.75609030067,0.6194989503034538
7.4752,-28.68862327320556,36.16382327320556,36.16382327320556,0.18102907503202828
25.06,36.873458201029315,-11.813458201029317,11.813458201029317,-0.059135877169446814
12.7368,33.99164576692411,-21.254845766924106,21.254845766924106,-0.10639762947811875
-37.9152,-35.77864495330746,-2.1365550466925356,2.1365550466925356,-0.010695179570361773
6.6177,-17.076161076259538,23.693861076259537,23.693861076259537,0.11860686637495674
-3.465,-148.43452430910222,144.9695243091022,144.9695243091022,0.7256892805621675
264.5865,196.56218776241423,68.02431223758578,68.02431223758578,0.340516494371434
37.884,44.51661974066806,-6.632619740668062,6.632619740668062,-0.033201606136094824
3.339,-19.00298965626874,22.341989656268737,22.341989656268737,0.11183966062698228
21.42,0.5013990116748488,20.918600988325153,20.918600988325153,0.10471445342689584
10.9096,36.60100237158822,-25.691402371588225,25.691402371588225,-0.1286061701073018
4.536,27.786696107645604,-23.250696107645602,23.250696107645602,-0.11638846862014249
112.224,92.30931293876621,19.914687061233792,19.914687061233792,0.0996890553029156
10.0772,-9.49859494162856,19.57579494162856,19.57579494162856,0.09799262717682103
14.43,49.02890270453247,-34.59890270453247,34.59890270453247,-0.17319538662731296
415.9896,206.83924736799054,209.15035263200946,209.15035263200946,1.0469660409951203
334.1142,348.36992325577893,-14.255723255778946,14.255723255778946,-0.07136138166061456
-8.532,-118.77953909460663,110.24753909460664,110.24753909460664,0.5518777667968883
-13.3341,-50.294662955170494,36.960562955170495,36.960562955170495,0.18501739912535747
-65.1504,-134.52334039065016,69.37294039065016,69.37294039065016,0.34726746495513017
10.104,-5.518140199415175,15.622140199415174,15.622140199415174,0.0782013994747109
14.3136,-10.79020685223849,25.103806852238492,25.103806852238492,0.1256647810689459
371.316,180.95833714854805,190.35766285145192,190.35766285145192,0.9528934861483321
56.196,63.28317686973247,-7.087176869732474,7.087176869732474,-0.03547703083336995
3.8775,34.801910552819486,-30.924410552819484,30.924410552819484,-0.15480159263015278
36.3018,37.335329645615914,-1.0335296456159142,1.0335296456159142,-0.0051736486585104505
1.6128,30.084635163410624,-28.471835163410624,28.471835163410624,-0.1425244766063069
18.3276,41.26686530075848,-22.939265300758482,22.939265300758482,-0.11482950649157171
76.5583,25.785687716874328,50.772612283125675,50.772612283125675,0.25415783528021096
9.2556,30.713661047009357,-21.45806104700936,21.45806104700936,-0.10741488569874254
19.188,51.73941719430948,-32.55141719430948,32.55141719430948,-0.16294607185611248
-420.0,42.08824288885398,-462.088242888854,462.088242888854,-2.3131239902757548
-16.5528,-10.324990199563565,-6.227809800436436,6.227809800436436,-0.03117520620348045
1.3584,-12.236189209638646,13.594589209638645,13.594589209638645,0.06805187304088747
-12.147,-3.0196698433764055,-9.127330156623595,9.127330156623595,-0.045689641918744126
-459.6072,-128.85924750079207,-330.74795249920794,330.74795249920794,-1.6556600074426124
19.41,24.187064573213803,-4.777064573213803,4.777064573213803,-0.02391305738123941
10.512,24.10346942554817,-13.59146942554817,13.59146942554817,-0.06803625600770125
43.5981,34.36022828492238,9.237871715077624,9.237871715077624,0.04624299148934549
-81.664,-1.924364149455549,-79.73963585054446,79.73963585054446,-0.3991611288541531
5.369,-23.556385373844915,28.925385373844914,28.925385373844914,0.1447948608644983
13.455,25.543550576526645,-12.088550576526645,12.088550576526645,-0.060512936168668895
52.38,32.22789856151988,20.152101438480123,20.152101438480123,0.10087750556127233
0.1584,-14.427992721427884,14.586392721427885,14.586392721427885,0.0730166487781296
0.0,12.880336585485828,-12.880336585485828,12.880336585485828,-0.06447646313710707
-50.3928,-30.827653771986803,-19.565146228013198,19.565146228013198,-0.09793932178481349
-192.0468,26.985632792468433,-219.03243279246843,219.03243279246843,-1.0964338148343344
9.3312,29.584997444929975,-20.253797444929972,20.253797444929972,-0.10138657601665495
-36.441,14.379531504563305,-50.820531504563306,50.820531504563306,-0.2543977095951465
13.734,-14.013108468128323,27.747108468128324,27.747108468128324,0.1388966355368816
-73.7061,-6.060989439897874,-67.64511056010213,67.64511056010213,-0.33861828442811975
2.6928,-33.13559386742709,35.82839386742709,35.82839386742709,0.1793499805787709
-5.0512,-133.1322141830616,128.0810141830616,128.0810141830616,0.6411486792079022
-7.7292,-11.785373368473504,4.056173368473504,4.056173368473504,0.020304416032481565
-24.843,6.8076820224737915,-31.65068202247379,31.65068202247379,-0.1584371665400354
-11.937,-134.53154260061606,122.59454260061607,122.59454260061607,0.6136844681299901
1.6704,-16.814136747690338,18.48453674769034,18.48453674769034,0.0925300006183032
74.8142,75.48679365088451,-0.6725936508845081,0.6725936508845081,-0.003366873175222348
44.5962,30.07014827950528,14.526051720494724,14.526051720494724,0.07271459344778156
0.6102,37.0698192271406,-36.4596192271406,36.4596192271406,-0.18250977212355377
31.9319,34.0578112432169,-2.1259112432168976,2.1259112432168976,-0.010641898757559963
3.5505,33.43023325651249,-29.879733256512488,29.879733256512488,-0.14957214099754468
11.7078,-14.121114554451708,25.828914554451707,25.828914554451707,0.12929452938506256
5.4336,-13.786945286515824,19.220545286515822,19.220545286515822,0.09621431640517886
24.9804,33.853609299156815,-8.873209299156816,8.873209299156816,-0.044417562265383986
1.1556,-18.756735779451418,19.912335779451418,19.912335779451418,0.09967728524301382
0.4074,33.41921350941017,-33.01181350941017,33.01181350941017,-0.16525072638451196
7.056,22.75339334650585,-15.697393346505848,15.697393346505848,-0.07857810211226546
41.986,47.15376834839739,-5.167768348397395,5.167768348397395,-0.02586884459153173
5.07,32.089948166148154,-27.019948166148154,27.019948166148154,-0.13525661230501795
8.4528,29.25557888164365,-20.80277888164365,20.80277888164365,-0.10413467045753406
136.08,97.09161111843909,38.98838888156092,38.98838888156092,0.1951683018384678
8.6436,29.26097918595982,-20.61737918595982,20.61737918595982,-0.10320659559201699
100.7316,84.35725526397195,16.37434473602805,16.37434473602805,0.08196678928068353
387.5676,234.07441557156923,153.4931844284308,153.4931844284308,0.7683570675279527
0.2997,31.480504259905395,-31.180804259905393,31.180804259905393,-0.15608504972723977
48.796,52.62657635249175,-3.8305763524917538,3.8305763524917538,-0.019175121189272306
19.035,-8.255523144698618,27.290523144698618,27.290523144698618,0.1366110580925598
23.235,-7.221685760113829,30.456685760113828,30.456685760113828,0.15246025316630835
7.065,22.98740653353985,-15.92240653353985,15.92240653353985,-0.0797044744211622
15.4752,36.79980401133214,-21.32460401133214,21.32460401133214,-0.10674682570014546
15.824,26.35359622395204,-10.529596223952039,10.529596223952039,-0.05270911348289567
-120.0508,-7.960166898659626,-112.09063310134037,112.09063310134037,-0.5611039374015679
173.3292,158.74497128173374,14.584228718266246,14.584228718266246,0.0730058161986272
59.6556,113.6891790799166,-54.0335790799166,54.0335790799166,-0.2704816016716534
12.9978,-31.92441517854531,44.92221517854531,44.92221517854531,0.22487188372549965
3.278,-19.276534634045767,22.554534634045766,22.554534634045766,0.11290361950209896
14.6642,39.77379072657267,-25.10959072657267,25.10959072657267,-0.12569373402043302
14.2002,19.793807442775098,-5.593607442775097,5.593607442775097,-0.028000512385207427
21.036,35.74573504972477,-14.70973504972477,14.70973504972477,-0.07363407651620911
41.9965,76.94022004948778,-34.94372004948778,34.94372004948778,-0.17492147528062493
34.4148,48.21064703139783,-13.795847031397834,13.795847031397834,-0.06905933060533755
-6.098,-0.08039377332045561,-6.017606226679544,6.017606226679544,-0.030122967942106383
81.2646,109.42488746914267,-28.160287469142673,28.160287469142673,-0.1409649293622113
4.176,-24.456436093206467,28.632436093206465,28.632436093206465,0.14332841366657248
11.7488,41.487620362311475,-29.738820362311476,29.738820362311476,-0.1488667584193648
-94.6605,-30.39130136749698,-64.26919863250302,64.26919863250302,-0.3217191250381981
7.9984,47.04519091905962,-39.04679091905962,39.04679091905962,-0.19546065109447713
17.6391,13.542703474027043,4.096396525972956,4.096396525972956,0.020505765346186137
-3.094,-11.278464803329076,8.184464803329076,8.184464803329076,0.04096984109743225
-0.3398,-12.234749128487664,11.894949128487664,11.894949128487664,0.05954380492392782
-5.524,28.616998829210655,-34.14099882921065,34.14099882921065,-0.1709032087683279
47.495,41.866501315107215,5.628498684892783,5.628498684892783,0.028175171166154495
-116.9805,29.892076575430732,-146.87257657543074,146.87257657543074,-0.7352155905683971
13.9185,-19.106534617321426,33.025034617321424,33.025034617321424,0.16531690868271623
-41.5176,-122.06796113085899,80.55036113085899,80.55036113085899,0.4032194621363302
-138.14,72.93625214746781,-211.0762521474678,211.0762521474678,-1.0566067198927624
-15.44,-139.0896185819329,123.64961858193291,123.64961858193291,0.6189659735599709
-28.368,5.052055448766833,-33.42005544876683,33.42005544876683,-0.16729430623813257
-643.71,-56.491744927653734,-587.2182550723463,587.2182550723463,-2.9395005266611505
21.9492,11.552722646101438,10.396477353898563,10.396477353898563,0.05204274627572749
6.4176,-14.004467981222447,20.422067981222447,20.422067981222447,0.10222890563733805
-6.089,-25.64417887879507,19.55517887879507,19.55517887879507,0.0978894271706338
-26.1696,-105.13793211502308,78.96833211502307,78.96833211502307,0.3953001321681739
5.3721,28.143116192512778,-22.77101619251278,22.77101619251278,-0.11398728413552868
14.9156,34.52728551417922,-19.61168551417922,19.61168551417922,-0.09817228841181082
6.3504,31.380708199291252,-25.03030819929125,25.03030819929125,-0.12529686108828952
7.68,26.003586063355385,-18.323586063355386,18.323586063355386,-0.09172431275474935
8.4942,31.96653164836063,-23.47233164836063,23.47233164836063,-0.11749793308762295
-0.9486,-19.80223469506179,18.853634695061793,18.853634695061793,0.094377633251172
-6.5415,-141.57645871952886,135.03495871952884,135.03495871952884,0.6759587748593044
3.0861,-18.959787221739383,22.045887221739385,22.045887221739385,0.11035742935313088
8.3868,-25.32761474863956,33.71441474863956,33.71441474863956,0.16876781171847036
25.792,38.01825354687769,-12.226253546877686,12.226253546877686,-0.0612022504915348
7.209,-22.685136277502938,29.894136277502938,29.894136277502938,0.1496442397230547
13.132,28.603723022355904,-15.471723022355905,15.471723022355905,-0.07744844030260523
6.552,-23.160363057325835,29.712363057325835,29.712363057325835,0.1487343182895365
-2.9566,24.933815819175663,-27.890415819175665,27.890415819175665,-0.13961400430094734
8.694,29.487791967238927,-20.793791967238924,20.793791967238924,-0.10408968370959569
3.7408,-15.719675072946696,19.460475072946696,19.460475072946696,0.09741535831333335
20.7459,22.073885094241298,-1.3279850942412992,1.3279850942412992,-0.0066476354408285965
1.8144,-13.748274418166048,15.562674418166047,15.562674418166047,0.07790372532410297
23.7742,-5.8378382149324,29.6120382149324,29.6120382149324,0.1482321116150925
-26.085,-104.06802226075494,77.98302226075495,77.98302226075495,0.3903678624191881
146.79,48.9661013894311,97.82389861056889,97.82389861056889,0.489687435637346
14.4495,-10.523650957489714,24.973150957489715,24.973150957489715,0.1250107430377575
3.2214,-18.821539431245448,22.042939431245447,22.042939431245447,0.11034267328648177
-77.333,7.444777049963998,-84.777777049964,84.777777049964,-0.4243810851160074
-10.15,-165.56029479223625,155.41029479223624,155.41029479223624,0.7779537496395799
88.485,225.35883185139147,-136.87383185139146,136.87383185139146,-0.6851638165842202
16.704,9.08428267150656,7.61971732849344,7.61971732849344,0.038142824932028155
3.1212,-21.90324265343051,25.024442653430512,25.024442653430512,0.1252674993050039
51.8312,168.95921189083495,-117.12801189083496,117.12801189083496,-0.5863200771874245
148.1064,131.58875509012847,16.517644909871535,16.517644909871535,0.0826841221170608
4.57,33.65524593635287,-29.08524593635287,29.08524593635287,-0.14559509178992583
119.686,229.68383509644914,-109.99783509644914,109.99783509644914,-0.5506277970833224
125.5824,102.50464921075384,23.077750789246167,23.077750789246167,0.11552273794823739
215.9892,91.63275528971249,124.35644471028752,124.35644471028752,0.6225042078682695
24.2696,38.54511192540917,-14.275511925409166,14.275511925409166,-0.0714604398971348
80.838,105.32360806379421,-24.485608063794217,24.485608063794217,-0.12257019800972316
3.72,31.726327675526086,-28.006327675526087,28.006327675526087,-0.14019423653971919
15.408,17.438265140970937,-2.030265140970938,2.030265140970938,-0.010163112947519969
65.435,76.1636317918444,-10.728631791844393,10.728631791844393,-0.053705446876127445
23.7168,27.086808852526723,-3.3700088525267233,3.3700088525267233,-0.01686960974269199
11.8728,29.409377985419482,-17.536577985419484,17.536577985419484,-0.08778470318097316
7.0218,28.774951797504585,-21.753151797504586,21.753151797504586,-0.10889205267882338
6.2608,31.668724429486947,-25.407924429486947,25.407924429486947,-0.12718713459042935
-2.8608,-139.65276075287437,136.79196075287436,136.79196075287436,0.6847539857672615
-29.4368,8.85098952504805,-38.287789525048055,38.287789525048055,-0.19166123754055303
449.985,290.1674625760151,159.8175374239849,159.8175374239849,0.8000155502141423
3.2224,-21.12559883190213,24.34799883190213,24.34799883190213,0.12188135292337551
746.4078,471.6262498295567,274.78155017044327,274.78155017044327,1.375503068008798
274.491,138.85036429393745,135.64063570606254,135.64063570606254,0.6789906762103327
1.4796,30.03423232312638,-28.554632323126377,28.554632323126377,-0.1429389431057527
113.6742,99.60815292977398,14.06604707022602,14.06604707022602,0.07041189951745604
204.1092,159.20389212310948,44.905307876890504,44.905307876890504,0.22478724905740236
0.3112,28.725339438704705,-28.414139438704705,28.414139438704705,-0.14223566301494767
3.0084,33.18721956228487,-30.178819562284865,30.178819562284865,-0.15106930895126697
5.751,34.310482860048076,-28.559482860048075,28.559482860048075,-0.14296322395143957
6.924,-20.244269167503305,27.168269167503304,27.168269167503304,0.1359990784286991
-108.2662,24.448676121960112,-132.71487612196012,132.71487612196012,-0.6643448920166969
0.868,32.45637837816329,-31.588378378163295,31.588378378163295,-0.15812528659815406
12.691,24.823510001037405,-12.132510001037405,12.132510001037405,-0.060732988509318936
14.651,25.543550576526645,-10.892550576526645,10.892550576526645,-0.05452599247351146
517.4793,413.3191641278769,104.16013587212308,104.16013587212308,0.5214054086507938
-105.3164,142.66652658449524,-247.98292658449526,247.98292658449526,-1.2413543635633224
6.2208,31.380708199291252,-25.15990819929125,25.15990819929125,-0.12594561351545708
33.0708,36.40255293638872,-3.3317529363887246,3.3317529363887246,-0.01667810805713608
5.997,38.789487444135546,-32.792487444135546,32.792487444135546,-0.16415282270250564
3.21,-18.756735779451418,21.96673577945142,21.96673577945142,0.10996121260700333
-65.853,42.32354252666268,-108.17654252666267,108.17654252666267,-0.5415107602374026
-4.2012,-157.4377283828688,153.2365283828688,153.2365283828688,0.7670722972154098
1.4456,-16.842938370709906,18.288538370709905,18.288538370709905,0.09154887081284828
49.8042,75.89260695608158,-26.088406956081577,26.088406956081577,-0.13059349794516223
2.3312,24.01627407500509,-21.68507407500509,21.68507407500509,-0.10855126882305495
20.8568,36.06975330869493,-15.212953308694928,15.212953308694928,-0.07615308937810666
7.9128,29.47699135860659,-21.56419135860659,21.56419135860659,-0.10794615342439651
19.7358,51.46163022973174,-31.725830229731738,31.725830229731738,-0.1588133438691703
52.9173,64.06665145677363,-11.14935145677363,11.14935145677363,-0.05581148780035558
2.0672,30.142238409449764,-28.075038409449764,28.075038409449764,-0.1405381891277242
18.5391,14.982784625005518,3.556315374994483,3.556315374994483,0.017802224006952073
11.68,33.25281369556327,-21.57281369556327,21.57281369556327,-0.1079893151684436
-18.8728,-161.45037362825255,142.57757362825254,142.57757362825254,0.7137156400539397
5.2182,-9.29403297728074,14.512232977280739,14.512232977280739,0.07264541950333342
105.2468,94.37705814884465,10.86974185115534,10.86974185115534,0.05441181642455133
3.3524,-15.978889680122823,19.331289680122822,19.331289680122822,0.09676868132915833
-377.9892,255.1391922483048,-633.1283922483047,633.1283922483047,-3.1693177560168504
4.653,-15.362323624777392,20.01532362477739,20.01532362477739,0.10019282239289022
148.845,44.919473355181594,103.9255266448184,103.9255266448184,0.5202310004281872
17.9592,10.650003087164574,7.309196912835425,7.309196912835425,0.03658842004512061
2.132,-24.168419863010772,26.300419863010774,26.300419863010774,0.13165479337696137
13.5056,34.33287455879713,-20.82727455879713,20.82727455879713,-0.10425729105945097
62.321,58.845427192903884,3.475572807096114,3.475572807096114,0.017398042395070833
7.4824,25.9891852518456,-18.5067852518456,18.5067852518456,-0.09264137230867028
48.3285,46.523732844844304,1.8047671551556945,1.8047671551556945,0.009034313830089138
0.6056,34.73530679958673,-34.12970679958673,34.12970679958673,-0.17084668306133585
2.6496,30.084635163410624,-27.435035163410625,27.435035163410625,-0.13733445718896642
629.991,281.0583779530619,348.9326220469381,348.9326220469381,1.7466889311025662
-7.46,-132.76067324610915,125.30067324610916,125.30067324610916,0.6272308325165347
-6.4944,-144.62666016653628,138.13226016653627,138.13226016653627,0.6914632642992401
-1.2178,-25.64417887879507,24.42637887879507,24.42637887879507,0.1222737082139874
7.6048,-28.543245517865614,36.14804551786561,36.14804551786561,0.18095009465338593
148.704,241.15213139326355,-92.44813139326354,92.44813139326354,-0.46277738910868355
33.0648,30.13819992963235,2.9266000703676482,2.9266000703676482,0.014649991504627846
2.9568,27.74889397743242,-24.79209397743242,24.79209397743242,-0.12410440696316029
16.146,23.657834750229213,-7.511834750229212,7.511834750229212,-0.037602785699790406
5.538,-17.53842712572363,23.07642712572363,23.07642712572363,0.11551611194574511
314.2719,147.01532575313382,167.2565742468662,167.2565742468662,0.8372539236295212
-13.3176,27.340261863369577,-40.657861863369575,40.657861863369575,-0.20352535931562082
54.3528,63.401404405930464,-9.048604405930462,9.048604405930462,-0.04529555610205618
-22.1382,17.779492661114602,-39.9176926611146,39.9176926611146,-0.19982021605576286
5.798,15.21779961625053,-9.419799616250529,9.419799616250529,-0.04715368722588424
8.019,31.43190152105987,-23.412901521059872,23.412901521059872,-0.11720043741375534
-14.2716,-108.57972606586164,94.30812606586164,94.30812606586164,0.47208816116398256
33.3136,41.806895732375416,-8.493295732375415,8.493295732375415,-0.042515788742518865
12.8574,5.8915523188784,6.9658476811216,6.9658476811216,0.034869680481536804
-24.416,-145.55249146479767,121.13649146479767,121.13649146479767,0.6063857473483806
-363.528,-108.5193645862352,-255.0086354137648,255.0086354137648,-1.2765236973253686
4.9616,-8.712240192285432,13.673840192285432,13.673840192285432,0.06844858806671708
0.0,62.07955079114999,-62.07955079114999,62.07955079114999,-0.31075817325023525
-14.34,-19.166947584753643,4.826947584753643,4.826947584753643,0.02416276204799017
68.001,136.68144429553004,-68.68044429553004,68.68044429553004,-0.343800964009812
71.9952,100.10633366388761,-28.111133663887614,28.111133663887614,-0.1407188749604849
66.1451,103.62308227548591,-37.477982275485914,37.477982275485914,-0.18760749974200885
-19.168,-164.44783210310538,145.27983210310538,145.27983210310538,0.7272426211063694
-1.5715,-154.59399857088295,153.02249857088296,153.02249857088296,0.7660009055486503
-11.6622,-110.17166533735943,98.50946533735943,98.50946533735943,0.4931192495107309
17.37,32.33915264617631,-14.969152646176308,14.969152646176308,-0.07493267061611582
216.8244,167.31673016896448,49.507669831035514,49.507669831035514,0.24782577906091485
4.536,-18.272868512722653,22.808868512722654,22.808868512722654,0.11417676549826078
12.4416,27.789286690568694,-15.347686690568695,15.347686690568695,-0.07682753851785282
-216.9783,-39.49435626169048,-177.4839437383095,177.4839437383095,-0.8884501487924327
5.301,-22.512326539385523,27.81332653938552,27.81332653938552,0.1392281103397401
72.8088,45.69107636019989,27.11772363980012,27.11772363980012,0.1357460573347183
224.073,115.71985128783004,108.35314871216997,108.35314871216997,0.5423948164989818
154.8426,122.20021646723319,32.642383532766814,32.642383532766814,0.1634014316775997
82.2906,56.31650380996793,25.97409619003207,25.97409619003207,0.13002128045344927
9.8208,22.901792145965516,-13.080992145965515,13.080992145965515,-0.06548090589857207
0.0,-7.283934685303883,7.283934685303883,7.283934685303883,0.03646196224090189
0.0,-11.137740542883385,11.137740542883385,11.137740542883385,0.055753365820664764
13.5626,-6.154656068147663,19.717256068147663,19.717256068147663,0.09870075409949948
-59.8356,54.76667782466352,-114.60227782466352,114.60227782466352,-0.5736767430376675
7.7728,40.75484601067676,-32.982046010676754,32.982046010676754,-0.16510171606773721
8.3958,-11.969633314889862,20.365433314889863,20.365433314889863,0.10194540349810126
7.2576,-19.83528612062542,27.09288612062542,27.09288612062542,0.1356217255380408
11.907,13.075609734990527,-1.1686097349905271,1.1686097349905271,-0.0058498333486631604
23.0864,31.965522028406273,-8.879122028406272,8.879122028406272,-0.044447160239548866
7.2,28.785752406136922,-21.585752406136923,21.585752406136923,-0.10805408384042721
9.735,55.20922228668324,-45.47422228668324,45.47422228668324,-0.22763512408983785
112.3508,129.56702203597246,-17.21622203597245,17.21622203597245,-0.08618106352232091
0.8804,32.52118202995732,-31.64078202995732,31.64078202995732,-0.15838760910042118
4.4392,69.00282826860392,-64.56362826860392,64.56362826860392,-0.3231929826080324
40.12,65.60581771526347,-25.485817715263472,25.485817715263472,-0.12757705324943844
15.0984,36.59740216871078,-21.49900216871078,21.49900216871078,-0.10761982900178853
4.6193,-5.1783514886931385,9.797651488693138,9.797651488693138,0.049045140307342194
112.788,127.60052078340246,-14.812520783402462,14.812520783402462,-0.07414860193443133
735.0336,483.82294669685996,251.21065330314002,251.21065330314002,1.2575117365799457
4.485,29.31498222912151,-24.829982229121512,24.829982229121512,-0.1242940681918982
15.8571,55.512569419961494,-39.65546941996149,39.65546941996149,-0.19850757744343395
2.8392,28.700892643727833,-25.861692643727835,25.861692643727835,-0.12945861013333265
909.9818,644.2597971444488,265.7220028555512,265.7220028555512,1.330152733829974
6.624,22.75339334650585,-16.12939334650585,16.12939334650585,-0.08074061020282401
60.2553,48.22144764003017,12.033852359969828,12.033852359969828,0.06023912752088362
2.7028,24.80111830228836,-22.09831830228836,22.09831830228836,-0.11061988915841764
59.0112,48.216047335714,10.795152664286,10.795152664286,0.05403843744290057
5.193,29.201575838481958,-24.00857583848196,24.00857583848196,-0.12018226734607755
12.8744,-9.279279961226552,22.15367996122655,22.15367996122655,0.11089701886990047
11.6496,-27.893628036956564,39.54322803695656,39.54322803695656,0.19794571888129592
-19.3382,-28.164320893007403,8.826120893007403,8.826120893007403,0.044181846850408026
0.5904,-19.18876012474496,19.77916012474496,19.77916012474496,0.09901063378290235
-63.3765,115.76628027374005,-179.14278027374004,179.14278027374004,-0.896753962284985
70.4928,40.673184030524276,29.819615969475727,29.819615969475727,0.149271205535509
18.28,29.704594621370067,-11.424594621370066,11.424594621370066,-0.0571893016205193
22.5576,20.000168236832288,2.5574317631677133,2.5574317631677133,0.012802006664124005
0.4592,-16.69893025561206,17.158130255612058,17.158130255612058,0.08589026735328317
4.782,-13.719331913328709,18.50133191332871,18.50133191332871,0.09261407395528294
13.078,-19.286544761193735,32.364544761193734,32.364544761193734,0.16201062475306816
-21.945,-137.87184995863674,115.92684995863675,115.92684995863675,0.5803072938623098
46.47,-2.724101002881408,49.19410100288141,49.19410100288141,0.24625611441315973
16.776,-31.274868138545145,48.05086813854514,48.05086813854514,0.24053331274991993
6.2208,31.380708199291252,-25.15990819929125,25.15990819929125,-0.12594561351545708
-33.3582,-109.45666504589863,76.09846504589864,76.09846504589864,0.38093413504824536
-1.6752,-110.02124729799108,108.34604729799108,108.34604729799108,0.5423592681989442
97.3026,195.16054143809947,-97.85794143809947,97.85794143809947,-0.4898578474196617
19.824,29.93665773767489,-10.112657737674887,10.112657737674887,-0.05062200040456333
12.4416,27.789286690568694,-15.347686690568695,15.347686690568695,-0.07682753851785282
6.6584,18.36992720474513,-11.711527204745131,11.711527204745131,-0.058625630400596714
9.3312,29.584997444929975,-20.253797444929972,20.253797444929972,-0.10138657601665495
4.293,30.765073507247955,-26.472073507247956,26.472073507247956,-0.1325140581788983
1.8011,33.05581215725808,-31.254712157258083,31.254712157258083,-0.15645501830590033
1.728,30.084635163410624,-28.356635163410623,28.356635163410623,-0.14194780778215796
4.6221,28.769551493188413,-24.147451493188413,24.147451493188413,-0.12087745189905051
-4.428,-153.9117320850311,149.4837320850311,149.4837320850311,0.7482865278721409
8.7138,32.38516480209874,-23.671364802098743,23.671364802098743,-0.11849425439606752
220.987,95.86954447680007,125.11745552319992,125.11745552319992,0.6263136801829121
9.4788,19.444156030736835,-9.965356030736835,9.965356030736835,-0.04988463667075171
7.196,-13.576622997564083,20.772622997564085,20.772622997564085,0.10398371595915443
47.243,70.66092392892183,-23.41792392892183,23.41792392892183,-0.11722557861198582
54.4008,107.0013013329548,-52.6005013329548,52.6005013329548,-0.2633078928239583
2.604,27.424875718462264,-24.820875718462265,24.820875718462265,-0.12424848276833945
11.0544,39.11675370143874,-28.062353701438738,28.062353701438738,-0.14047469194323298
245.7,149.91417452546375,95.78582547453624,95.78582547453624,0.4794852373831316
19.5858,21.87270546603029,-2.2869054660302908,2.2869054660302908,-0.01144780456628021
28.4928,29.124733732158553,-0.6319337321585543,0.6319337321585543,-0.003163337519652145
-1.459,-13.441466692098746,11.982466692098747,11.982466692098747,0.05998190084840685
5.369,-23.556385373844915,28.925385373844914,28.925385373844914,0.1447948608644983
113.3055,33.90285255019626,79.40264744980374,79.40264744980374,0.3974742303749258
88.1804,12.897969763841974,75.28243023615804,75.28243023615804,0.37684922329305687
-9.093,-32.88455470137044,23.79155470137044,23.79155470137044,0.1190959016867584
314.0384,228.69816998951327,85.34023001048675,85.34023001048675,0.4271966153884358
5.8891,34.26548032408,-28.376380324080003,28.376380324080003,-0.1420466482212712
10.0282,38.234703996464425,-28.206503996464427,28.206503996464427,-0.14119628032112522
87.2842,86.18940632404767,1.0947936759523316,1.0947936759523316,0.005480324494766761
77.625,72.66322497501235,4.961775024987645,4.961775024987645,0.024837682025618243
15.4752,36.79980401133214,-21.32460401133214,21.32460401133214,-0.10674682570014546
27.2412,24.67028224027596,2.57091775972404,2.57091775972404,0.012869514943434886
101.6508,108.60505992051199,-6.954259920511987,6.954259920511987,-0.03481167440267166
33.3396,29.446960977162686,3.8926390228373116,3.8926390228373116,0.019485794862290677
-938.28,-19.545891656286564,-918.7341083437134,918.7341083437134,-4.599004496216125
-14.92,-137.07357541147192,122.15357541147192,122.15357541147192,0.6114770720323164
-9.1816,-138.14067554434698,128.95907554434697,128.95907554434697,0.6455440838324079
0.8495,-14.29666357305332,15.14616357305332,15.14616357305332,0.07581875293437694
89.2224,140.00357062901963,-50.78117062901964,50.78117062901964,-0.2542006766974274
-571.9956,146.3306631038695,-718.3262631038695,718.3262631038695,-3.595801749126851
1.6472,-16.825657396898162,18.472857396898164,18.472857396898164,0.09247153605677416
84.502,219.81149837600464,-135.30949837600463,135.30949837600463,-0.677333067054462
-464.697,193.7636536341777,-658.4606536341777,658.4606536341777,-3.2961261361073455
6.7068,-17.028638398277245,23.735438398277246,23.735438398277246,0.1188149943732138
-13.4379,0.8960516879518323,-14.333951687951833,14.333951687951833,-0.07175297799738674
-25.109,3.6263751092981416,-28.735375109298143,28.735375109298143,-0.14384370638678637
5.4768,26.644422175540807,-21.167622175540806,21.167622175540806,-0.10596100512151237
29.1456,37.69704500930061,-8.551445009300608,8.551445009300608,-0.04280687272819215
12.4416,27.789286690568694,-15.347686690568695,15.347686690568695,-0.07682753851785282
31.0184,48.30166172328833,-17.283261723288334,17.283261723288334,-0.08651665117558274
76.9816,56.92212837486325,20.05947162513675,20.05947162513675,0.10041381870761036
-53.7432,-126.47601822142133,72.73281822142133,72.73281822142133,0.36408636077071105
25.872,29.86379402946207,-3.9917940294620706,3.9917940294620706,-0.01998214556609954
-53.7096,-100.17678210899334,46.467182108993335,46.467182108993335,0.2326056880929516
-18.2525,-170.65120079941516,152.39870079941517,152.39870079941517,0.7628782950679293
25.792,38.01825354687769,-12.226253546877686,12.226253546877686,-0.0612022504915348
2.786,-23.6643914601683,26.4503914601683,26.4503914601683,0.13240552206262604
10.3936,46.510341653288876,-36.11674165328888,36.11674165328888,-0.18079339358761526
13.984,37.48226159507817,-23.49826159507817,23.49826159507817,-0.11762773336439247
2591.9568,980.3511173256516,1611.6056826743484,1611.6056826743484,8.06738501753101
34.539,47.524808383244334,-12.985808383244333,12.985808383244333,-0.06500443447039068
19.2384,24.41387735449291,-5.175477354492912,5.175477354492912,-0.02590743437868849
28.1718,36.87540827175851,-8.703608271758508,8.703608271758508,-0.043568572464652774
88.3932,75.84681393862913,12.546386061370868,12.546386061370868,0.06280477167820692
32.4862,62.78808762064743,-30.301887620647435,30.301887620647435,-0.15168536374732805
4.6764,33.10059555475618,-28.42419555475618,28.42419555475618,-0.1422860019786535
69.705,48.044818560565325,21.660181439434673,21.660181439434673,0.10842666112440599
0.0,33.38308828019167,-33.38308828019167,33.38308828019167,-0.1671092557725566
41.2938,53.616351651883285,-12.322551651883288,12.322551651883288,-0.06168430010074792
4.9878,-16.380601880336933,21.368401880336933,21.368401880336933,0.10696606932531232
91.9508,58.340608308577046,33.610191691422955,33.610191691422955,0.1682460913377906
7.0218,28.774951797504585,-21.753151797504586,21.753151797504586,-0.10889205267882338
742.632,326.9445445890823,415.68745541091766,415.68745541091766,2.080850660809726
78.6508,90.60404553328105,-11.953245533281049,11.953245533281049,-0.05983562540313192
151.47,126.26361675744559,25.20638324255441,25.20638324255441,0.12617825855496087
41.496,42.27790729424402,-0.7819072942440144,0.7819072942440144,-0.003914076041364393
1906.485,712.458878528852,1194.026121471148,1194.026121471148,5.977062842637941
9.5787,-33.62227085554893,43.20097085554893,43.20097085554893,0.21625566897015794
187.797,144.69450318398697,43.10249681601303,43.10249681601303,0.21576272705532837
329.4081,290.6782531076725,38.72984689232749,38.72984689232749,0.1938740908582215
8.304,35.12412871035092,-26.820128710350915,26.820128710350915,-0.13425635492119262
62.4,40.07634083435257,22.323659165647427,22.323659165647427,0.1117479017513515
50.3832,58.47662553643564,-8.093425536435639,8.093425536435639,-0.040514116210359157
157.1292,183.22365523994608,-26.094455239946086,26.094455239946086,-0.13062377447940066
6.2208,31.380708199291252,-25.15990819929125,25.15990819929125,-0.12594561351545708
44.4,33.18397156395183,11.21602843604817,11.21602843604817,0.05614525980761298
35.9964,34.029509250573476,1.9668907494265255,1.9668907494265255,0.00984587305296206
14.6902,-2.232962889488869,16.92316288948887,16.92316288948887,0.08471406635731416
59.4355,2.984310238688387,56.45118976131161,56.45118976131161,0.2825836911585457
-8.1096,-162.70036406730188,154.59076406730188,154.59076406730188,0.7738513380119598
467.9922,245.05634917860002,222.9358508214,222.9358508214,1.1159735673074747
2.2155,45.30370234633001,-43.088202346330014,43.088202346330014,-0.21569117171657892
6.6846,30.713661047009357,-24.029061047009357,24.029061047009357,-0.12028481232102495
8.1216,20.30964607420426,-12.188046074204259,12.188046074204259,-0.06101099130455313
-52.6582,53.80077797723449,-106.4589779772345,106.4589779772345,-0.5329129657138031
5.6644,31.12869399787002,-25.46429399787002,25.46429399787002,-0.12746930970082215
58.7916,63.88233015692109,-5.09073015692109,5.09073015692109,-0.02548320636850046
98.5248,103.73916659317348,-5.21436659317348,5.21436659317348,-0.02610210635387921
163.1898,112.48506900244465,50.704730997555345,50.704730997555345,0.25381803474955505
2.5056,27.640887891109035,-25.135287891109034,25.135287891109034,-0.125822369034818
4.2048,31.150295215134697,-26.9454952151347,26.9454952151347,-0.1348839152936
0.5097,-13.265706350770493,13.775406350770494,13.775406350770494,0.06895700852840897
-9.5886,-134.868521589945,125.279921589945,125.279921589945,0.6271269537564711
32.925,-10.7252623186267,43.6502623186267,43.6502623186267,0.2185047347662796
15.5904,-6.573649242173516,22.16404924217352,22.16404924217352,0.11094892547624559
-29.4368,8.85098952504805,-38.287789525048055,38.287789525048055,-0.19166123754055303
16.1838,-11.9739535583428,28.1577535583428,28.1577535583428,0.14095224509692084
72.5754,62.24840939357491,10.326990606425092,10.326990606425092,0.05169490911462106
0.5097,-13.265706350770493,13.775406350770494,13.775406350770494,0.06895700852840897
9.25,-21.20185269199511,30.45185269199511,30.45185269199511,0.15243605976605615
-1.3566,-134.02326439522952,132.66666439522953,132.66666439522953,0.6641035534770795
51.1872,51.91784637521305,-0.7306463752130554,0.7306463752130554,-0.0036574738373507
15.4752,36.79980401133214,-21.32460401133214,21.32460401133214,-0.10674682570014546
8.2156,32.19435404959409,-23.978754049594087,23.978754049594087,-0.12003298526333461
4.6088,-15.273249916143367,19.882049916143366,19.882049916143366,0.09952568009386287
12.222,33.41921350941017,-21.19721350941017,21.19721350941017,-0.10610913359119505
-2.5698,-5.645842376065865,3.076042376065865,3.076042376065865,0.01539807066005404
17.891,36.8475367403117,-18.956536740311705,18.956536740311705,-0.09489274090253301
-4.8448,-13.283057765491119,8.43825776549112,8.43825776549112,0.042240279370585575
-82.884,39.0740430815422,-121.9580430815422,121.9580430815422,-0.6104982751678748
6.3072,29.23937796869514,-22.932177968695143,22.932177968695143,-0.1147940286838693
4.2408,-20.35371533497767,24.59451533497767,24.59451533497767,0.12311536665568351
-75.5958,57.15426193207695,-132.75006193207696,132.75006193207696,-0.6645210253478324
-25.4744,28.83945678244705,-54.31385678244705,54.31385678244705,-0.27188461741083225
35.89,-2.8941714605146345,38.784171460514635,38.784171460514635,0.19414602909484374
3.7408,-15.719675072946696,19.460475072946696,19.460475072946696,0.09741535831333335
5.5216,-20.826061952498613,26.347661952498612,26.347661952498612,0.1318912781008788
5.2164,28.321326234946362,-23.10492623494636,23.10492623494636,-0.1156587729509948
9.3312,29.584997444929975,-20.253797444929972,20.253797444929972,-0.10138657601665495
26.388,-10.901022659954961,37.289022659954966,37.289022659954966,0.1866616046091975
1.4256,-36.097770354080936,37.52337035408094,37.52337035408094,0.18783470364751034
43.176,36.353159716058826,6.822840283941176,6.822840283941176,0.034153813228267396
3.0268,30.232243481385918,-27.205443481385917,27.205443481385917,-0.13618516582344936
28.497,49.10911678779064,-20.61211678779064,20.61211678779064,-0.10318025304892303
13.17,-11.321667237858431,24.49166723785843,24.49166723785843,0.12260052905818604
12.4416,27.789286690568694,-15.347686690568695,15.347686690568695,-0.07682753851785282
3.7412,30.480657479929704,-26.739457479929705,26.739457479929705,-0.13385253041086584
153.0819,128.14595151933557,24.935948480664422,24.935948480664422,0.1248245146647864
2.8536,27.856900063755806,-25.003300063755805,25.003300063755805,-0.12516166360771938
4.779,-13.055524943636517,17.834524943636517,17.834524943636517,0.08927616778213436
0.3024,18.55994747576541,-18.25754747576541,18.25754747576541,-0.09139373641226697
19.4688,37.03741740124359,-17.568617401243586,17.568617401243586,-0.0879450862734185
58.5052,110.05954188300026,-51.55434188300026,51.55434188300026,-0.25807102181807645
16.608,35.27612771268803,-18.66812771268803,18.66812771268803,-0.09344902132932394
140.391,110.32494727597694,30.066052724023052,30.066052724023052,0.15050482006217467
15.8496,34.99171168536978,-19.142111685369777,19.142111685369777,-0.095821693032378
1.068,-14.567610152163912,15.635610152163911,15.635610152163911,0.07826882744183725
0.3384,-17.102152977886032,17.440552977886032,17.440552977886032,0.08730402064466057
93.884,15.83141506838513,78.05258493161487,78.05258493161487,0.39071607963802013
107.79,51.08302068136946,56.706979318630545,56.706979318630545,0.2838641239992461
12.208,30.971866034231127,-18.76386603423113,18.76386603423113,-0.09392826877125321
30.99,53.97817204106663,-22.98817204106663,22.98817204106663,-0.11507432413416249
5.4432,-17.806282219805624,23.249482219805625,23.249482219805625,0.11638239213339484
13.7176,-10.0457553380915,23.7633553380915,23.7633553380915,0.11895474115148223
3.6288,-15.777278318985832,19.406078318985834,19.406078318985834,0.0971430587287489
0.556,-14.281104444028081,14.837104444028082,14.837104444028082,0.07427166296452034
35.0244,21.726897249493717,13.297502750506283,13.297502750506283,0.06656471593100524
5.256,29.23937796869514,-23.98337796869514,23.98337796869514,-0.1200561317042284
373.779,340.5613023530682,33.21769764693181,33.21769764693181,0.1662813423870773
59.373,59.74547791226544,-0.37247791226544535,0.37247791226544535,-0.0018645520806212486
0.7152,-19.318367428333026,20.033567428333026,20.033567428333026,0.10028414732990787
9.352,-21.720281906347363,31.072281906347364,31.072281906347364,0.1555418079041479
90.9762,169.51796337741462,-78.54176337741461,78.54176337741461,-0.39316481192220715
13.788,37.321042947077466,-23.533042947077465,23.533042947077465,-0.11780184205675137
-304.392,-52.18165248368405,-252.21034751631595,252.21034751631595,-1.2625160116356806
-6599.978,666.7842937592187,-7266.762293759219,7266.762293759219,-36.37600058430564
11.9952,-9.809511588422154,21.804711588422155,21.804711588422155,0.10915015097745011
2.8764,27.187262328550815,-24.310862328550815,24.310862328550815,-0.12169545480080081
2.9646,33.98646460107792,-31.02186460107792,31.02186460107792,-0.15528942866676518
3.6156,27.50047997888863,-23.88487997888863,23.88487997888863,-0.11956306989899615
13.8915,35.3471221502826,-21.4556221502826,21.4556221502826,-0.10740267705544705
13.896,-13.93534408597548,27.83134408597548,27.83134408597548,0.13931830267833456
55.0584,59.831092299839774,-4.772692299839775,4.772692299839775,-0.02389117062997675
7.9812,28.4445236142639,-20.4633236142639,20.4633236142639,-0.10243542332306317
-14.5656,-159.13767374069002,144.57207374069003,144.57207374069003,0.723699720215435
3.9592,-9.498524500719686,13.457724500719685,13.457724500719685,0.06736675489193102
-292.1,69.71045346606002,-361.81045346606004,361.81045346606004,-1.811152853863446
-34.758,15.725936939819297,-50.4839369398193,50.4839369398193,-0.2527127825824221
11.7782,33.558830940146194,-21.780630940146196,21.780630940146196,-0.109029607929481
-4.7685,-154.23541836428933,149.46691836428934,149.46691836428934,0.7482023616519177
2.4675,-19.18443988129203,21.65193988129203,21.65193988129203,0.10838540548514147
-10.1736,-109.91893109536272,99.74533109536273,99.74533109536273,0.4993057534471346
9.54,-29.921332738443137,39.46133273844313,39.46133273844313,0.1975357669238561
-3.3894,-136.46269142407817,133.07329142407818,133.07329142407818,0.6661390494023689
-2.88,-166.28033536772548,163.4003353677255,163.4003353677255,0.8179503408164005
-1.4994,-10.446097898063517,8.946697898063517,8.946697898063517,0.044785431917466284
15.876,25.993575936207417,-10.117575936207418,10.117575936207418,-0.05064661995113178
48.94,46.667169616927765,2.2728303830722325,2.2728303830722325,0.01137734743486335
30.7168,31.725379409007914,-1.0085794090079148,1.0085794090079148,-0.005048752620255476
13.181,25.003520144909714,-11.822520144909715,11.822520144909715,-0.05918123950036707
22.0947,34.54787711148955,-12.453177111489548,12.453177111489548,-0.06233818577952446
136.2971,116.61292073990667,19.68417926009333,19.68417926009333,0.09853517802304729
2.3094,40.15428849865627,-37.844888498656275,37.844888498656275,-0.1894441610292361
-77.1267,37.851414184361474,-114.97811418436147,114.97811418436147,-0.5755581068538084
14.5728,36.33458735865721,-21.76178735865721,21.76178735865721,-0.10893528062062675
4.2,-21.407854737493913,25.607854737493913,25.607854737493913,0.1281879468788852
-63.0056,106.05084777330899,-169.056447773309,169.056447773309,-0.8462637409047867
-4.767,-10.104869106190499,5.337869106190499,5.337869106190499,0.02672033594555424
0.3168,-17.136714925509512,17.453514925509513,17.453514925509513,0.08736890563680218
-2.5632,-133.7953715530872,131.2321715530872,131.2321715530872,0.6569227609377715
-24.6624,-143.63365377202774,118.97125377202774,118.97125377202774,0.5955469880229238
5.952,-12.034436966683899,17.986436966683897,17.986436966683897,0.09003660986290536
10.8784,1.9386000003513715,8.939799999648628,8.939799999648628,0.04475090237781339
2.1465,32.86860160763088,-30.72210160763088,30.72210160763088,-0.15378887334597982
2.0748,27.52208119615331,-25.44728119615331,25.44728119615331,-0.12738414691990674
-47.1798,55.13166341179135,-102.31146341179135,102.31146341179135,-0.5121513133909323
4.6464,19.09997790738234,-14.45357790738234,14.45357790738234,-0.07235180361627887
140.9568,263.6242986983523,-122.66749869835229,122.66749869835229,-0.6140496721846433
-3.504,-14.489845770011076,10.985845770011077,10.985845770011077,0.05499301009091958
29.4372,46.466348737275155,-17.029148737275154,17.029148737275154,-0.08524461092519041
17.5812,23.657834750229213,-6.076634750229214,6.076634750229214,-0.03041845326560149
1644.2913,795.9158923840348,848.3754076159653,848.3754076159653,4.246802506482462
5.6832,13.406037918231206,-7.722837918231206,7.722837918231206,-0.03865902657464641
160.0398,123.89828346696345,36.141516533036565,36.141516533036565,0.18091741182348792
6.9795,-18.276766110722306,25.256266110722308,25.256266110722308,0.12642796250401955
2.5056,27.640887891109035,-25.135287891109034,25.135287891109034,-0.125822369034818
52.4895,53.08172152458253,-0.5922215245825271,0.5922215245825271,-0.0029645459220199715
17.466,15.390609354367951,2.0753906456320497,2.0753906456320497,0.0103890024589093
15.147,25.02393500408316,-9.87693500408316,9.87693500408316,-0.04944201818576545
38.1576,68.01542441366549,-29.857824413665483,29.857824413665483,-0.1494624695857127
3.2214,-18.821539431245448,22.042939431245447,22.042939431245447,0.11034267328648177
6.3936,-9.096671418687805,15.490271418687804,15.490271418687804,0.07754128997189833
15.4752,36.79980401133214,-21.32460401133214,21.32460401133214,-0.10674682570014546
38.997,35.553044667399824,3.4439553326001757,3.4439553326001757,0.017239771458958577
17.6232,-11.541929213049258,29.16512921304926,29.16512921304926,0.14599497195695424
1.9136,-14.198949377513426,16.112549377513425,16.112549377513425,0.08065629256573319
2.132,-24.168419863010772,26.300419863010774,26.300419863010774,0.13165479337696137
-15.098,25.84106694429211,-40.93906694429211,40.93906694429211,-0.20493301733090125
41.993,68.7468447565448,-26.7538447565448,26.7538447565448,-0.13392455032309095
-11.5176,31.71961908440401,-43.23721908440401,43.23721908440401,-0.21643712056313832
5.796,31.315904547497222,-25.519904547497223,25.519904547497223,-0.12774768531075092
57.5928,57.84579955139819,-0.2529995513981902,0.2529995513981902,-0.0012664666129774706
2.8764,27.187262328550815,-24.310862328550815,24.310862328550815,-0.12169545480080081
106.6248,236.38504140980086,-129.76024140980087,129.76024140980087,-0.6495545645405638
13.788,37.321042947077466,-23.533042947077465,23.533042947077465,-0.11780184205675137
26.703,36.53518909983984,-9.832189099839841,9.832189099839841,-0.04921802888033597
34.2144,15.219311410039749,18.995088589960247,18.995088589960247,0.09508572397376211
-21.3264,-24.51969463835087,3.1932946383508707,3.1932946383508707,0.01598501271058093
69.705,48.044818560565325,21.660181439434673,21.660181439434673,0.10842666112440599
561.564,336.3833999798663,225.18060002013368,225.18060002013368,1.127210345787883
-6.8816,-108.11169969179362,101.23009969179361,101.23009969179361,0.5067382166471092
-3.7872,-17.19712789294173,13.40992789294173,13.40992789294173,0.06712749435715999
-3.168,-18.324711434157877,15.156711434157877,15.156711434157877,0.07587155347830447
1.764,-16.736372365537502,18.5003723655375,18.5003723655375,0.09260927064541775
2.9568,-16.12289779522067,19.07969779522067,19.07969779522067,0.09550926122124219
-53.0088,-154.04777735346548,101.03897735346547,101.03897735346547,0.5057814953440511
4.8804,30.840677767674325,-25.960277767674327,25.960277767674327,-0.12995210811514515
89.7792,80.84187629261572,8.93732370738428,8.93732370738428,0.044738506539720245
23.4,32.48395124275852,-9.083951242758523,9.083951242758523,-0.04547249550163103
8.9544,-13.038243969824773,21.992643969824773,21.992643969824773,0.11009090397573969
134.56,103.68595403149617,30.874045968503836,30.874045968503836,0.15454947730362453
77.8635,68.55899369472368,9.30450630527632,9.30450630527632,0.04657655130512265
17.982,30.31662911053592,-12.334629110535921,12.334629110535921,-0.06174475751290002
-12.352,-136.9612490816956,124.6092490816956,124.6092490816956,0.6237696974481272
3.401,32.26995831002046,-28.868958310020464,28.868958310020464,-0.1445123979430936
0.0,43.8014081264806,-43.8014081264806,43.8014081264806,-0.2192613413226177
-64.7748,28.489446621850398,-93.26424662185039,93.26424662185039,-0.46686270342499625
6.7048,-20.238508842899392,26.94330884289939,26.94330884289939,0.13487297073885965
49.716,61.90645928939705,-12.190459289397047,12.190459289397047,-0.061023071391077814
-191.646,-123.22201397896771,-68.42398602103228,68.42398602103228,-0.34251718370080253
79.8912,56.04648859415946,23.844711405840535,23.844711405840535,0.11936199382445287
6.1548,31.456312459717623,-25.30151245971762,25.30151245971762,-0.12665445693867372
-2.7,-13.323380037718511,10.623380037718512,10.623380037718512,0.053178577038528616
8.8624,-19.167088466571407,28.029488466571408,28.029488466571408,0.14031017496106005
2.9568,30.156639220959548,-27.199839220959547,27.199839220959547,-0.13615711198429745
102.9528,141.16578655876813,-38.21298655876814,38.21298655876814,-0.19128678842069632
3.852,30.588663566253093,-26.736663566253092,26.736663566253092,-0.13383854462167602
45.9754,46.65636900829543,-0.6809690082954276,0.6809690082954276,-0.003408798587635387
11.2752,-23.893293922264995,35.16849392226499,35.16849392226499,0.17604664962883534
0.8382,-12.669653636083169,13.50785363608317,13.50785363608317,0.06761769160673713
1.764,-16.736372365537502,18.5003723655375,18.5003723655375,0.09260927064541775
-302.72,-73.35664031226133,-229.3633596877387,229.3633596877387,-1.14814842824635
-118.0116,-3.639923445724204,-114.3716765542758,114.3716765542758,-0.5725223978689024
1.0008,-27.090274077437215,28.091074077437213,28.091074077437213,0.14061846056698432
10.5534,-15.676190874781817,26.229590874781817,26.229590874781817,0.13130023721934286
14.0712,-16.99516432726034,31.066364327260338,31.066364327260338,0.15551218565263814
3.741,-15.785918805891708,19.526918805891707,19.526918805891707,0.0977479627347697
5.915,-23.936425915885472,29.85142591588547,29.85142591588547,0.149430439948637
7.0128,-16.397882854148676,23.410682854148675,23.410682854148675,0.11718933119814025
3.344,-23.520383345070453,26.864383345070454,26.864383345070454,0.13447788502680771
4.6552,-11.76672275441966,16.42192275441966,16.42192275441966,0.08220495559944418
15.552,25.993575936207417,-10.441575936207418,10.441575936207418,-0.05226850101905068
5.3703,11.892943089749455,-6.5226430897494545,6.5226430897494545,-0.03265108438289108
171.9914,101.04823408075245,70.94316591924755,70.94316591924755,0.3551277089588186
137.54,82.05773524523819,55.4822647547618,55.4822647547618,0.27773344077472983
49.9704,45.224278744556216,4.746121255443782,4.746121255443782,0.023758161142752386
4.35,-18.10005877460523,22.450058774605232,22.450058774605232,0.11238063364258921
40.376,34.99408312982289,5.381916870177108,5.381916870177108,0.026940830496461777
3.0576,30.17104003246933,-27.11344003246933,27.11344003246933,-0.1357246144284461
219.4416,91.89046064655811,127.55113935344188,127.55113935344188,0.638496228730967
30.6054,16.51689369625088,14.08850630374912,14.08850630374912,0.07052432607810753
-1237.8462,144.42030811297172,-1382.2665081129717,1382.2665081129717,-6.919357655329635
9.12,-22.152306251640905,31.272306251640906,31.272306251640906,0.15654309092499502
0.4752,-17.358487422760202,17.833687422760203,17.833687422760203,0.08927197531530325
0.0,-8.924002562388154,8.924002562388154,8.924002562388154,0.04467182347529981
4.797,-23.873203227060184,28.670203227060185,28.670203227060185,0.14351746860295184
47.6604,58.61731394056221,-10.95691394056221,10.95691394056221,-0.054848182972267186
26.824,-3.847646064280145,30.671646064280147,30.671646064280147,0.15353630269618934
1.674,-13.877881721754108,15.551881721754107,15.551881721754107,0.07784969918218222
-6.93,-180.70239589023052,173.7723958902305,173.7723958902305,0.8698708611767707
178.91,157.87023609548564,21.03976390451436,21.03976390451436,0.105320971451282
6.7176,27.76364572175725,-21.04604572175725,21.04604572175725,-0.10535241700825228
5.9184,15.220540168464087,-9.302140168464087,9.302140168464087,-0.04656470688382676
7.308,34.85569445751119,-27.54769445751119,27.54769445751119,-0.13789840773287634
-12.098,31.05119281532847,-43.14919281532847,43.14919281532847,-0.21599647815791254
-31.8612,-105.56419613571269,73.7029961357127,73.7029961357127,0.3689428829673228
1.9272,-13.018082833711073,14.945282833711072,14.945282833711072,0.07481318297126353
1668.205,633.0057820880221,1035.199217911978,1035.199217911978,5.182006213135474
8.1072,44.32782822807212,-36.22062822807212,36.22062822807212,-0.18131342960259023
-93.4724,15.076776688953293,-108.54917668895328,108.54917668895328,-0.5433760944753007
3.798,-9.212018792583848,13.010018792583848,13.010018792583848,0.06512562707703984
7.4256,-13.530751723459414,20.956351723459413,20.956351723459413,0.10490342627447076
10.8136,35.99976849105471,-25.18616849105471,25.18616849105471,-0.12607706743536196
10.7964,39.84478516416724,-29.048385164167243,29.048385164167243,-0.14541057392400997
81.921,57.46136832499582,24.45963167500419,24.45963167500419,0.12244016525295943
38.396,42.58654189059645,-4.1905418905964495,4.1905418905964495,-0.020977038755183565
-11.418,-134.53154260061606,123.11354260061606,123.11354260061606,0.6162824813221195
10.7136,27.141250172628382,-16.427650172628383,16.427650172628383,-0.08223362594253301
51.8,32.88594520660816,18.914054793391834,18.914054793391834,0.09468008452772537
1.3365,26.62023037535304,-25.283730375353038,25.283730375353038,-0.12656544327824454
170.997,134.6139351271376,36.383064872862406,36.383064872862406,0.1821265558955582
9.1746,35.26071728122389,-26.086117281223892,26.086117281223892,-0.13058203627755924
-4.2588,0.8258745006880659,-5.084674500688066,5.084674500688066,-0.02545289292961723
17.856,36.79980401133214,-18.94380401133214,18.94380401133214,-0.09482900333440061
23.028,20.846935953607634,2.1810640463923647,2.1810640463923647,0.010917982977661653
34.294,-7.535482569209378,41.829482569209375,41.829482569209375,0.20939026499952007
11.68,33.25281369556327,-21.57281369556327,21.57281369556327,-0.1079893151684436
8.997,-7.64938986195444,16.64638986195444,16.64638986195444,0.08332859434043546
3.852,30.588663566253093,-26.736663566253092,26.736663566253092,-0.13383854462167602
4.872,-18.10005877460523,22.97205877460523,22.97205877460523,0.11499366425201411
654.7554,461.63028654032735,193.12511345967266,193.12511345967266,0.9667468063578194
140.5482,123.39368372110661,17.154516278893396,17.154516278893396,0.08587217648778966
77.3696,4.375639953260238,72.99396004673977,72.99396004673977,0.3653935860254202
-9.1602,-2.986477535995018,-6.173722464004982,6.173722464004982,-0.030904455502948548
35.048,29.615732235462687,5.432267764537315,5.432267764537315,0.02719287729373216
-59.373,-171.32789805855728,111.95489805855729,111.95489805855729,0.5604244741418672
5.0274,-24.410212614557395,29.437612614557395,29.437612614557395,0.14735897093914
2.3808,-11.929381483571351,14.310181483571352,14.310181483571352,0.07163398897125937
-65.568,-159.2275379308084,93.65953793080841,93.65953793080841,0.4688414549383046
-5.0688,-160.10972851760047,155.04092851760046,155.04092851760046,0.7761047738125444
-3.5325,-23.13876184006116,19.606261840061162,19.606261840061162,0.09814513855264216
0.0,12.37064506779476,-12.37064506779476,12.37064506779476,-0.061925046399384856
-34.9536,-111.4351252246164,76.4815252246164,76.4815252246164,0.3828516598992824
-22.6716,2.714874181637647,-25.38647418163765,25.38647418163765,-0.12707975881608077
2.244,-16.566442789722036,18.810442789722035,18.810442789722035,0.09416142296241306
249.9104,178.2489653447998,71.6614346552002,71.6614346552002,0.3587232227382003
2.6784,35.17690299508827,-32.49850299508827,32.49850299508827,-0.162681193652591
3.0576,30.17104003246933,-27.11344003246933,27.11344003246933,-0.1357246144284461
-59.8356,54.76667782466352,-114.60227782466352,114.60227782466352,-0.5736767430376675
6.854,22.843398418442003,-15.989398418442004,15.989398418442004,-0.0800398227848258
4.108,25.967584034580923,-21.859584034580923,21.859584034580923,-0.1094248317847813
26.973,33.283986763035955,-6.310986763035956,6.310986763035956,-0.03159157392239144
5.1588,16.53965323103101,-11.380853231031011,11.380853231031011,-0.056970340716582996
2.6973,-13.242805934172601,15.940105934172601,15.940105934172601,0.07979307418288989
-19.323,-11.884527645164372,-7.438472354835628,7.438472354835628,-0.03723554779798166
-16.1856,-148.50321774315256,132.31761774315257,132.31761774315257,0.6623562937337952
48.632,46.46605007042359,2.1659499295764064,2.1659499295764064,0.010842324644568697
7.2576,-19.83528612062542,27.09288612062542,27.09288612062542,0.1356217255380408
14.5152,-27.95130172390458,42.466501723904585,42.466501723904585,0.2125790591566246
16.68,29.128562160978678,-12.448562160978678,12.448562160978678,-0.062315084233651126
-190.8522,-120.97461864530467,-69.87758135469534,69.87758135469534,-0.34979359960229445
-2.9985,-11.802724783194122,8.804224783194122,8.804224783194122,0.044072239177669656
13.5882,7.060898213472925,6.527301786527076,6.527301786527076,0.03267440491407873
-112.6216,23.308456014353776,-135.93005601435377,135.93005601435377,-0.6804394580581377
-5.4558,-14.99380373194466,9.53800373194466,9.53800373194466,0.047745394069694136
3.6288,-15.777278318985832,19.406078318985834,19.406078318985834,0.0971430587287489
-1.9068,-133.8817764221459,131.9749764221459,131.9749764221459,0.6606410978337105
0.0,25.18014013690187,-25.18014013690187,25.18014013690187,-0.12604689066538913
-2.7588,-136.65710237946027,133.89830237946026,133.89830237946026,0.6702688939991587
3.21,-18.756735779451418,21.96673577945142,21.96673577945142,0.10996121260700333
197.991,144.88689489946034,53.10410510053967,53.10410510053967,0.2658288354671019
32.9817,46.558153910650034,-13.576453910650038,13.576453910650038,-0.067961091256657
1.6588,-13.762675229675828,15.421475229675828,15.421475229675828,0.07719690961231965
5.5512,-14.682816644242191,20.23401664424219,20.23401664424219,0.10128755717053213
22.1184,37.869854747418024,-15.751454747418023,15.751454747418023,-0.07884872298462543
76.47,66.04583294779627,10.424167052203728,10.424167052203728,0.052181355527139636
4.914,-23.808399575266147,28.722399575266145,28.722399575266145,0.14377875338372267
0.8856,-19.18876012474496,20.07436012474496,20.07436012474496,0.10048834764478404
2.808,-25.032468553597855,27.840468553597855,27.840468553597855,0.13936397799096287
43.176,36.353159716058826,6.822840283941176,6.822840283941176,0.034153813228267396
11.592,27.65967938698063,-16.06767938698063,16.06767938698063,-0.08043168210844047
17.6673,32.85218155621239,-15.184881556212392,15.184881556212392,-0.07601256763769083
4.1916,34.70470507512844,-30.513105075128436,30.513105075128436,-0.15274267729867608
0.891,29.404196819573293,-28.513196819573295,28.513196819573295,-0.14273152502318348
-26.624,-133.1075919216772,106.4835919216772,106.4835919216772,0.5330361783387983
2.308,-14.319916194195617,16.627916194195617,16.627916194195617,0.0832361187478643
-3.4272,-136.45297087630908,133.02577087630908,133.02577087630908,0.6659011707703817
-247.7988,-119.98183138926612,-127.81696861073388,127.81696861073388,-0.6398269183596733
-7.3692,-144.4905724977688,137.1213724977688,137.1213724977688,0.6864029569789727
87.89,56.11827351323841,31.771726486761594,31.771726486761594,0.1590430916172106
20.9148,253.92470420765378,-233.0099042076538,233.0099042076538,-1.166402321827133
3.8976,16.429417853801635,-12.531817853801634,12.531817853801634,-0.06273184606076848
19.0344,33.50640885995324,-14.472008859953238,14.472008859953238,-0.07244406538491606
76.5484,70.63890133793322,5.909498662066781,5.909498662066781,0.029581802471908048
128.9742,71.19131334115124,57.78288665884875,57.78288665884875,0.2892499071657118
0.5152,18.873955607587597,-18.358755607587597,18.358755607587597,-0.09190036466202577
78.851,77.99253485358705,0.8584651464129536,0.8584651464129536,0.004297309779121604
15.5856,34.337265243158946,-18.751665243158946,18.751665243158946,-0.09386719398096431
3.2406,30.8154763475322,-27.5748763475322,27.5748763475322,-0.13803447499465205
0.9336,16.231758900086497,-15.298158900086497,15.298158900086497,-0.07657961201872031
5.4124,120.55211403084718,-115.13971403084717,115.13971403084717,-0.576367044296999
49.9704,45.224278744556216,4.746121255443782,4.746121255443782,0.023758161142752386
383.931,258.4766767472951,125.45432325270491,125.45432325270491,0.6279999746053718
41.1528,-6.698724979582003,47.851524979582,47.851524979582,0.2395354396155327
15.743,-9.783308364069017,25.526308364069017,25.526308364069017,0.1277797415726652
207.475,92.98218176908821,114.49281823091178,114.49281823091178,0.5731288095722106
13.2,32.87593507946019,-19.675935079460192,19.675935079460192,-0.09849390925610473
1.4805,32.602186594699866,-31.121686594699867,31.121686594699867,-0.15578911817792987
6.0288,29.47699135860659,-23.44819135860659,23.44819135860659,-0.11737709148599902
12.8928,-18.570753988248555,31.463553988248556,31.463553988248556,0.15750043994748356
2.6964,-32.831666303661756,35.52806630366175,35.52806630366175,0.17784659912863138
4.6193,-5.1783514886931385,9.797651488693138,9.797651488693138,0.049045140307342194
20.975,20.45321591236214,0.5217840876378617,0.5217840876378617,0.0026119497940777356
5.7624,31.16469602664448,-25.402296026644482,25.402296026644482,-0.12715895989903178
-12.9792,-159.78139001517738,146.8021900151774,146.8021900151774,0.7348632491192896
29.673,-10.703661101362023,40.37666110136202,40.37666110136202,0.20211772291998986
-93.99,68.55822089461304,-162.54822089461305,162.54822089461305,-0.8136848212742994
-1.827,-154.5677170898776,152.7407170898776,152.7407170898776,0.7645903621865121
50.5632,66.97231384572427,-16.40911384572427,16.40911384572427,-0.08214083669045112
1.576,46.194752558497946,-44.618752558497945,44.618752558497945,-0.22335280879254937
6.7966,35.60835599736743,-28.811755997367435,28.811755997367435,-0.14422605427663332
108.1752,162.21366172865447,-54.03846172865447,54.03846172865447,-0.2705060432628548
-9.282,-10.396853375294729,1.1148533752947287,1.1148533752947287,0.005580739453382747
-10.9611,-109.83468634803046,98.87358634803046,98.87358634803046,0.49494196856517175
9.072,-21.86429002144521,30.93629002144521,30.93629002144521,0.15486105894268673
16.1838,-11.9739535583428,28.1577535583428,28.1577535583428,0.14095224509692084
-1.476,-157.54069418516377,156.06469418516377,156.06469418516377,0.781229545893428
-20.7306,-118.19177466228078,97.46117466228078,97.46117466228078,0.4878717100058359
1.6704,-16.814136747690338,18.48453674769034,18.48453674769034,0.0925300006183032
16.956,23.98185300919937,-7.02585300919937,7.02585300919937,-0.03517005549877013
10.8966,33.629825377740765,-22.733225377740766,22.733225377740766,-0.11379811065707202
5.1294,69.55129279721527,-64.42189279721526,64.42189279721526,-0.3224834823682243
38.8704,40.47833352647286,-1.6079335264728627,1.6079335264728627,-0.008049002916846964
34.3548,120.2692789664977,-85.9144789664977,85.9144789664977,-0.430071194123085
11.613,35.02051330838935,-23.407513308389348,23.407513308389348,-0.1171734650677052
24.9132,34.62247175196156,-9.709271751961563,9.709271751961563,-0.048602728511686025
11.7568,36.81982426562807,-25.063024265628073,25.063024265628073,-0.12546063136177246
106.9578,14.734214113157286,92.22358588684273,92.22358588684273,0.4616533579180966
129.7725,90.95023635253028,38.822263647469725,38.822263647469725,0.1943367111839119
-1.476,-136.9357580821746,135.4597580821746,135.4597580821746,0.6780852379578821
5.2884,-17.676674916217564,22.965074916217564,22.965074916217564,0.11495870441343391
197.9208,141.47886459901756,56.44193540098246,56.44193540098246,0.28253736562825693
-4.577,-142.18399295509792,137.60699295509792,137.60699295509792,0.6888338786639611
4.7664,-10.86811211620909,15.634512116209091,15.634512116209091,0.07826333088712424
3.1032,-22.044229724408638,25.14742972440864,25.14742972440864,0.12588314869394904
4.485,29.31498222912151,-24.829982229121512,24.829982229121512,-0.1242940681918982
-1.8585,-130.93202063541924,129.07352063541924,129.07352063541924,0.6461169737290942
267.705,180.79329915919993,86.91170084080005,86.91170084080005,0.4350630931306331
28.9568,49.41222749030403,-20.455427490304032,20.455427490304032,-0.10239589686022228
29.1528,139.5075343851458,-110.35473438514579,110.35473438514579,-0.5524143656002695
13.959,-19.08493340005675,33.04393340005675,33.04393340005675,0.16541151231828766
15.1116,-12.833682005476952,27.94528200547695,27.94528200547695,0.13988865377264784
1.7472,29.79661893321493,-28.04941893321493,28.04941893321493,-0.14040994300588694
28.858,31.21387010850439,-2.3558701085043907,2.3558701085043907,-0.01179302817117076
8.8624,-13.24273549326372,22.105135493263717,22.105135493263717,0.11065401469230443
71.2692,70.63890133793322,0.6302986620667781,0.6302986620667781,0.003155152676360255
100.7916,90.88385173776751,9.907748262232488,9.907748262232488,0.049596263371053384
6.2208,31.380708199291252,-25.15990819929125,25.15990819929125,-0.12594561351545708
5.841,47.11438525521547,-41.273385255215466,41.273385255215466,-0.20660654985912724
89.9548,32.180304170899355,57.77449582910065,57.77449582910065,0.2892079043017841
86.3892,69.28263447309038,17.10656552690962,17.10656552690962,0.08563214433706448
6.0876,20.082833292925148,-13.995233292925148,13.995233292925148,-0.07005741950278903
-107.958,55.295258047981505,-163.2532580479815,163.2532580479815,-0.8172141003212985
-187.3815,-94.45591885491358,-92.92558114508641,92.92558114508641,-0.4651674098289431
-26.6352,9.023395570815273,-35.65859557081527,35.65859557081527,-0.17850000328667343
2.2288,-21.27536727160389,23.50416727160389,23.50416727160389,0.11765729603399222
-9.705,-165.4396879958418,155.7346879958418,155.7346879958418,0.7795775990083743
-22.6842,-190.78916254862372,168.10496254862372,168.10496254862372,0.8415007906815718
-38.8212,-154.97734973642207,116.15614973642207,116.15614973642207,0.5814551240119025
9.3228,31.021478393031003,-21.698678393031003,21.698678393031003,-0.10861936939666043
74.691,61.888036901285886,12.802963098714116,12.802963098714116,0.06408914649095301
18.0,39.58636103847549,-21.586361038475488,21.586361038475488,-0.10805713053569647
46.9952,-11.246360372554271,58.24156037255427,58.24156037255427,0.2915459386861162
47.6268,-3.1129229136455976,50.7397229136456,50.7397229136456,0.25399319748485444
47.8152,3.1382580400253204,44.67694195997468,44.67694195997468,0.2236440936339341
20.388,10.170315182070977,10.217684817929024,10.217684817929024,0.051147745568399704
-10.4874,-146.60868141980538,136.12128141980537,136.12128141980537,0.6813966952951965
-161.694,88.02145440851177,-249.71545440851176,249.71545440851176,-1.2500270613331221
18.33,31.1598670653427,-12.8298670653427,12.8298670653427,-0.06422382252220864
5.265,-15.55111513737333,20.81611513737333,20.81611513737333,0.10420142916335164
1.1808,-21.678589993877864,22.859389993877866,22.859389993877866,0.11442966621989306
12.974,-10.457618547271348,23.43161854727135,23.43161854727135,0.11729413121147181
20.1708,22.277728289742985,-2.106928289742985,2.106928289742985,-0.010546873779620073
70.0336,62.72442665488217,7.309173345117834,7.309173345117834,0.03658830206970402
2.8224,30.084635163410624,-27.262235163410622,27.262235163410622,-0.136469453952743
32.97,39.9443620863114,-6.974362086311402,6.974362086311402,-0.03491230194012301
10.5072,30.38424248372303,-19.87704248372303,19.87704248372303,-0.09950061385978438
12.052,27.839689530852944,-15.787689530852944,15.787689530852944,-0.07903010727244408
6.2208,31.380708199291252,-25.15990819929125,25.15990819929125,-0.12594561351545708
32.893,62.454630577543696,-29.561630577543696,29.561630577543696,-0.14797978077324292
34.2925,41.447446787645184,-7.154946787645187,7.154946787645187,-0.03581627387916331
1.926,32.78039663713345,-30.85439663713345,30.85439663713345,-0.1544511165673687
5.1015,30.91887261102379,-25.817372611023792,25.817372611023792,-0.1292367526581097
377.73,583.7962590883583,-206.06625908835827,206.06625908835827,-1.031527667753951
3.7996,30.534660523091397,-26.7350605230914,26.7350605230914,-0.13383052009897536
334.4985,502.7732550544919,-168.27475505449195,168.27475505449195,-0.8423507389863317
29.3412,33.100157277816216,-3.758957277816215,3.758957277816215,-0.01881661001236451
58.1796,110.14657944850954,-51.96697944850954,51.96697944850954,-0.2601366053224334
-17.0274,-26.663431661027467,9.636031661027467,9.636031661027467,0.048236102842245686
52.632,2.0886502036886565,50.54334979631134,50.54334979631134,0.25301019180197587
-87.6672,55.336949960450994,-143.004149960451,143.004149960451,-0.7158509983169489
-58.5048,-8.11357012582858,-50.39122987417142,50.39122987417142,-0.25224870901872887
20.844,-19.48664560027086,40.33064560027086,40.33064560027086,0.20188737825934003
-25.4772,-18.058551416015955,-7.418648583984044,7.418648583984044,-0.037136313851565156
-17.745,-5.155933021097656,-12.589066978902345,12.589066978902345,-0.06301842406124923
-30.8672,-161.54541898421715,130.67821898421715,130.67821898421715,0.6541497819748845
-1.2178,-25.64417887879507,24.42637887879507,24.42637887879507,0.1222737082139874
2.322,-22.814743581091005,25.136743581091004,25.136743581091004,0.12582965593612205
41.4456,52.73070174403152,-11.285101744031522,11.285101744031522,-0.05649102737093622
7.9896,38.00249091086914,-30.012890910869142,30.012890910869142,-0.15023870235140133
100.4255,57.05432626137441,43.371173738625586,43.371173738625586,0.21710767154351363
-75.192,47.83358258968519,-123.02558258968519,123.02558258968519,-0.6158421705922963
10.9096,36.60100237158822,-25.691402371588225,25.691402371588225,-0.1286061701073018
0.0,60.60613645097236,-60.60613645097236,60.60613645097236,-0.3033825472516725
11.0264,-38.63217229798529,49.658572297985295,49.658572297985295,0.2485811674999522
9.585,-15.084528844456308,24.66952884445631,24.66952884445631,0.1234908697138982
125.9972,124.14725844931957,1.849941550680441,1.849941550680441,0.009260448079645519
-28.2744,11.440255434507353,-39.71465543450735,39.71465543450735,-0.19880385113626575
-4.9878,-160.1518508912666,155.1640508912666,155.1640508912666,0.7767211005004653
4.4004,-14.308395544987793,18.708795544987794,18.708795544987794,0.09365259659870755
-125.766,100.1363640453315,-225.90236404533152,225.90236404533152,-1.1308233563063192
-43.848,-108.21949445539036,64.37149445539036,64.37149445539036,0.3222311980581616
15.0984,36.59740216871078,-21.49900216871078,21.49900216871078,-0.10761982900178853
5.8604,31.200698055418943,-25.34029805541894,25.34029805541894,-0.12684861009724138
3.8048,25.485156849003133,-21.680356849003132,21.680356849003132,-0.10852765530593869
160.623,122.46483137872548,38.15816862127451,38.15816862127451,0.19101238047315536
-70.9605,-100.88746215700121,29.926962157001213,29.926962157001213,0.14980855969989434
17.3148,32.71717394830816,-15.402373948308156,15.402373948308156,-0.07710129230792699
41.2237,30.025584020477165,11.198115979522836,11.198115979522836,0.05605559352946989
-255.5875,10.399597617697328,-265.9870976176973,265.9870976176973,-1.3314797467186446
21.4776,18.48671465979215,2.99088534020785,2.99088534020785,0.014971791079010196
1.2672,-33.38904814999931,34.656248149999314,34.656248149999314,0.17348244678883779
24.857,9.796246287360976,15.060753712639023,15.060753712639023,0.07539120776271169
6.7048,-20.238508842899392,26.94330884289939,26.94330884289939,0.13487297073885965
7.2177,28.737149667291398,-21.519449667291397,21.519449667291397,-0.10772218520806692
50.3658,59.66469248599288,-9.29889248599288,9.29889248599288,-0.04654844961618892
6.9716,76.82872105765375,-69.85712105765376,69.85712105765376,-0.34969117932940635
-31.9936,5.227886231003964,-37.221486231003965,37.221486231003965,-0.1863235303637948
155.727,102.14585768143357,53.581142318566435,53.581142318566435,0.2682167911233066
1.6896,29.68141244113665,-27.991812441136652,27.991812441136652,-0.1401215760957296
23.0864,31.965522028406273,-8.879122028406272,8.879122028406272,-0.044447160239548866
9.8784,17.865898801902667,-7.987498801902667,7.987498801902667,-0.039983867551947126
5.0196,30.97028507126239,-25.950685071262388,25.950685071262388,-0.12990408894014263
39.7488,54.602016758819175,-14.853216758819173,14.853216758819173,-0.074352318082792
4.872,34.89450620767873,-30.02250620767873,30.02250620767873,-0.15028683465960468
9.6192,29.69300353125336,-20.07380353125336,20.07380353125336,-0.10048556144587494
6719.9808,2543.2582375679754,4176.722562432025,4176.722562432025,20.90786188258715
38.08,71.89019097631576,-33.810190976315766,33.810190976315766,-0.16924724891113926
27.882,40.201205249034416,-12.319205249034415,12.319205249034415,-0.06166754865807441
-23.9372,2.1000645556684923,-26.037264555668493,26.037264555668493,-0.1303374890223292
95.2,127.26728287876871,-32.06728287876871,32.06728287876871,-0.16052258950825615
5.6112,-17.719877350746913,23.331077350746913,23.331077350746913,0.11679084151027151
87.89,56.11827351323841,31.771726486761594,31.771726486761594,0.1590430916172106
36.4736,70.08288913183779,-33.60928913183779,33.60928913183779,-0.16824157329981576
76.3152,70.035648217491,6.279551782509003,6.279551782509003,0.03143421651564124
89.3142,84.48730084449998,4.826899155500016,4.826899155500016,0.024162519620553158
33.936,34.652854337949876,-0.7168543379498757,0.7168543379498757,-0.0035884335777050733
41.1208,-11.305474140653265,52.42627414065327,52.42627414065327,0.26243574534028385
4.1832,-18.454318737745936,22.637518737745935,22.637518737745935,0.11331902180681971
-30.147,83.32206880344694,-113.46906880344693,113.46906880344693,-0.5680041187861055
-32.3673,122.91728953629554,-155.28458953629553,155.28458953629553,-0.7773244935446781
366.6348,380.8923559491891,-14.257555949189111,14.257555949189111,-0.07137055576785298
-73.0548,63.28317686973247,-136.33797686973247,136.33797686973247,-0.6824814306277303
32.688,45.69950552437912,-13.011505524379118,13.011505524379118,-0.06513306936763187
68.6868,61.79197410962361,6.894825890376396,6.894825890376396,0.03451415919197093
1.4112,32.52838243571222,-31.117182435712216,31.117182435712216,-0.1557665712329022
14.1426,-21.949184368444058,36.09178436844406,36.09178436844406,0.18066846226725577
4.0664,27.429266402824076,-23.362866402824075,23.362866402824075,-0.11694997133042903
52.8228,4.605771173781264,48.21702882621874,48.21702882621874,0.24136508087822298
37.2186,40.30157265266294,-3.0829726526629386,3.0829726526629386,-0.015432762278597977
142.485,105.65706510689796,36.827934893102054,36.827934893102054,0.1843534888076304
449.991,209.0543204041381,240.93667959586188,240.93667959586188,1.2060822197647265
-188.7,-43.652261877435855,-145.04773812256414,145.04773812256414,-0.7260808037205121
-480.2032,143.39134463348046,-623.5945446334804,623.5945446334804,-3.1215931666621977
-24.0435,-53.24582751046535,29.202327510465345,29.202327510465345,0.1461811794086146
-10.1736,-109.91893109536272,99.74533109536273,99.74533109536273,0.4993057534471346
-0.9933,-107.72366826251378,106.73036826251378,106.73036826251378,0.5342714927684685
20.5764,-9.208997748464128,29.785397748464128,29.785397748464128,0.14909991576749484
2.934,-13.27304763834315,16.207047638343152,16.207047638343152,0.0811293325045943
-12.148,-16.29899138799024,4.150991387990242,4.150991387990242,0.02077905662122157
29.5254,19.620778566187695,9.904621433812306,9.904621433812306,0.049580611075320906
9.3312,29.584997444929975,-20.253797444929972,20.253797444929972,-0.10138657601665495
3.6162,33.33842808313761,-29.722228083137608,29.722228083137608,-0.14878370069261876
18.6624,24.19786518184614,-5.5354651818461384,5.5354651818461384,-0.027709463520248542
76.9816,56.92212837486325,20.05947162513675,20.05947162513675,0.10041381870761036
-4.2336,-148.09430513718357,143.86070513718357,143.86070513718357,0.7201387471588331
9.8352,-2.901442307178403,12.736642307178403,12.736642307178403,0.06375715749033213
25.1808,42.793702253610725,-17.612902253610724,17.612902253610724,-0.08816676764270814
4.3904,30.660667623802016,-26.270267623802017,26.270267623802017,-0.131503857124097
-1.1196,-7.4448278976066184,6.325227897606618,6.325227897606618,0.03166286227592799
7.196,-13.576622997564083,20.772622997564085,20.772622997564085,0.10398371595915443
5.4432,-17.806282219805624,23.249482219805625,23.249482219805625,0.11638239213339484
-18.2525,-164.72684782610747,146.47434782610748,146.47434782610748,0.7332221347991736
-18.196,-1.5795886923979268,-16.616411307602075,16.616411307602075,-0.08317852752022659
16.7875,32.24892843577017,-15.461428435770166,15.461428435770166,-0.07739690760172419
142.9948,128.04975566159888,14.945044338401118,14.945044338401118,0.074811989110066
4.728,28.213320148622977,-23.485320148622975,23.485320148622975,-0.11756295099711726
2229.024,859.054529875629,1369.969470124371,1369.969470124371,6.857801071671637
115.5528,109.70545738626707,5.847342613732934,5.847342613732934,0.02927066136681756
-76.6062,-38.57096457692289,-38.03523542307711,38.03523542307711,-0.19039700076088656
0.4264,-14.209100386479157,14.635500386479157,14.635500386479157,0.07326247221095789
-913.176,100.3505847104406,-1013.5265847104406,1013.5265847104406,-5.073517220908547
-58.8736,29.421249567442352,-88.29484956744236,88.29484956744236,-0.44198686700056306
7.1372,-2.960556075277406,10.097756075277406,10.097756075277406,0.050547405577023224
-17.784,-111.9097024047727,94.12570240477271,94.12570240477271,0.47117498374959804
19.6305,35.93322609125815,-16.302726091258148,16.302726091258148,-0.08160828025579984
-4.6464,-139.1559327557868,134.5095327557868,134.5095327557868,0.6733285945408283
3.799,-12.79494069621829,16.59394069621829,16.59394069621829,0.08306604400421447
-1.8106,-130.96550252217952,129.15490252217953,129.15490252217953,0.6465243556470202
-2.2848,-133.78457094445486,131.49977094445487,131.49977094445487,0.6582623115138388
0.8688,-19.823835912326466,20.692635912326466,20.692635912326466,0.10358331614673186
-19.0656,-108.26859809634138,89.20299809634137,89.20299809634137,0.44653288214216713
1.7248,-16.756533501651194,18.481333501651193,18.481333501651193,0.09251396579081315
-3.0396,-160.35814251614426,157.31854251614425,157.31854251614425,0.7875060670973136
-3.768,-20.85486357551818,17.08686357551818,17.08686357551818,0.08553352019520388
-2.5248,-15.371175434409903,12.846375434409904,12.846375434409904,0.06430646021125899
83.646,50.65935633107563,32.98664366892437,32.98664366892437,0.16512473105189948
6.2208,31.380708199291252,-25.15990819929125,25.15990819929125,-0.12594561351545708
91.056,39.49828913405247,51.55771086594753,51.55771086594753,0.25808788629233664
20.0851,39.38856901868593,-19.303469018685927,19.303469018685927,-0.09662941650174635
7.4376,43.923815024313775,-36.48621502431378,36.48621502431378,-0.18264290551837287
8.0652,34.63169139762516,-26.56649139762516,26.56649139762516,-0.13298669579888484
37.7874,42.28111289224396,-4.493712892243963,4.493712892243963,-0.02249465390306663
9.7119,32.56056512313925,-22.84866512313925,22.84866512313925,-0.11437597960011886
291.3778,242.2845451675108,49.09325483248918,49.09325483248918,0.2457512980720138
42.3625,50.663966153907424,-8.301466153907427,8.301466153907427,-0.041555527132691415
0.4068,36.37058938743167,-35.963789387431675,35.963789387431675,-0.18002774425338966
0.416,-17.044549731846896,17.460549731846896,17.460549731846896,0.08740412051092279
-458.1468,86.06440014489755,-544.2112001448975,544.2112001448975,-2.7242155631618363
0.0,478.20388965583044,-478.20388965583044,478.20388965583044,-2.393795787771519
-0.7748,-16.78533512467077,16.01053512467077,16.01053512467077,0.08014562903072271
2.502,-13.480419324084046,15.982419324084045,15.982419324084045,0.08000488679405299
1.112,-16.842938370709906,17.954938370709904,17.954938370709904,0.08987893400958362
6.0412,-15.659050782787837,21.700250782787837,21.700250782787837,0.1086272404743703
8.3104,-13.369462634549823,21.67986263454982,21.67986263454982,0.10852518136437907
57.12,90.34922161046674,-33.229221610466745,33.229221610466745,-0.16633902911017823
50.396,109.7319769588455,-59.33597695884549,59.33597695884549,-0.2970243755432834
31.6128,41.4656669405024,-9.852866940502402,9.852866940502402,-0.049321538134336124
10.3473,88.17289897105053,-77.82559897105052,77.82559897105052,-0.3895798320080118
-191.619,-153.82903371607784,-37.789966283922155,37.789966283922155,-0.18916923109008352
3.6784,-11.022130358454913,14.700530358454913,14.700530358454913,0.07358799961958373
-123.998,69.59036320325774,-193.58836320325776,193.58836320325776,-0.9690657445949766
-16.818,-155.69955043363777,138.88155043363776,138.88155043363776,0.6952140658380913
-1.8848,-110.17821614344773,108.29341614344773,108.29341614344773,0.5420958068621029
-470.548,-134.0261177886851,-336.5218822113149,336.5218822113149,-1.6845631780832322
6.0416,-6.768130638464495,12.809730638464494,12.809730638464494,0.06412302348045155
89.997,86.01119628161408,3.985803718385924,3.985803718385924,0.019952159232379328
92.2368,57.714173007901415,34.52262699209859,34.52262699209859,0.17281356522626806
27.2952,8.258098736298207,19.037101263701793,19.037101263701793,0.09529603125818824
11.685,34.499274372644024,-22.81427437264402,22.81427437264402,-0.11420382618302093
12.2465,51.65402194520513,-39.40752194520513,39.40752194520513,-0.19726640054483632
37.764,-11.364587908752263,49.128587908752266,49.128587908752266,0.24592816858887315
180.7659,74.72008350406288,106.0458164959371,106.0458164959371,0.5308447595887736
3.7694,33.45363457521589,-29.684234575215886,29.684234575215886,-0.1485935125716247
44.4704,53.91235876931824,-9.44195876931824,9.44195876931824,-0.04726461164206214
9.3312,29.584997444929975,-20.253797444929972,20.253797444929972,-0.10138657601665495
-10.0372,-137.93978422378547,127.90258422378547,127.90258422378547,0.6402554934890765
30.735,48.216047335714,-17.481047335714003,17.481047335714003,-0.08750672753453317
12.8499,-26.07350634393753,38.92340634393753,38.92340634393753,0.19484301187699649
5.1948,32.64437940927486,-27.44957940927486,27.44957940927486,-0.13740726285876384
-47.175,-72.23034361089871,25.055343610898717,25.055343610898717,0.12542218349604786
2.772,-17.865255106086863,20.63725510608686,20.63725510608686,0.10330609058757723
250.396,337.0225834164447,-86.62658341644473,86.62658341644473,-0.4336358506840415
3.1536,-15.961608706311079,19.11520870631108,19.11520870631108,0.09568702194470542
313.2624,449.30509701488893,-136.04269701488892,136.04269701488892,-0.6810033170280123
4.8392,46.12043059418876,-41.28123059418876,41.28123059418876,-0.20664582210218957
0.2996,-14.06509227138131,14.36469227138131,14.36469227138131,0.07190685938714306
282.2092,209.623504663319,72.585695336681,72.585695336681,0.3633498921860877
15.6078,-30.628342142664685,46.23614214266468,46.23614214266468,0.23144914689751622
-2.7588,-136.65710237946027,133.89830237946026,133.89830237946026,0.6702688939991587
-26.726,-128.09697043866535,101.37097043866535,101.37097043866535,0.5074433882439452
32.4342,57.240666801135674,-24.806466801135677,24.806466801135677,-0.124176354526916
87.7578,147.60324797049347,-59.84544797049347,59.84544797049347,-0.2995746884705839
22.0158,-8.86337827222929,30.87917827222929,30.87917827222929,0.15457516861920206
25.875,16.65629980426027,9.218700195739729,9.218700195739729,0.04614702258731656
137.264,67.11216809630402,70.15183190369599,70.15183190369599,0.3511664445815862
14.2272,-6.860295832127118,21.087495832127118,21.087495832127118,0.10555990820970919
135.456,79.32898369938793,56.127016300612055,56.127016300612055,0.2809609417800569
-33.6414,-104.67199542177264,71.03059542177263,71.03059542177263,0.35556536406660566
10.8864,-23.893293922264995,34.779693922265,34.779693922265,0.17410039234733266
4.1965,-17.896866450499505,22.093366450499506,22.093366450499506,0.11059510115018467
41.7186,-3.845853778584763,45.56445377858476,45.56445377858476,0.22808680541219944
15.8436,8.53445343546831,7.309146564531691,7.309146564531691,0.036588168011291514
-1.041,-16.64420717187488,15.603207171874878,15.603207171874878,0.07810662441629733
0.9963,-14.15005705928904,15.14635705928904,15.14635705928904,0.07581972148889118
-7.5768,-135.4744357342192,127.89763573421921,127.89763573421921,0.6402307223114768
5.9696,-20.26155014131505,26.231150141315048,26.231150141315048,0.13130804260474435
74.975,83.03281888201171,-8.057818882011716,8.057818882011716,-0.040335876214365046
12.744,13.091810647939035,-0.3478106479390348,0.3478106479390348,-0.0017410725466448392
26.8752,49.20531264552733,-22.33011264552733,22.33011264552733,-0.11178020661813981
0.7392,-16.756533501651194,17.495733501651195,17.495733501651195,0.08758024362864998
4.2717,-18.484560441916486,22.756260441916485,22.756260441916485,0.11391341971412416
2.0748,27.52208119615331,-25.44728119615331,25.44728119615331,-0.12738414691990674
81.432,61.62241236983924,19.809587630160763,19.809587630160763,0.0991629479649329
659.98,317.16898415686154,342.8110158431385,342.8110158431385,1.7160453594754133
45.294,44.62123567511128,0.6727643248887176,0.6727643248887176,0.003367727536136587
8.2782,-4.397757063953922,12.675957063953922,12.675957063953922,0.06345337894993755
36.4776,63.983197190925765,-27.505597190925762,27.505597190925762,-0.1376876769931046
15.552,25.993575936207417,-10.441575936207418,10.441575936207418,-0.05226850101905068
19.2556,21.772118923931778,-2.516518923931777,2.516518923931777,-0.012597204937606798
35.6776,43.00936349344244,-7.331763493442445,7.331763493442445,-0.03670138396442367
11.151,15.00351837586296,-3.85251837586296,3.85251837586296,-0.019284958696363645
8.5845,4.118953303841664,4.465546696158336,4.465546696158336,0.022353659396317956
-43.0296,23.82393916923155,-66.85353916923155,66.85353916923155,-0.33465583179614683
24.4608,34.413659985069685,-9.952859985069686,9.952859985069686,-0.04982208389330912
764.3818,543.4541165759556,220.9276834240444,220.9276834240444,1.105921071372342
-14.6388,48.278137204140904,-62.91693720414091,62.91693720414091,-0.3149499669840701
0.5668,-17.01574810882732,17.58254810882732,17.58254810882732,0.08801482068975423
3.9004,-28.442439837297123,32.34283983729712,32.34283983729712,0.16190197411989365
5.6112,-17.719877350746913,23.331077350746913,23.331077350746913,0.11679084151027151
0.1533,-14.36606923193581,14.51936923193581,14.51936923193581,0.07268114220802759
2.3616,-31.63790947040948,33.99950947040948,33.99950947040948,0.1701949405203291
3.363,34.02786693416855,-30.66486693416855,30.66486693416855,-0.1535023676875938
4.504,-9.535966610645122,14.039966610645122,14.039966610645122,0.07028134580252739
-24.9984,-154.90534567887315,129.90694567887314,129.90694567887314,0.6502889376164626
2.2724,30.621065392150108,-28.348665392150107,28.348665392150107,-0.1419079126552349
20.585,28.21670121303044,-7.631701213030439,7.631701213030439,-0.03820281393033274
5.397,-15.427127276571422,20.824127276571424,20.824127276571424,0.1042415363759409
13.8579,7.903486568613097,5.954413431386904,5.954413431386904,0.02980663708311253
-4.5824,-163.12662808799152,158.5442280879915,158.5442280879915,0.7936416109991669
-164.836,-155.57319112838277,-9.262808871617239,9.262808871617239,-0.04636782205131873
68.976,51.95305792250315,17.02294207749685,17.02294207749685,0.08521354159188965
3.1104,33.17641895365253,-30.06601895365253,30.06601895365253,-0.15050465101425922
2.5216,24.541903695112232,-22.020303695112233,22.020303695112233,-0.11022936318804699
3.363,34.02786693416855,-30.66486693416855,30.66486693416855,-0.1535023676875938
88.725,84.04684733502721,4.678152664972785,4.678152664972785,0.023417923580721388
8.7906,29.31498222912151,-20.524382229121514,20.524382229121514,-0.10274107088933143
23.31,32.44794921398406,-9.137949213984061,9.137949213984061,-0.04574279885729995
149.76,62.22917962076334,87.53082037923664,87.53082037923664,0.43816228528547574
3.157,30.433854842522905,-27.276854842522905,27.276854842522905,-0.13654263722672835
11.7208,27.429266402824076,-15.708466402824076,15.708466402824076,-0.07863353168142143
184.26,109.8062989231547,74.45370107684529,74.45370107684529,0.37270076608959485
-38.2116,49.1188204323437,-87.3304204323437,87.3304204323437,-0.4371591220759769
15.552,25.993575936207417,-10.441575936207418,10.441575936207418,-0.05226850101905068
16.5888,37.14542348756697,-20.556623487566974,20.556623487566974,-0.10290246436673443
19.8072,27.442438455909524,-7.635238455909523,7.635238455909523,-0.0382205206811297
22.2,-15.873552433374751,38.07355243337475,38.07355243337475,0.19058880827193903
6.5904,-14.67410571642744,21.26450571642744,21.26450571642744,0.1064459853090339
-10.9188,18.704095200951663,-29.62289520095166,29.62289520095166,-0.14828645957830022
13.188,25.81356579233511,-12.625565792335108,12.625565792335108,-0.06320113003195325
3.792,33.716449385269456,-29.924449385269455,29.924449385269455,-0.14979598125267293
58.66,43.0624899827242,15.597510017275795,15.597510017275795,0.07807810556696011
10.449,24.53549377084171,-14.086493770841711,14.086493770841711,-0.07051425172927701
3.1104,33.17641895365253,-30.06601895365253,30.06601895365253,-0.15050465101425922
7.3008,-11.80265434228524,19.10345434228524,19.10345434228524,0.09562818188149881
-17.592,-135.54636935085924,117.95436935085924,117.95436935085924,0.5904566621249151
-112.041,-5.993164743984124,-106.04783525601587,106.04783525601587,-0.5308548651096144
-44.94,-131.70200227741333,86.76200227741333,86.76200227741333,0.43431373119899247
2.8,-16.20354233967546,19.003542339675462,19.003542339675462,0.09512804180282394
41.0388,59.66469248599288,-18.62589248599288,18.62589248599288,-0.0932375999880396
24.3824,29.91217762983761,-5.529777629837611,5.529777629837611,-0.027680992739614482
9.2386,1.3625675399599793,7.876032460040021,7.876032460040021,0.03942588869522736
91.3248,56.34047647168571,34.984323528314285,34.984323528314285,0.17512472840902107
3.968,-11.929381483571351,15.897381483571351,15.897381483571351,0.07957920388175593
-13.58,-156.74000906521974,143.16000906521973,143.16000906521973,0.7166311987221562
-169.637,114.55081265398809,-284.1878126539881,284.1878126539881,-1.42258899097774
27.9108,46.38389500390893,-18.473095003908934,18.473095003908934,-0.09247272547131852
84.5982,117.72112453902079,-33.12292453902079,33.12292453902079,-0.1658069266171121
60.4768,85.2963982254072,-24.819598225407205,24.819598225407205,-0.12424208788623946
7.3872,28.04850129774482,-20.66130129774482,20.66130129774482,-0.1034264611524093
9.6632,32.748785292720804,-23.085585292720804,23.085585292720804,-0.11556195595089806
31.47,-11.423701676851262,42.893701676851265,42.893701676851265,0.21471753914397046
33.8517,141.8915170179524,-108.0398170179524,108.0398170179524,-0.5408263388976533
21.294,15.75033058618217,5.543669413817831,5.543669413817831,0.02775053231195133
-8.4728,-153.8584771230207,145.38567712302068,145.38567712302068,0.7277724607172772
33.7266,40.89323468298846,-7.166634682988459,7.166634682988459,-0.0358747812130555
4.461,37.36345490012245,-32.90245490012245,32.90245490012245,-0.16470329842766726
23.5872,32.9247569567757,-9.337556956775703,9.337556956775703,-0.04674199644694128
17.55,-19.382959757400414,36.93295975740041,36.93295975740041,0.18487922287882252
8.048,-3.091673900925329,11.13967390092533,11.13967390092533,0.05576304383549729
-14.5764,-3.0196698433764055,-11.556730156623594,11.556730156623594,-0.0578507464446768
5.6376,-17.806282219805624,23.443882219805623,23.443882219805623,0.11735552077414617
69.965,7.847605167360459,62.11739483263955,62.11739483263955,0.31094761317130143
3.405,-18.644409449675095,22.049409449675096,22.049409449675096,0.11037506094203774
-20.1362,-2.381643452584054,-17.754556547415945,17.754556547415945,-0.08887586152330108
0.0,-3.4412268314789216,3.4412268314789216,3.4412268314789216,0.0172261131123155
14.9925,36.88080857607468,-21.888308576074678,21.888308576074678,-0.10956862126019294
6.4128,31.452712256840176,-25.039912256840175,25.039912256840175,-0.12534493713493705
4.1328,-18.480240198463548,22.613040198463548,22.613040198463548,0.11319648699375671
2.436,34.93331795784627,-32.49731795784627,32.49731795784627,-0.16267526158633303
21.714,34.12103393204219,-12.40703393204219,12.40703393204219,-0.062107201985823056
22.0748,42.75014888626632,-20.675348886266317,20.675348886266317,-0.10349678065201712
6.2292,-26.399035124967547,32.628235124967546,32.628235124967546,0.16333060749626999
5.7624,31.16469602664448,-25.402296026644482,25.402296026644482,-0.12715895989903178
9.8856,33.990855285439736,-24.105255285439736,24.105255285439736,-0.12066622587903338
35.8644,50.91619949379864,-15.05179949379864,15.05179949379864,-0.07534638468241779
48.906,40.16937476615179,8.736625233848208,8.736625233848208,0.04373384896383019
297.6435,188.4457495136818,109.19775048631823,109.19775048631823,0.5466227289292959
-47.0583,21.9338326585723,-68.9921326585723,68.9921326585723,-0.34536121541446907
108.7408,23.472485655476913,85.26831434452308,85.26831434452308,0.42683661953314794
-11.52,-165.2218757217563,153.7018757217563,153.7018757217563,0.7694017356072248
-35.5136,-13.020787529605503,-22.492812470394494,22.492812470394494,-0.11259465033945393
0.8058,-12.747418018236004,13.553218018236004,13.553218018236004,0.06784477689245169
78.435,15.304204485309247,63.13079551469075,63.13079551469075,0.3160205001479525
12.8058,32.37785028337251,-19.572050283372512,19.572050283372512,-0.09797388214493429
11.1132,33.1304067977301,-22.017206797730104,22.017206797730104,-0.11021386072127735
48.5392,42.11809414280452,6.421105857195478,6.421105857195478,0.03214280871879177
5.8744,38.22987503516264,-32.35547503516264,32.35547503516264,-0.1619652234662131
58.179,45.7046866902253,12.4743133097747,12.4743133097747,0.06244398948275431
9.1954,36.244582286721055,-27.049182286721056,27.049182286721056,-0.13540295263432178
8.673,19.440987560785373,-10.767987560785373,10.767987560785373,-0.05390245421118537
45.487,51.65402194520513,-6.1670219452051285,6.1670219452051285,-0.030870914007310533
38.6848,-3.67181528204301,42.35661528204301,42.35661528204301,0.2120289889724386
-199.5076,43.151334193686196,-242.6589341936862,242.6589341936862,-1.2147034917596264
9.1938,19.251976909719446,-10.058176909719446,10.058176909719446,-0.050349279961892104
-173.3472,121.10923179492295,-294.45643179492293,294.45643179492293,-1.473991703873888
18.144,-32.00930952554417,50.15330952554417,50.15330952554417,0.25105772596591647
-6.21,9.20387984794666,-15.41387984794666,15.41387984794666,-0.07715888860667101
49.9704,45.224278744556216,4.746121255443782,4.746121255443782,0.023758161142752386
46.225,0.0969475309765393,46.12805246902346,46.12805246902346,0.23090807098604638
26.07,44.85705805105671,-18.78705805105671,18.78705805105671,-0.0940443635027849
63.107,83.64586299113193,-20.538862991131936,20.538862991131936,-0.10281355877128744
2.6784,35.17690299508827,-32.49850299508827,32.49850299508827,-0.162681193652591
87.9912,65.04620530629056,22.944994693709447,22.944994693709447,0.11485818671983665
4.95,34.186056722306205,-29.236056722306206,29.236056722306206,-0.14635002129170263
8.771,23.38342885005893,-14.61242885005893,14.61242885005893,-0.07314698058093391
17.4064,36.33458735865721,-18.92818735865721,18.92818735865721,-0.0947508294044076
129.294,408.0651063051842,-278.77110630518416,278.77110630518416,-1.3954740111086004
-12.288,-148.82723600212273,136.53923600212272,136.53923600212272,0.6834888947529448
0.9576,-15.673592476115385,16.631192476115384,16.631192476115384,0.08325251917878664
0.1744,29.83262096198939,-29.658220961989393,29.658220961989393,-0.14846329347656234
-10.9116,-18.268336946543073,7.356736946543073,7.356736946543073,0.03682639621993129
-30.392,28.17852997505682,-58.570529975056814,58.570529975056814,-0.2931926966188931
6.465,52.32308833739573,-45.85808833739573,45.85808833739573,-0.22955668297955198
112.422,54.70914629126262,57.71285370873738,57.71285370873738,0.2888993358202916
-1.3608,-22.4792751138219,21.118475113821898,21.118475113821898,0.1057149844766181
2.14,-16.410914025416364,18.550914025416365,18.550914025416365,0.09286227237782123
-6.723,-118.12005236836737,111.39705236836737,111.39705236836737,0.5576320069698327
-13.6832,-156.17837741633812,142.49517741633812,142.49517741633812,0.7133031806213094
16.5242,-36.09762947226318,52.62182947226318,52.62182947226318,0.2634146573466688
4.4604,-13.055524943636517,17.515924943636517,17.515924943636517,0.08768131806534744
51.36,1.086212840789873,50.27378715921013,50.27378715921013,0.25166081359909703
4.9616,-8.712240192285432,13.673840192285432,13.673840192285432,0.06844858806671708
3.4398,-18.700572614563256,22.140372614563255,22.140372614563255,0.11083040487725407
27.4352,-8.372240158836753,35.807440158836755,35.807440158836755,0.17924509038350747
-71.99,13.418557828191332,-85.40855782819133,85.40855782819133,-0.42753865117222367
-1.4982,-131.0421868434691,129.5439868434691,129.5439868434691,0.6484720361856734
-12.5103,-55.01366800510919,42.50336800510919,42.50336800510919,0.2127636045996194
-13.7568,-3.5773145002463878,-10.179485499753612,10.179485499753612,-0.05095652720125121
14.7,29.423778796929266,-14.723778796929267,14.723778796929267,-0.07370437678693013
50.5632,66.97231384572427,-16.40911384572427,16.40911384572427,-0.08214083669045112
-127.5792,70.87625064558289,-198.45545064558289,198.45545064558289,-0.9934294389734117
21.2856,19.094358464596183,2.1912415354038153,2.1912415354038153,0.010968929510830247
0.666,32.409575740756495,-31.743575740756494,31.743575740756494,-0.15890217445056412
125.997,275.8796883491095,-149.88268834910946,149.88268834910946,-0.7502836254389197
-93.4724,15.076776688953293,-108.54917668895328,108.54917668895328,-0.5433760944753007
77.7468,259.2984530949255,-181.55165309492548,181.55165309492548,-0.9088123117408649
-67.137,-96.89325620294464,29.75625620294464,29.75625620294464,0.1489540388509271
22.2384,22.38775234424572,-0.1493523442457203,0.1493523442457203,-0.0007476288258686442
-29.0073,-24.713996024497966,-4.293303975502035,4.293303975502035,-0.021491445792246044
-6.237,-160.03844450062704,153.80144450062704,153.80144450062704,0.7699001575745281
-39.804,-156.05734015874705,116.25334015874705,116.25334015874705,0.5819416403882973
-19.8144,-158.45075503167328,138.63635503167328,138.63635503167328,0.6939866652813415
11.891,24.71550391471402,-12.82450391471402,12.82450391471402,-0.06419697563187206
9.594,43.355773451161646,-33.761773451161645,33.761773451161645,-0.16900488018458693
3.6,30.397852813748443,-26.79785281374844,26.79785281374844,-0.13414484610955538
22.6782,33.82494728622565,-11.14674728622565,11.14674728622565,-0.05579845182841299
-2.918,-15.163662866851247,12.245662866851248,12.245662866851248,0.06129940977735671
3.0498,29.31498222912151,-26.26518222912151,26.26518222912151,-0.13147840062608712
144.3546,92.71455490094888,51.64004509905112,51.64004509905112,0.25850003547107847
3.1248,-16.03649292616196,19.16129292616196,19.16129292616196,0.09591771059811885
241.1046,499.4354456133754,-258.3308456133754,258.3308456133754,-1.293154036295725
-14.5176,46.12043059418876,-60.63803059418876,60.63803059418876,-0.3035422031376607
11.9196,-9.46972287770011,21.38932287770011,21.38932287770011,0.10707079577452626
-11.6928,-6.573649242173516,-5.119150757826484,5.119150757826484,-0.025625474376362613
1.05,-14.141416572383172,15.191416572383172,15.191416572383172,0.07604528065931408
0.9952,-12.88998605218287,13.88518605218287,13.88518605218287,0.06950654439063898
-29.0536,-133.47481261517672,104.42121261517671,104.42121261517671,0.5227123081163265
23.7742,-5.8378382149324,29.6120382149324,29.6120382149324,0.1482321116150925
16.2342,-6.619872720822592,22.854072720822593,22.854072720822593,0.11440304898377793
269.308,209.57793078433653,59.73006921566346,59.73006921566346,0.2989971248344763
1.6704,30.084635163410624,-28.414235163410623,28.414235163410623,-0.14223614219423245
8.991,32.64437940927486,-23.653379409274862,23.653379409274862,-0.11840422301298067
10.0744,35.52454171123181,-25.45014171123181,25.45014171123181,-0.1273984661027781
3.3312,-17.607551020970597,20.938751020970596,20.938751020970596,0.10481532057648099
9.936,32.77398671286293,-22.83798671286293,22.83798671286293,-0.11432252555239468
41.013,35.22809631685689,5.784903683143106,5.784903683143106,0.028958104208099213
71.928,41.316391587162805,30.611608412837192,30.611608412837192,0.15323576587446822
21.0128,37.270640106793216,-16.257840106793218,16.257840106793218,-0.08138358973598944
53.2608,49.021702298777576,4.239097701222427,4.239097701222427,0.021220099711948156
5.97,28.234921365887654,-22.264921365887655,22.264921365887655,-0.11145387173467995
2799.984,1595.2410056502586,1204.7429943497414,1204.7429943497414,6.0307094266783245
18.2,17.827087051735127,0.3729129482648723,0.3729129482648723,0.0018667297863352416
7.1022,17.60128389041037,-10.499083890410372,10.499083890410372,-0.05255637466774364
0.1188,27.154860502653797,-27.036060502653797,27.036060502653797,-0.13533726753198844
20.4984,-24.48358631234841,44.98198631234841,44.98198631234841,0.22517108641168268
161.9919,65.79474883794781,96.19715116205218,96.19715116205218,0.48154425388106625
-10.336,-153.66118600533662,143.3251860053366,143.3251860053366,0.7174580424012684
-6.21,9.20387984794666,-15.41387984794666,15.41387984794666,-0.07715888860667101
15.4752,36.79980401133214,-21.32460401133214,21.32460401133214,-0.10674682570014546
177.5889,112.48506900244465,65.10383099755535,65.10383099755535,0.3258971325429844
5.3998,32.39956561360852,-26.999765613608524,26.999765613608524,-0.13515558236715897
16.7508,-20.558065976598847,37.30886597659885,37.30886597659885,0.1867609363980538
45.9754,46.65636900829543,-0.6809690082954276,0.6809690082954276,-0.003408798587635387
1.1988,-14.766341350998946,15.965141350998946,15.965141350998946,0.07991839661677294
-20.7846,12.651434123389132,-33.436034123389135,33.436034123389135,-0.16737429237967685
6.2208,31.380708199291252,-25.15990819929125,25.15990819929125,-0.12594561351545708
-110.0232,19.103963627664612,-129.12716362766463,129.12716362766463,-0.6463855001289377
-14.1696,-176.85888973917787,162.68928973917787,162.68928973917787,0.8143909845097095
8.388,-21.4970693279457,29.8850693279457,29.8850693279457,0.14959885233468848
49.3938,5.739044598692448,43.654755401307554,43.654755401307554,0.21852722626546686
61.3305,33.93136586556631,27.399134134433687,27.399134134433687,0.13715474361113772
31.4975,54.68943124783223,-23.191931247832233,23.191931247832233,-0.11609430314609862
10.35,33.18801004376924,-22.838010043769238,22.838010043769238,-0.11432264234237999
8.9544,-13.038243969824773,21.992643969824773,21.992643969824773,0.11009090397573969
-77.4732,-97.74455548589957,20.271355485899562,20.271355485899562,0.10147446815936581
7.2576,-19.83528612062542,27.09288612062542,27.09288612062542,0.1356217255380408
8.2344,29.23937796869514,-21.00497796869514,21.00497796869514,-0.10514683981321091
10.0128,5.863174613041474,4.149625386958526,4.149625386958526,0.020772218685381764
0.9828,29.70301365840133,-28.720213658401327,28.720213658401327,-0.14376781110847855
-17.4432,-117.41434216347903,99.97114216347903,99.97114216347903,0.500436119793753
1.5588,34.34828499026126,-32.789484990261265,32.789484990261265,-0.16413779300159206
45.555,58.8870486644645,-13.332048664464502,13.332048664464502,-0.06673764606626077
18.1764,80.61787323272969,-62.44147323272969,62.44147323272969,-0.3125698866948436
8.9362,-43.29062349867402,52.22682349867402,52.22682349867402,0.26143733416679493
0.2598,34.34828499026126,-34.088484990261264,34.088484990261264,-0.17064033469056322
27.93,24.29226093814411,3.637739061855889,3.637739061855889,0.018209815168065257
-7.396,-56.3468935715364,48.9508935715364,48.9508935715364,0.2450386652511978
7.6896,-20.26428942179924,27.95388942179924,27.95388942179924,0.13993174082689727
-3.462,-136.399507863579,132.93750786357901,132.93750786357901,0.6654593432724052
43.9956,11.155119366613611,32.84048063338639,32.84048063338639,0.164393067285947
3.389,-7.882753449321836,11.271753449321835,11.271753449321835,0.056424208400323125
-36.2136,25.815145483574497,-62.0287454835745,62.0287454835745,-0.310503851748672
16.68,29.128562160978678,-12.448562160978678,12.448562160978678,-0.062315084233651126
6.3296,31.5247163143891,-25.1951163143891,25.1951163143891,-0.12612185850099508
24.843,103.67673438583257,-78.83373438583257,78.83373438583257,-0.3946263620794117
35.0973,96.28415605393678,-61.186856053936786,61.186856053936786,-0.3062895167881459
4.8118,30.8154763475322,-26.0036763475322,26.0036763475322,-0.1301693529763984
3.384,36.238172362450534,-32.854172362450534,32.854172362450534,-0.16446160542223157
-12.208,-137.00013127277202,124.79213127277202,124.79213127277202,0.6246851701745667
9.072,-21.86429002144521,30.93629002144521,30.93629002144521,0.15486105894268673
1.002,-19.162838664027348,20.164838664027346,20.164838664027346,0.10094126563834904
59.998,68.75836540575263,-8.76036540575263,8.76036540575263,-0.04385268765321575
9.6375,-20.978640113593446,30.616140113593445,30.616140113593445,0.15325845068823996
1.6784,-11.601042981148257,13.279442981148257,13.279442981148257,0.06647431223343499
0.0,20.27658101743159,-20.27658101743159,20.27658101743159,-0.10150062615523497
83.9916,65.04620530629056,18.945394693709446,18.945394693709446,0.0948369659814155
8.7032,35.653358533335506,-26.950158533335504,26.950158533335504,-0.13490725895873446
11.1776,30.309428704781027,-19.13182870478103,19.13182870478103,-0.0957702184288636
15.9446,34.90530681631107,-18.960706816311067,18.960706816311067,-0.09491361549301186
17.55,33.10599585907235,-15.55599585907235,15.55599585907235,-0.07787029375448865
6.048,25.391551574189535,-19.343551574189533,19.343551574189533,-0.09683006198916952
4.004,-19.13252651894792,23.136526518947917,23.136526518947917,0.11581695783483117
2.0358,-19.478216436091635,21.514016436091637,21.514016436091637,0.1076949875080036
3.4276,-20.97007006759646,24.397670067596458,24.397670067596458,0.12212999748137789
134.9955,108.99718336730209,25.998316632697907,25.998316632697907,0.13014252328498116
23.992,54.462751532627536,-30.470751532627535,30.470751532627535,-0.15253066369144921
158.529,204.48241495432583,-45.95341495432584,45.95341495432584,-0.230033869508156
89.5888,48.17995796281462,41.40884203718539,41.40884203718539,0.20728462019924523
-33.8418,-11.30389317768453,-22.53790682231547,22.53790682231547,-0.11282038390627709
39.6879,61.04248103971884,-21.354581039718838,21.354581039718838,-0.1068968848816666
14.742,-30.213598771182888,44.95559877118289,44.95559877118289,0.22503899550598733
35.985,31.21552024065266,4.769479759347341,4.769479759347341,0.02387508927625884
14.8365,3.1339377965723827,11.702562203427616,11.702562203427616,0.058580753345316636
-0.7566,-110.60736032643932,109.85076032643931,109.85076032643931,0.5498915693516945
378.274,282.0580055945676,96.21599440543241,96.21599440543241,0.48163857949741373
-3.5508,-136.46269142407817,132.91189142407816,132.91189142407816,0.6653311123518685
-8.2764,10.23662935592487,-18.51302935592487,18.51302935592487,-0.0926726290808687
6.7176,-8.513438552541523,15.231038552541524,15.231038552541524,0.07624362059601868
5.5216,-20.826061952498613,26.347661952498612,26.347661952498612,0.1318912781008788
10.8864,-23.893293922264995,34.779693922265,34.779693922265,0.17410039234733266
314.8418,141.9292408915134,172.9125591084866,172.9125591084866,0.8655666852576016
77.8232,-10.201949333550465,88.02514933355046,88.02514933355046,0.4406368000148761
89.997,68.75836540575263,21.238634594247372,21.238634594247372,0.1063164794964732
3.21,-18.756735779451418,21.96673577945142,21.96673577945142,0.10996121260700333
-199.77,106.58157903088075,-306.35157903088077,306.35157903088077,-1.533536500485332
11.5432,33.46882586821004,-21.92562586821004,21.92562586821004,-0.10975542437630512
0.1134,27.106257763808276,-26.992857763808278,26.992857763808278,-0.1351210030128039
0.896,-20.987351041408196,21.883351041408197,21.883351041408197,0.10954380480457838
26.598,50.42499093949722,-23.82699093949722,23.82699093949722,-0.1192732886118698
97.2032,138.40753934001154,-41.20433934001154,41.20433934001154,-0.2062609194187372
7.79,34.656892817767286,-26.866892817767287,26.866892817767287,-0.13449044695970108
1.2006,32.47977969686669,-31.27917969686669,31.27917969686669,-0.1565774980567329
-5.9409,-112.12873562153919,106.1878356215392,106.1878356215392,0.5315556797464787
3.6288,-15.777278318985832,19.406078318985834,19.406078318985834,0.0971430587287489
-3.6372,-13.902292660411863,10.265092660411863,10.265092660411863,0.051385060019615125
-13.392,-14.476673716925628,1.0846737169256286,1.0846737169256286,0.005429665945527488
6.0368,-14.538808529144344,20.575608529144343,20.575608529144343,0.10299749979731465
-8.1312,-147.18705401206714,139.05585401206713,139.05585401206713,0.6960865956958849
244.6155,251.9153070031494,-7.299807003149397,7.299807003149397,-0.03654141598107976
43.706,50.42095245967981,-6.714952459679807,6.714952459679807,-0.03361374773558692
-10.3936,-8.288856333897765,-2.104743666102234,2.104743666102234,-0.010535937978004449
0.4768,-16.78533512467077,17.26213512467077,17.26213512467077,0.08641089552642427
3.9102,27.52208119615331,-23.61188119615331,23.61188119615331,-0.11819649101849207
7.008,-14.279593921968218,21.287593921968217,21.287593921968217,0.10656156038143763
3.3534,-18.506161659181167,21.859561659181168,21.859561659181168,0.10942471977787621
38.3952,13.951827402722694,24.44337259727731,24.44337259727731,0.12235877546793769
31.198,66.28732703249133,-35.08932703249133,35.08932703249133,-0.17565035555559483
5.346,31.18629724390916,-25.84029724390916,25.84029724390916,-0.12935150891757194
16.6568,38.38951272019461,-21.73271272019461,21.73271272019461,-0.1087897386277901
25.176,-11.482815444950262,36.658815444950264,36.658815444950264,0.1835069096990678
1.512,-19.828156155779403,21.340156155779404,21.340156155779404,0.1068246767144805
7.0218,28.774951797504585,-21.753151797504586,21.753151797504586,-0.10889205267882338
11.3512,36.34538796728955,-24.994187967289548,24.994187967289548,-0.1251160502226957
2.5592,-13.365212832005767,15.924412832005768,15.924412832005768,0.07971451756158957
59.493,53.220241991239284,6.272758008760718,6.272758008760718,0.03140020820384473
-5.264,-12.22891836297487,6.96491836297487,6.96491836297487,0.03486502849540021
-6.21,9.20387984794666,-15.41387984794666,15.41387984794666,-0.07715888860667101
13.572,6.044482684517645,7.5275173154823545,7.5275173154823545,0.03768128957534743
7.6494,33.22041186966626,-25.571011869666258,25.571011869666258,-0.12800351863870768
21.0752,39.30115452967287,-18.225954529672872,18.225954529672872,-0.09123558826057789
4.0456,25.924381600051568,-21.878781600051568,21.878781600051568,-0.10952093106869171
-44.196,46.002203057990755,-90.19820305799075,90.19820305799075,-0.45151468487672913
6.7008,31.56071834316356,-24.85991834316356,24.85991834316356,-0.12444392256415703
29.0325,35.09308870895266,-6.060588708952665,6.060588708952665,-0.030338129899670996
10.3168,36.19057924355936,-25.873779243559362,25.873779243559362,-0.12951911330445073
177.5889,112.48506900244465,65.10383099755535,65.10383099755535,0.3258971325429844
3.4686,30.376251596483765,-26.907651596483767,26.907651596483767,-0.1346944774891818
4.455,-18.03957536626414,22.494575366264137,22.494575366264137,0.1126034750537616
40.1702,43.80500832935805,-3.6348083293580515,3.6348083293580515,-0.018195144490431376
13.8684,-13.473078036511389,27.34147803651139,27.34147803651139,0.1368661283837604
-14.9877,39.4905082978105,-54.4782082978105,54.4782082978105,-0.27270732917395496
16.9312,34.84568433036323,-17.914484330363226,17.914484330363226,-0.08967642894119132
-19.864,-114.41184340459779,94.54784340459778,94.54784340459778,0.47328813960024196
2.3364,-13.90517282271382,16.24157282271382,16.24157282271382,0.08130215887156095
3.9808,-16.402132656692736,20.382932656692734,20.382932656692734,0.10203300180418495
-100.92,-124.42088153715727,23.50088153715727,23.50088153715727,0.11764084828555647
-1.3995,-6.376217242671707,4.9767172426717075,4.9767172426717075,0.024912479865045724
5.1012,-17.780360759088012,22.88156075908801,22.88156075908801,0.1145406487642005
18.9702,38.73311295652074,-19.762912956520744,19.762912956520744,-0.09892930361453771
16.2,36.362160223252445,-20.162160223252446,20.162160223252446,-0.10092785788407634
2.0574,-16.546281653608343,18.603681653608344,18.603681653608344,0.0931264168752396
-120.294,22.28153727188836,-142.57553727188835,142.57553727188835,-0.7137054464495118
2.3892,24.426697203033957,-22.037497203033958,22.037497203033958,-0.11031543054912527
-78.078,-64.62445325851425,-13.453546741485752,13.453546741485752,-0.06734584184067224
-913.176,100.3505847104406,-1013.5265847104406,1013.5265847104406,-5.073517220908547
0.711,-18.89930381339829,19.61030381339829,19.61030381339829,0.09816537188607587
-89.0664,-64.10299518429893,-24.963404815701068,24.963404815701068,-0.12496195574500361
45.487,51.65402194520513,-6.1670219452051285,6.1670219452051285,-0.030870914007310533
214.76,168.8496261132722,45.9103738867278,45.9103738867278,0.22981841428383415
39.0824,39.362710183133856,-0.2803101831338566,0.2803101831338566,-0.0014031783307706265
143.982,92.15630431647475,51.825695683525254,51.825695683525254,0.25942936623714846
5.8233,28.315925930630193,-22.492625930630194,22.492625930630194,-0.11259371655762636
-1141.47,-29.620234342745615,-1111.8497656572545,1111.8497656572545,-5.565703966943122
-45.24,-134.00534163749452,88.76534163749452,88.76534163749452,0.4443420589173025
11.814,-38.63217229798529,50.44617229798529,50.44617229798529,0.2525237401206094
1.638,-13.77419587888366,15.41219587888366,15.41219587888366,0.07715045898462707
-29.2446,-142.00438195983946,112.75978195983947,112.75978195983947,0.5644535666152076
1.4136,-13.833239206073777,15.246839206073778,15.246839206073778,0.07632271559856407
19.4352,14.379531504563305,5.055668495436693,5.055668495436693,0.025307694501305017
10.9602,-0.10631523403806398,11.066515234038064,11.066515234038064,0.05539682575902
26.4285,100.33379604483333,-73.90529604483334,73.90529604483334,-0.3699555570186947
-20.0904,-132.40274263918212,112.31234263918212,112.31234263918212,0.562213772284292
2.679,21.187305094816757,-18.50830509481676,18.50830509481676,-0.09264898034737748
5.5341,28.63994418960035,-23.10584418960035,23.10584418960035,-0.11566336805369393
2.19,30.36185078497398,-28.17185078497398,28.17185078497398,-0.1410228130752643
75.9924,65.04620530629056,10.946194693709444,10.946194693709444,0.05479452450457321
60.8832,49.21769421712841,11.665505782871591,11.665505782871591,0.058395256101660284
20.06,50.28897371163863,-30.228973711638634,30.228973711638634,-0.15132037088124986
24.47,40.81964966247079,-16.34964966247079,16.34964966247079,-0.08184317053909901
9.7438,33.12680659485265,-23.383006594852652,23.383006594852652,-0.11705078921979754
-1.3376,-154.60515919980304,153.26755919980303,153.26755919980303,0.7672276314577174
11.223,-23.919215382982614,35.14221538298261,35.14221538298261,0.17591510436539504
-81.441,103.78279040142677,-185.22379040142675,185.22379040142675,-0.9271943178402882
-15.9268,-112.99631407409484,97.06951407409484,97.06951407409484,0.4859111331755002
69.6546,81.96131116155883,-12.306711161558823,12.306711161558823,-0.06160500568295841
41.5688,-9.430488482079292,50.999288482079294,50.999288482079294,0.2552925323037625
39.564,37.11820282751614,2.445797172483857,2.445797172483857,0.012243185586485046
13.365,29.07174939642391,-15.70674939642391,15.70674939642391,-0.07862493668088463
1.652,-23.556385373844915,25.208385373844916,25.208385373844916,0.12618828083531755
19.376,-13.602614899190577,32.978614899190575,32.978614899190575,0.1650845405900787
3.757,-12.600529740836201,16.357529740836203,16.357529740836203,0.08188261668081068
7.704,26.205197424492372,-18.50119742449237,18.50119742449237,-0.09261340073029066
-18.2352,12.21940977809559,-30.454609778095588,30.454609778095588,-0.15244986120355303
-25.109,3.6263751092981416,-28.735375109298143,28.735375109298143,-0.14384370638678637
6.1992,-14.33719716800736,20.536397168007362,20.536397168007362,0.10280121533967453
-8.5794,64.1550318936786,-72.73443189367859,72.73443189367859,-0.3640944385005996
-8.1822,-11.541929213049258,3.359729213049258,3.359729213049258,0.0168181518641317
3.504,-24.446285084240735,27.950285084240736,27.950285084240736,0.13991369821316726
-3.6537,-106.6796094280544,103.0259094280544,103.0259094280544,0.5157276913780531
-81.3065,43.26229542695677,-124.56879542695677,124.56879542695677,-0.623567194310013
-13.3424,-173.94135576820435,160.59895576820435,160.59895576820435,0.8039271786666549
33.9065,2.192265605650224,31.714234394349777,31.714234394349777,0.15875529736956318
694.5015,393.07724258790574,301.4242574120942,301.4242574120942,1.5088712855191053
11.803,27.487660130347585,-15.684660130347584,15.684660130347584,-0.07851436210541113
16.2486,34.68828502370995,-18.439685023709952,18.439685023709952,-0.09230548159982385
1.3416,29.97662907708724,-28.63502907708724,28.63502907708724,-0.14334139364023188
4.4541,18.05490945296859,-13.60080945296859,13.60080945296859,-0.06808301037080934
25.0536,34.54484825162649,-9.49124825162649,9.49124825162649,-0.047511345216763604
11.586,70.75972727279766,-59.17372727279766,59.17372727279766,-0.2962121851294663
8.95,23.38342885005893,-14.433428850058931,14.433428850058931,-0.07225094134896637
5.616,31.294303330232545,-25.678303330232545,25.678303330232545,-0.12854059885056518
1.1022,-19.162838664027348,20.265038664027347,20.265038664027347,0.10144284737602026
-56.3108,-17.55110736417627,-38.759692635823725,38.759692635823725,-0.19402349285308113
-49.4376,-19.838676272505584,-29.59892372749442,29.59892372749442,-0.14816646303826805
48.993,23.865486927876276,25.127513072123726,25.127513072123726,0.12578344980111808
162.0,101.16581201728384,60.83418798271616,60.83418798271616,0.3045241289240342
9.5256,29.584997444929975,-20.059397444929974,20.059397444929974,-0.10041344737590362
11.2839,39.4843253277533,-28.200425327753297,28.200425327753297,-0.14116585168624643
26.9973,22.592314308593544,4.404985691406456,4.404985691406456,0.02205050276958579
9.3504,-17.957420299749487,27.307820299749487,27.307820299749487,0.13669764429103468
-28.224,-42.56099671321945,14.336996713219452,14.336996713219452,0.07176822080242651
223.9936,367.79451921418837,-143.80091921418838,143.80091921418838,-0.7198394704408271
6.7032,-21.626465308807116,28.329665308807115,28.329665308807115,0.1418128019284976
17.847,11.019681297512754,6.827318702487247,6.827318702487247,0.03417623132164421
29.692,-10.084426206441279,39.77642620644128,39.77642620644128,0.19911306362253234
0.444,-17.004227459619496,17.448227459619496,17.448227459619496,0.08734243760956673
11.5136,-14.691034485694782,26.204634485694783,26.204634485694783,0.13117531038297287
0.0,32.85780099899854,-32.85780099899854,32.85780099899854,-0.16447976967198333
13.4372,36.80134911798176,-23.364149117981757,23.364149117981757,-0.11695639235336044
1.6896,29.68141244113665,-27.991812441136652,27.991812441136652,-0.1401215760957296
-17.9928,-9.172925278780788,-8.819874721219211,8.819874721219211,-0.044150579727660386
25.1979,46.14556384529017,-20.94766384529017,20.94766384529017,-0.10485993644384396
10.3473,88.17289897105053,-77.82559897105052,77.82559897105052,-0.3895798320080118
-23.4882,92.14391365740099,-115.63211365740099,115.63211365740099,-0.5788319011863755
-29.6058,55.78051679098361,-85.38631679098361,85.38631679098361,-0.4274273168599456
5.3964,-16.540239565368907,21.936639565368907,21.936639565368907,0.10981055680503894
9.3125,-21.16585066322065,30.47835066322065,30.47835066322065,0.15256870346318258
-1.3984,-131.08160906497716,129.68320906497715,129.68320906497715,0.6491689555847397
-160.96,-152.05240403696703,-8.907595963032975,8.907595963032975,-0.04458969522566063
-4.5396,-109.76923309656983,105.22963309656984,105.22963309656984,0.5267591040227753
3.9424,-33.38904814999931,37.33144814999931,37.33144814999931,0.18687397837185213
5.6376,-17.806282219805624,23.443882219805623,23.443882219805623,0.11735552077414617
-119.2312,27.301484697791814,-146.5326846977918,146.5326846977918,-0.7335141578477737
6.7536,-26.221693820670552,32.97529382067055,32.97529382067055,0.16506791591607656
-2.667,-157.4434887074727,154.7764887074727,154.7764887074727,0.7747810394864633
13.0928,-25.720686461947807,38.813486461947804,38.813486461947804,0.19429277429802422
8.8704,-24.9301523509695,33.8005523509695,33.8005523509695,0.16919899982481248
21.252,31.43989240829913,-10.187892408299131,10.187892408299131,-0.05099861055251572
0.7092,-19.7547120170795,20.463912017079497,20.463912017079497,0.10243836875326974
16.0056,-11.001898781432331,27.007498781432332,27.007498781432332,0.13519429310323453
8.194,5.956426411581319,2.237573588418682,2.237573588418682,0.011200858768924776
2.2512,-16.553411618454348,18.80461161845435,18.80461161845435,0.0941322332516635
-12.7302,-19.35984801807588,6.62964801807588,6.62964801807588,0.03318673027001036
15.777,35.552333714297035,-19.775333714297034,19.775333714297034,-0.09899147951542218
9.3312,29.584997444929975,-20.253797444929972,20.253797444929972,-0.10138657601665495
40.416,48.82088141912496,-8.404881419124962,8.404881419124962,-0.04207320386352516
244.6155,251.9153070031494,-7.299807003149397,7.299807003149397,-0.03654141598107976
9.744,34.81688270734365,-25.072882707343652,25.072882707343652,-0.125509980806148
160.623,122.46483137872548,38.15816862127451,38.15816862127451,0.19101238047315536
-5.94,-141.8005713486499,135.8605713486499,135.8605713486499,0.6800916313179655
3.6432,-21.183202077941274,24.826402077941275,24.826402077941275,0.12427614665047995
-20.997,-49.21633175246647,28.219331752466474,28.219331752466474,0.14126049357607462
21.228,33.33798980619764,-12.109989806197639,12.109989806197639,-0.060620256788157016
5.1552,28.018909193240884,-22.863709193240883,22.863709193240883,-0.11445128729296543
3.0338,-12.69557509680078,15.72937509680078,15.72937509680078,0.07873819654227245
-4.641,-11.058061946320493,6.4170619463204925,6.4170619463204925,0.03212256568641989
4.9648,26.205197424492372,-21.24039742449237,21.24039742449237,-0.10632530388227665
28.1718,36.87540827175851,-8.703608271758508,8.703608271758508,-0.043568572464652774
12.6348,66.95431283133705,-54.31951283133705,54.31951283133705,-0.271912930492974
10.062,-12.070509436367242,22.132509436367243,22.132509436367243,0.11079104333450783
38.9974,25.55593087639837,13.441469123601628,13.441469123601628,0.06728538363143824
1143.891,528.492822647332,615.3981773526681,615.3981773526681,3.08056374407436
33.495,53.16553581071814,-19.670535810718142,19.670535810718142,-0.09846688156550801
31.4712,-6.782390568156519,38.25359056815652,38.25359056815652,0.19149004420498217
19.9665,11.342400357149694,8.624099642850306,8.624099642850306,0.043170567711682394
5.9778,-26.303989769002968,32.28178976900297,32.28178976900297,0.16159636933606203
-3.564,-136.4594512414885,132.8954512414885,132.8954512414885,0.6652488159910804
-5.215,-133.24562057370116,128.03062057370116,128.03062057370116,0.6408964185876374
10.5504,35.830558955814745,-25.280158955814745,25.280158955814745,-0.12654756544572987
24.8832,20.606443673123586,4.276756326876413,4.276756326876413,0.021408611477355705
9.3228,31.021478393031003,-21.698678393031003,21.698678393031003,-0.10861936939666043
2.592,27.057655024962752,-24.465655024962754,24.465655024962754,-0.12247031697290772
635.495,260.80104598162654,374.69395401837346,374.69395401837346,1.8756451552039397
58.9192,33.84078945061577,25.078410549384223,25.078410549384223,0.12553765210970372
4.0687,34.535495539888466,-30.466795539888466,30.466795539888466,-0.15251086076018897
7.2696,34.0808603573759,-26.811260357375897,26.811260357375897,-0.1342119616687426
0.7348,-16.681649281800315,17.416449281800315,17.416449281800315,0.08718336222383251
-2.544,-157.41252696272667,154.86852696272666,154.86852696272666,0.7752417651152308
-67.617,-156.2539112358556,88.6369112358556,88.6369112358556,0.4436991612723538
-13.167,-165.16787267859462,152.00087267859462,152.00087267859462,0.7608868447671743
57.6,28.274944971263487,29.325055028736514,29.325055028736514,0.14679552952712288
9.1845,5.847050685015834,3.337449314984166,3.337449314984166,0.0167066230219498
5.196,-8.602653142993312,13.798653142993311,13.798653142993311,0.06907337745493994
94.2784,146.14270701654974,-51.86430701654973,51.86430701654973,-0.25962264707060373
23.235,-7.221685760113829,30.456685760113828,30.456685760113828,0.15246025316630835
6.72,22.03774345537843,-15.31774345537843,15.31774345537843,-0.0766776484985092
3.8136,-15.682232963021253,19.495832963021254,19.495832963021254,0.09759235304331325
0.3094,-17.007107621921453,17.316507621921453,17.316507621921453,0.08668307368662906
0.0,45.24690726314897,-45.24690726314897,45.24690726314897,-0.22649722923451754
14.5152,-27.95130172390458,42.466501723904585,42.466501723904585,0.2125790591566246
7.1994,31.232801214464395,-24.033401214464394,24.033401214464394,-0.12030653835629324
2.5641,-15.330782721273629,17.89488272127363,17.89488272127363,0.08957830709340378
6.2244,-7.684022250486802,13.908422250486801,13.908422250486801,0.0696228602860697
-36.1176,163.54499908648043,-199.66259908648044,199.66259908648044,-0.999472189598287
6.6352,-19.892889366664555,26.528089366664556,26.528089366664556,0.13279446269090756
259.5297,229.20724649212755,30.32245350787244,30.32245350787244,0.15178831258416506
1.6704,-16.814136747690338,18.48453674769034,18.48453674769034,0.0925300006183032
19.596,8.744634842602286,10.851365157397714,10.851365157397714,0.05431982626499443
5.4432,-17.806282219805624,23.249482219805625,23.249482219805625,0.11638239213339484
54.3936,25.389022344702624,29.004577655297375,29.004577655297375,0.14519128204355092
52.3764,105.10464401620726,-52.72824401620726,52.72824401620726,-0.2639473478842433
-3.8864,-3.651795027747074,-0.2346049722529262,0.2346049722529262,-0.0011743869226440151
21.4452,16.704614235456283,4.740585764543717,4.740585764543717,0.023730451550491725
47.0351,64.30886685377355,-17.27376685377355,17.27376685377355,-0.086469121703026
6.8714,31.679525038119287,-24.808125038119286,24.808125038119286,-0.12418465533916859
8.7945,24.22047601906517,-15.425976019065171,15.425976019065171,-0.07721943968979268
72.975,78.55976904203877,-5.584769042038772,5.584769042038772,-0.027956269067846547
15.8376,14.444405597266213,1.393194402733787,1.393194402733787,0.006974060573223811
6.2208,31.380708199291252,-25.15990819929125,25.15990819929125,-0.12594561351545708
12.8744,37.32464314995491,-24.450243149954908,24.450243149954908,-0.12239316812014119
336.635,253.22938105341723,83.40561894658276,83.40561894658276,0.4175123281713607
239.996,250.79130548986532,-10.795305489865314,10.795305489865314,-0.054039202458066565
3.7408,-15.719675072946696,19.460475072946696,19.460475072946696,0.09741535831333335
62.1544,69.00642847148137,-6.852028471481368,6.852028471481368,-0.034299923625731296
54.7136,90.60404553328105,-35.89044553328105,35.89044553328105,-0.17966059916544183
11.4741,32.34455295049248,-20.870452950492478,20.870452950492478,-0.10447343370153084
8.694,29.487791967238927,-20.793791967238924,20.793791967238924,-0.10408968370959569
37.236,-2.1151579987441593,39.351157998744156,39.351157998744156,0.19698425357669355
14.5728,36.33458735865721,-21.76178735865721,21.76178735865721,-0.10893528062062675
-27.735,-131.3432029323497,103.6082029323497,103.6082029323497,0.5186425395588824
19.775,-51.86334960552601,71.638349605526,71.638349605526,0.3586076634634517
4.9815,-23.873203227060184,28.854703227060185,28.854703227060185,0.14444103976662787
18.0096,29.877404359487485,-11.867804359487486,11.867804359487486,-0.059407923482772206
48.3336,40.02792137765792,8.305678622342079,8.305678622342079,0.04157661393146724
3.753,22.663388274569694,-18.910388274569694,18.910388274569694,-0.09466173064666736
13.3176,27.340261863369577,-14.022661863369576,14.022661863369576,-0.07019472159885044
89.3142,84.48730084449998,4.826899155500016,4.826899155500016,0.024162519620553158
20.727,25.137518132859597,-4.410518132859597,4.410518132859597,-0.022078197096907455
5.6416,25.485156849003133,-19.843556849003132,19.843556849003132,-0.09933299127645275
7.7832,32.02874471723157,-24.245544717231567,24.245544717231567,-0.12136848752549101
18.6624,24.19786518184614,-5.5354651818461384,5.5354651818461384,-0.027709463520248542
117.432,36.82902700807563,80.60297299192437,80.60297299192437,0.4034828268937683
311.9948,155.16323446446117,156.83156553553883,156.83156553553883,0.7850683549202881
-2.9964,-133.63660260619181,130.64020260619182,130.64020260619182,0.653959479370594
4.1988,-7.565935596106566,11.764735596106567,11.764735596106567,0.05889198127282984
3.7408,-15.719675072946696,19.460475072946696,19.460475072946696,0.09741535831333335
2.8782,-19.011630143174607,21.889830143174606,21.889830143174606,0.10957623792955387
2.5056,-19.361569862862375,21.867169862862376,21.867169862862376,0.10946280496772627
9.352,-21.720281906347363,31.072281906347364,31.072281906347364,0.1555418079041479
10.465,-26.426326225927255,36.89132622592726,36.89132622592726,0.18467081350694936
4.752,30.94868385399771,-26.196683853997712,26.196683853997712,-0.13113551106498683
54.0876,98.59289571833413,-44.50529571833413,44.50529571833413,-0.22278486588795804
11.704,-35.32149617279466,47.02549617279466,47.02549617279466,0.23540049985231037
14.3856,36.240982083843605,-21.855382083843605,21.855382083843605,-0.10940379763555542
456.588,201.53096736366612,255.0570326363339,255.0570326363339,1.2767659644211238
3.8775,34.801910552819486,-30.924410552819484,30.924410552819484,-0.15480159263015278
25.172,45.230688668826744,-20.058688668826743,20.058688668826743,-0.10040989938039983
3.7128,25.693968615895013,-21.98116861589501,21.98116861589501,-0.11003346058288058
4.9608,28.375329278108055,-23.414529278108056,23.414529278108056,-0.11720858564937145
7.56,22.996407040733466,-15.436407040733467,15.436407040733467,-0.07727165535819658
18.447,38.85731995579263,-20.410319955792634,20.410319955792634,-0.102170097303912
23.7684,-5.8407183772343565,29.609118377234356,29.609118377234356,0.14821749547471025
131.9868,80.08324310542895,51.90355689457104,51.90355689457104,0.25981912433628546
39.5868,42.28111289224396,-2.694312892243964,2.694312892243964,-0.013487207009198495
11.151,34.7828999184779,-23.631899918477902,23.631899918477902,-0.11829670085411609
16.7875,32.24892843577017,-15.461428435770166,15.461428435770166,-0.07739690760172419
-6.03,-136.03174713964788,130.00174713964788,130.00174713964788,0.6507634953153564
1.7487,-19.73743104326776,21.48613104326776,21.48613104326776,0.10755539864784149
29.692,-10.084426206441279,39.77642620644128,39.77642620644128,0.19911306362253234
13.0112,5.777856348859984,7.233343651140016,7.233343651140016,0.03620871335041789
8.352,-1.3174939229198444,9.669493922919845,9.669493922919845,0.048403608425742574
45.954,-12.568213987334747,58.52221398733475,58.52221398733475,0.2929508361690035
-2.3136,-133.85153471797534,131.53793471797533,131.53793471797533,0.6584533519513487
3.2872,-15.95296821940521,19.24016821940521,19.24016821940521,0.09631254499576632
55.764,45.43028079005502,10.33371920994498,10.33371920994498,0.05172859119691254
6.255,-16.521588951315064,22.776588951315063,22.776588951315063,0.11401518028366912
-7.7247,90.63614869232651,-98.36084869232651,98.36084869232651,-0.49237530345222313
7.992,-16.76942379110112,24.76142379110112,24.76142379110112,0.12395087796760386
39.8886,54.990400392643394,-15.101800392643398,15.101800392643398,-0.07559667947011915
-7.996,-11.886179049041996,3.890179049041995,3.890179049041995,0.019473480711283887
1906.485,888.6342180904508,1017.8507819095491,1017.8507819095491,5.095163312177628
3.596,-8.208282230351848,11.804282230351848,11.804282230351848,0.0590899440425284
14.904,31.674915215287488,-16.770915215287488,16.770915215287488,-0.08395194407206134
3.9248,24.729114244739435,-20.804314244739434,20.804314244739434,-0.10414235618697058
96.416,60.85354991703449,35.562450082965505,35.562450082965505,0.17801871764929886
29.9808,43.11175013697968,-13.130950136979681,13.130950136979681,-0.06573098589800769
18.6624,24.19786518184614,-5.5354651818461384,5.5354651818461384,-0.027709463520248542
10.881,32.61456816630094,-21.73356816630094,21.73356816630094,-0.10879402082484098
-70.49,38.946552227618156,-109.43655222761815,109.43655222761815,-0.5478181240626305
3.475,-15.64191069079386,19.116910690793862,19.116910690793862,0.09569554174844158
77.22,105.91533926329926,-28.69533926329926,28.69533926329926,-0.14364329471807122
5.373,-23.6643914601683,29.0373914601683,29.0373914601683,0.14535554157715136
31.0992,12.149128837062522,18.950071162937476,18.950071162937476,0.09486037547803787
5.4124,120.55211403084718,-115.13971403084717,115.13971403084717,-0.576367044296999
-71.3958,-116.01216943994176,44.616369439941764,44.616369439941764,0.22334087936394173
-13.3936,-131.0844187863702,117.69081878637022,117.69081878637022,0.5891373791897789
-32.985,-162.64593056294356,129.66093056294358,129.66093056294358,0.6490574337308205
-34.758,15.725936939819297,-50.4839369398193,50.4839369398193,-0.2527127825824221
-153.2024,-144.14872996254832,-9.053670037451695,9.053670037451695,-0.04532091366952946
225.6,109.52829282010697,116.07170717989302,116.07170717989302,0.5810324209756027
9.534,32.21494564690442,-22.68094564690442,22.68094564690442,-0.11353640847904928
92.5056,37.079743281893,55.425856718107,55.425856718107,0.2774510730996406
86.3892,69.28263447309038,17.10656552690962,17.10656552690962,0.08563214433706448
-0.6265,-23.432397513043007,22.805897513043007,22.805897513043007,0.11416189325093605
1.3986,-14.766341350998946,16.164941350998944,16.164941350998944,0.08091855660865625
4.485,-18.022294392452395,22.507294392452394,22.507294392452394,0.11266714402838228
-4.5696,-139.1213708081633,134.5517708081633,134.5517708081633,0.6735400300269245
-2.2896,-136.81911150894535,134.52951150894535,134.52951150894535,0.6734286042985704
-16.6848,-148.39089141337624,131.70609141337624,131.70609141337624,0.6592951117066405
0.0,78.78097928374777,-78.78097928374777,78.78097928374777,-0.39436228028525283
107.0388,121.65412831589012,-14.615328315890125,14.615328315890125,-0.07316149474370764
220.4853,107.08476468627535,113.40053531372465,113.40053531372465,0.5676610534481455
751.7601,361.2226475282618,390.53745247173816,390.53745247173816,1.9549546311024417
30.445,50.96941205547596,-20.524412055475963,20.524412055475963,-0.1027412201942685
267.6672,443.4492529217514,-175.78205292175141,175.78205292175141,-0.8799308139311962
41.934,47.077039083315995,-5.143039083315998,5.143039083315998,-0.02574505469381856
43.6842,82.254165440529,-38.569965440528996,38.569965440528996,-0.193073755365063
3.0498,29.31498222912151,-26.26518222912151,26.26518222912151,-0.13147840062608712
10.35,9.20387984794666,1.1461201520533404,1.1461201520533404,0.005737254864739657
18.0096,29.877404359487485,-11.867804359487486,11.867804359487486,-0.059407923482772206
148.491,115.1852211605293,33.30577883947072,33.30577883947072,0.16672225972849267
11.7782,33.558830940146194,-21.780630940146196,21.780630940146196,-0.109029607929481
-12.8256,-108.21675517490615,95.39115517490616,95.39115517490616,0.47750959452189734
6.7048,-20.238508842899392,26.94330884289939,26.94330884289939,0.13487297073885965
-38.2158,-9.555341809010791,-28.66045819098921,28.66045819098921,-0.14346868684520583
3.6288,-15.777278318985832,19.406078318985834,19.406078318985834,0.0971430587287489
14.0438,37.50566291378157,-23.461862913781573,23.461862913781573,-0.11744552863571296
6.168,31.637113085074304,-25.469113085074305,25.469113085074305,-0.1274934331153323
33.777,21.824102727184766,11.952897272815235,11.952897272815235,0.05983388207888437
6.6976,-20.39814652793136,27.09574652793136,27.09574652793136,0.13563604418142367
84.0512,44.16617130313145,39.885028696868545,39.885028696868545,0.19965670659522625
10.3071,30.033222703172026,-19.726122703172024,19.726122703172024,-0.09874513875222218
15.5961,-3.329146409019014,18.925246409019014,18.925246409019014,0.09473610758175362
-32.3838,-12.470358909977092,-19.913441090022907,19.913441090022907,-0.0996828182130449
-2.97,-133.73056790129314,130.76056790129314,130.76056790129314,0.6545620046587399
1.7248,-16.756533501651194,18.481333501651193,18.481333501651193,0.09251396579081315
107.082,124.71444037180778,-17.63244037180779,17.63244037180779,-0.08826457166741981
-20.4352,-161.26892340322928,140.83372340322927,140.83372340322927,0.7049862645439047
-131.7168,-154.86056228137505,23.143762281375047,23.143762281375047,0.11585317865610438
26.824,-3.847646064280145,30.671646064280147,30.671646064280147,0.15353630269618934
-27.792,-166.23130216768334,138.43930216768334,138.43930216768334,0.693000256918735
46.1968,61.03197909793806,-14.83517909793806,14.83517909793806,-0.07426202505596294
57.5928,57.84579955139819,-0.2529995513981902,0.2529995513981902,-0.0012664666129774706
19.755,-11.122865598114522,30.87786559811452,30.87786559811452,0.15456859762755057
2.6028,-18.523442632992904,21.126242632992902,21.126242632992902,0.10575386716886548
-3.81,-139.47347064957756,135.66347064957756,135.66347064957756,0.6791049835022278
143.9968,235.64087038756006,-91.64407038756005,91.64407038756005,-0.45875241589077514
-2.6784,-160.3689431247766,157.69054312477658,157.69054312477658,0.7893682298886565
-538.446,22.06145076310508,-560.5074507631051,560.5074507631051,-2.8057914284573076
25.792,38.01825354687769,-12.226253546877686,12.226253546877686,-0.0612022504915348
-113.282,62.888910982589664,-176.17091098258965,176.17091098258965,-0.8818773618539776
-45.294,-2.940219472756173,-42.35378052724383,42.35378052724383,-0.21201479874052198
17.9982,22.592314308593544,-4.594114308593543,4.594114308593543,-0.022997243891861776
22.9885,38.153261154781916,-15.164761154781917,15.164761154781917,-0.0759118488162124
10.8558,31.36709786926584,-20.51129786926584,20.51129786926584,-0.10267557312533218
4.3524,32.06114654312858,-27.70874654312858,27.70874654312858,-0.13870460319155442
3.96,-18.324711434157877,22.284711434157877,22.284711434157877,0.11155293697252038
209.979,148.4014586703728,61.57754132962722,61.57754132962722,0.30824521139356875
53.261,57.036325246987175,-3.7753252469871725,3.7753252469871725,-0.018898544886804806
16.998,6.834875913678186,10.163124086321815,10.163124086321815,0.050874625143567796
7.052,23.113413634250467,-16.061413634250467,16.061413634250467,-0.08040031696730061
31.374,-0.9098805162840584,32.28388051628406,32.28388051628406,0.16160683521085525
-1.8126,-19.231962559274315,17.419362559274315,17.419362559274315,0.08719794552500743
-3.465,-148.43452430910222,144.9695243091022,144.9695243091022,0.7256892805621675
-251.9874,-104.93409473498704,-147.05330526501297,147.05330526501297,-0.7361202832846416
-47.8716,-0.8646320729995622,-47.00696792700044,47.00696792700044,-0.23530775105269494
80.7912,55.76567276971866,25.02552723028134,25.02552723028134,0.12527292848605656
3.285,28.056711323454067,-24.771711323454067,24.771711323454067,-0.12400237535636574
9.3312,29.584997444929975,-20.253797444929972,20.253797444929972,-0.10138657601665495
6.15,22.375372044374,-16.225372044373998,16.225372044373998,-0.08122106092194703
3.6322,34.52469493125613,-30.892494931256127,30.892494931256127,-0.1546418292277316
-249.3216,92.11783441164955,-341.43943441164953,341.43943441164953,-1.7091794892382497
7.6154,-9.207628108222028,16.82302810822203,16.82302810822203,0.08421281109195337
1.962,-15.896734613608167,17.858734613608167,17.858734613608167,0.0893973566876516
2.891,-28.29123131644438,31.18223131644438,31.18223131644438,0.15609219329508986
16.291,-15.866352027619858,32.15735202761986,32.15735202761986,0.16097345817284026
-7.7728,4.415680461852105,-12.188480461852105,12.188480461852105,-0.061013165764745046
3.852,30.588663566253093,-26.736663566253092,26.736663566253092,-0.13383854462167602
5.775,-16.82558695598928,22.60058695598928,22.60058695598928,0.1131341484807838
-7.2,-66.0795065640169,58.87950656401689,58.87950656401689,0.29473937340921563
37.495,27.46568980532247,10.029310194677528,10.029310194677528,0.050204778793313413
-179.776,-154.39246546639816,-25.383534533601846,25.383534533601846,-0.12706504350899553
-24.398,103.84020909358568,-128.23820909358568,128.23820909358568,-0.6419355663972608
3.7376,-20.203946895275905,23.941546895275906,23.941546895275906,0.11984673347574265
71.2296,78.36335574996401,-7.13375574996401,7.13375574996401,-0.03571019566056868
18.8937,42.28111289224396,-23.38741289224396,23.38741289224396,-0.11707284628868207
75.68,156.39292415730836,-80.71292415730835,80.71292415730835,-0.4040332210713358
-1.9344,-157.49317150718147,155.55877150718146,155.55877150718146,0.7786969952352479
14.4,-1.7207166451938178,16.120716645193816,16.120716645193816,0.08069717632137348
-13.433,28.832463155682454,-42.265463155682454,42.265463155682454,-0.21157269913279436
-8.8038,-7.638010094564372,-1.1657899054356289,1.1657899054356289,-0.005835717829620421
1.7262,-34.827618778917916,36.553818778917915,36.553818778917915,0.18298131678291818
-25.198,-37.11965008424728,11.921650084247283,11.921650084247283,0.059677464722205184
60.392,54.622353361340394,5.769646638659609,5.769646638659609,0.028881730406864085
-1.1874,-6.131685210640889,4.9442852106408886,4.9442852106408886,0.02475013141212929
28.4102,41.31842357563004,-12.908223575630043,12.908223575630043,-0.06461605999314454
12.7008,-25.92229782308479,38.62309782308479,38.62309782308479,0.19333972575197864
29.364,-3.548109184876619,32.91210918487662,32.91210918487662,0.1647516259019484
-31.0335,-15.024550881957062,-16.00894911804294,16.00894911804294,-0.0801376897896015
-9.156,-156.61904224853754,147.46304224853753,147.46304224853753,0.7381713470389771
2.8224,30.084635163410624,-27.262235163410622,27.262235163410622,-0.136469453952743
-2.838,-154.44603023261993,151.60803023261994,151.60803023261994,0.7589203517863061
-14.7708,-156.1063733587892,141.3355733587892,141.3355733587892,0.7074984279447027
-6.3018,-160.25985697758998,153.95805697759,153.95805697759,0.7706841292146086
-2.7648,-163.33111961143044,160.56631961143043,160.56631961143043,0.8037638084049226
-194.824,-91.28414011988349,-103.53985988011652,103.53985988011652,-0.5183004275140034
-99.2664,-61.4028430262143,-37.863556973785705,37.863556973785705,-0.1895376117896662
12.6672,-6.573649242173516,19.240849242173518,19.240849242173518,0.09631595406346613
-73.577,-125.98308000659006,52.40608000659006,52.40608000659006,0.2623346574275674
9.2386,1.3625675399599793,7.876032460040021,7.876032460040021,0.03942588869522736
1.168,-15.961608706311079,17.12960870631108,17.12960870631108,0.08574749401736041
3.7752,30.79027492739008,-27.01507492739008,27.01507492739008,-0.13523221781834768
2302.9671,896.2739985656821,1406.6931014343177,1406.6931014343177,7.04163243700138
21.9975,39.017309845369006,-17.019809845369007,17.019809845369007,-0.0851978622462462
4.4004,-14.308395544987793,18.708795544987794,18.708795544987794,0.09365259659870755
-968.8833,258.41955622841607,-1227.302856228416,1227.302856228416,-6.143639713332299
29.692,-10.084426206441279,39.77642620644128,39.77642620644128,0.19911306362253234
17.127,0.8745913525049183,16.25240864749508,16.25240864749508,0.08135640090572148
12.3144,-11.310146588650607,23.624546588650606,23.624546588650606,0.11825989151327332
19.1376,-7.436328292518507,26.573928292518506,26.573928292518506,0.133023923450217
102.774,16.87979414629746,85.89420585370254,85.89420585370254,0.42996971085817687
-124.431,32.646197192087314,-157.0771971920873,157.0771971920873,-0.7862979392827497
-6.0324,-135.85353709721429,129.8211370972143,129.8211370972143,0.6498593965236926
0.833,33.081013577400206,-32.24801357740021,32.24801357740021,-0.16142729228141106
7.1628,28.828954840666277,-21.666154840666277,21.666154840666277,-0.1084565628107289
26.3934,60.39070470881268,-33.99730470881268,33.99730470881268,-0.170183903912017
6.4368,15.56615964469892,-9.129359644698921,9.129359644698921,-0.045699801141851966
24.9804,33.853609299156815,-8.873209299156816,8.873209299156816,-0.044417562265383986
10.5728,38.80713625397837,-28.23433625397837,28.23433625397837,-0.14133560319624655
3.4686,30.376251596483765,-26.907651596483767,26.907651596483767,-0.1346944774891818
2.7354,30.095435772042965,-27.360035772042966,27.360035772042966,-0.13695902480327307
1.1925,-13.994528294983361,15.18702829498336,15.18702829498336,0.07602331379500689
12.8184,27.83248912509805,-15.01408912509805,15.01408912509805,-0.07515761390136924
21.42,0.5013990116748488,20.918600988325153,20.918600988325153,0.10471445342689584
66.542,38.68227183929653,27.85972816070347,27.85972816070347,0.13946038784324727
3.753,22.663388274569694,-18.910388274569694,18.910388274569694,-0.09466173064666736
9.312,23.653444065867397,-14.341444065867398,14.341444065867398,-0.07179048338595138
4.3836,-15.215646670104231,19.599246670104232,19.599246670104232,0.09811002197442804
3.8529,-12.626451201553813,16.47935120155381,16.47935120155381,0.08249243125119375
8.6436,29.26097918595982,-20.61737918595982,20.61737918595982,-0.10320659559201699
5.538,-17.53842712572363,23.07642712572363,23.07642712572363,0.11551611194574511
7.9984,47.04519091905962,-39.04679091905962,39.04679091905962,-0.19546065109447713
9.7218,22.502169626568985,-12.780369626568985,12.780369626568985,-0.06397604795783345
-116.844,-136.90877219208045,20.064772192080454,20.064772192080454,0.10044035231617587
9.8328,-2.9057625506313407,12.738562550631341,12.738562550631341,0.06376676985607939
1.3098,29.884208888635513,-28.574408888635514,28.574408888635514,-0.14303794075139384
9.0171,29.860412965054607,-20.843312965054608,20.843312965054608,-0.104337576205959
9.7972,48.317643497766866,-38.52044349776686,38.52044349776686,-0.1928258581384813
12.8316,32.879183077793236,-20.047583077793234,20.047583077793234,-0.10035430694877855
6.2244,28.753350580239907,-22.528950580239908,22.528950580239908,-0.11277555069806088
61.3824,60.615146045638674,0.7672539543613226,0.7672539543613226,0.0038407242681004453
4.5188,-15.140762450253352,19.65956245025335,19.65956245025335,0.09841195105442993
103.818,79.75461502362698,24.063384976373015,24.063384976373015,0.12045663124451725
45.3696,74.1671001578305,-28.797500157830505,28.797500157830505,-0.14415469231289185
146.388,116.88552653863823,29.502473461361774,29.502473461361774,0.14768365174000794
843.1706,351.9823746387518,491.1882253612482,491.1882253612482,2.4587928503027556
-4.488,-163.10358678957584,158.61558678957584,158.61558678957584,0.7939988187989535
2.7192,-3.988633135258276,6.707833135258276,6.707833135258276,0.03357810978035341
12.4416,27.789286690568694,-15.347686690568695,15.347686690568695,-0.07682753851785282
5.8708,33.112405783342865,-27.241605783342866,27.241605783342866,-0.13636618728306768
-12.4146,-10.673560279009237,-1.7410397209907629,1.7410397209907629,-0.00871530667274608
4946.37,1777.2573860728644,3169.1126139271355,3169.1126139271355,15.86396219330683
-45.8273,-71.41309755771843,25.58579755771843,25.58579755771843,0.12807753292120144
16.8544,37.11128291366742,-20.256882913667418,20.256882913667418,-0.10140202127384915
16.5888,37.14542348756697,-20.556623487566974,20.556623487566974,-0.10290246436673443
163.1898,112.48506900244465,50.704730997555345,50.704730997555345,0.25381803474955505
2.244,-16.566442789722036,18.810442789722035,18.810442789722035,0.09416142296241306
45.588,54.354174103289765,-8.766174103289764,8.766174103289764,-0.04388176486483533
31.4895,47.15376834839739,-15.664268348397393,15.664268348397393,-0.07841228480576252
8.6855,25.55255108372026,-16.867051083720263,16.867051083720263,-0.08443318155650288
22.2,34.07805063598282,-11.87805063598282,11.87805063598282,-0.05945921435272419
17.1678,37.971670047940876,-20.803870047940876,20.803870047940876,-0.10414013262407548
5.3214,31.002686897159403,-25.681286897159403,25.681286897159403,-0.12855553400708847
0.84,29.652610818117083,-28.812610818117083,28.812610818117083,-0.1442303333432701
9.4284,-18.539213084744787,27.967613084744787,27.967613084744787,0.14000043881798951
2.8784,-12.462211509433384,15.340611509433383,15.340611509433383,0.07679212153533596
6.1488,33.000799494142036,-26.851999494142035,26.851999494142035,-0.1344158938744351
8.5722,33.00439969701949,-24.432199697019485,24.432199697019485,-0.12230284609941326
553.3902,450.90703859779137,102.48316140220868,102.48316140220868,0.5130108001812336
23.9232,27.69445265733076,-3.771252657330759,3.771252657330759,-0.018878158294023513
27.3582,45.05758026385776,-17.69938026385776,17.69938026385776,-0.0885996597649642
334.551,214.97880644352023,119.57219355647976,119.57219355647976,0.5985551758604609
33.636,-7.421786599190963,41.05778659919096,41.05778659919096,0.20552730486383433
23.5564,32.145532172278585,-8.589132172278585,8.589132172278585,-0.042995527345900654
18.24,23.7658408365526,-5.5258408365526,5.5258408365526,-0.02766128591709205
100.685,7.770263430660906,92.9147365693391,92.9147365693391,0.4651131239891462
-4.8609,-160.14969076954014,155.28879076954016,155.28879076954016,0.777345524102275
6.9368,-20.123302350821113,27.06010235082111,27.06010235082111,0.13545761635415002
6.924,33.20241085527903,-26.278410855279027,26.278410855279027,-0.13154462055917185
23.5248,45.33509455227268,-21.81029455227268,21.81029455227268,-0.10917809821007987
-2.6997,18.27207085565812,-20.97177085565812,20.97177085565812,-0.10498061145532515
30.9918,37.95546913499236,-6.963669134992362,6.963669134992362,-0.03485877510276335
2.6961,-18.56232482406932,21.258424824069323,21.258424824069323,0.10641554554301019
6.8768,33.46882586821004,-26.59202586821004,26.59202586821004,-0.13311451639894947
7.7832,32.02874471723157,-24.245544717231567,24.245544717231567,-0.12136848752549101
67.188,70.55508705179761,-3.3670870517976113,3.3670870517976113,-0.016854983775757486
0.0,166.39867843521571,-166.39867843521571,166.39867843521571,-0.8329594638296359
-5.5338,-136.03498732223758,130.50118732223757,130.50118732223757,0.6532635958607274
2.04,-18.67170055063481,20.71170055063481,20.71170055063481,0.10367875002308687
18.8937,42.28111289224396,-23.38741289224396,23.38741289224396,-0.11707284628868207
34.9888,80.3810503243026,-45.39225032430261,45.39225032430261,-0.2272247883679696
2.61,33.054012055819356,-30.444012055819357,30.444012055819357,-0.15239681106428488
17.994,-3.5795092065626264,21.573509206562626,21.573509206562626,0.10799279676141392
9.3312,29.584997444929975,-20.253797444929972,20.253797444929972,-0.10138657601665495
1.4456,30.048633134636162,-28.603033134636163,28.603033134636163,-0.14318122816704787
2.9346,52.498488658436244,-49.56388865843624,49.56388865843624,-0.24810719959122915
13.455,25.543550576526645,-12.088550576526645,12.088550576526645,-0.060512936168668895
89.9548,32.180304170899355,57.77449582910065,57.77449582910065,0.2892079043017841
-251.1864,-140.97112046200542,-110.21527953799458,110.21527953799458,-0.5517162817224174
-136.4895,32.02246204356976,-168.51196204356975,168.51196204356975,-0.8435381510997988
21.5397,23.706937119450885,-2.167237119450885,2.167237119450885,-0.010848768067063246
-62.7725,26.644843549264735,-89.41734354926473,89.41734354926473,-0.44760585384615137
104.568,74.01905356291523,30.548946437084766,30.548946437084766,0.15292209219498903
5.4432,-17.806282219805624,23.249482219805625,23.249482219805625,0.11638239213339484
-376.6932,-12.595330893616278,-364.0978691063837,364.0978691063837,-1.8226032122631455
83.9944,83.04721969352151,0.9471803064784865,0.9471803064784865,0.004741400638836676
181.656,89.86556566646462,91.79043433353539,91.79043433353539,0.4594850853753532
11.732,36.590201762955886,-24.858201762955886,24.858201762955886,-0.12443532969705706
13.2986,19.440987560785373,-6.142387560785373,6.142387560785373,-0.030747599063760418
15.552,25.993575936207417,-10.441575936207418,10.441575936207418,-0.05226850101905068
27.7158,34.067162683225554,-6.3513626832255525,6.3513626832255525,-0.03179368793645104
3.7584,-15.777278318985832,19.53567831898583,19.53567831898583,0.09779181115591644
128.6805,121.94063275229661,6.739867247703387,6.739867247703387,0.03373846632511363
5.319,-16.350360176166383,21.669360176166382,21.669360176166382,0.10847260809765466
-16.9568,-2.381643452584054,-14.575156547415947,14.575156547415947,-0.07296040267348207
-84.448,-108.21949445539036,23.771494455390368,23.771494455390368,0.11899548399178039
-51.296,-175.64411084741863,124.34811084741864,124.34811084741864,0.6224624901694742
-28.8678,14.334818547974086,-43.20261854797408,43.20261854797408,-0.216263916998399
33.5895,-15.470479680391236,49.05997968039124,49.05997968039124,0.2455847291238046
1.6776,-13.617156592518125,15.294756592518125,15.294756592518125,0.07656258072787964
11.7334,-26.627937587064245,38.36133758706424,38.36133758706424,0.1920294048534116
36.3972,19.79560627248447,16.601593727515528,16.601593727515528,0.0831043535924033
17.472,26.713616511696657,-9.241616511696655,9.241616511696655,-0.04626173721385047
4.3624,33.180809638014345,-28.818409638014344,28.818409638014344,-0.14425936110934306
6.304,79.86262110995037,-73.55862110995037,73.55862110995037,-0.3682201696310135
7.1346,28.818154232033937,-21.683554232033938,21.683554232033938,-0.1085436607843478
38.9975,85.78897641995074,-46.79147641995074,46.79147641995074,-0.23422904242435785
-93.08,12.997334091530142,-106.07733409153013,106.07733409153013,-0.5310025305504978
6.3936,-11.889059211343952,18.28265921134395,18.28265921134395,0.09151944088299976
-63.3765,115.76628027374005,-179.14278027374004,179.14278027374004,-0.896753962284985
7.0512,-19.662476382508004,26.713676382508005,26.713676382508005,0.13372347524475958
10.584,18.20611797382133,-7.622117973821329,7.622117973821329,-0.038154842096250655
46.953,38.14426064758831,8.808739352411692,8.808739352411692,0.044094838234286275
26.3494,30.59261597367494,-4.243215973674939,4.243215973674939,-0.021240714983933533
3.501,33.41043214068653,-29.90943214068653,29.90943214068653,-0.14972080784316258
-57.7566,-140.92994053939177,83.17334053939177,83.17334053939177,0.4163495875815168
-3.8208,-112.26914353375957,108.44834353375957,108.44834353375957,0.5428713432857104
-2.1376,-115.9888027058281,113.8512027058281,113.8512027058281,0.5699170068777165
3.4776,30.538260725968843,-27.060660725968845,27.060660725968845,-0.13546041147168367
-11.2806,-11.580811404125676,0.30021140412567604,0.30021140412567604,0.0015027999775456336
-58.716,-133.3287930759135,74.61279307591349,74.61279307591349,0.37349714973572473
-241.176,-36.375242242162734,-204.80075775783726,204.80075775783726,-1.0251928138977837
1.6324,-14.285354246572137,15.917754246572137,15.917754246572137,0.07968118597623795
9.8856,33.990855285439736,-24.105255285439736,24.105255285439736,-0.12066622587903338
36.2877,48.61026955079436,-12.322569550794356,12.322569550794356,-0.06168438969922014
41.697,73.54828663663369,-31.851286636633688,31.851286636633688,-0.15944135427411907
-22.6716,2.714874181637647,-25.38647418163765,25.38647418163765,-0.12707975881608077
-5.1984,-5.32379968494196,0.12539968494195985,0.12539968494195985,0.0006277264658344445
3.4668,-18.756735779451418,22.223535779451417,22.223535779451417,0.111246703527502
-12.224,-131.0714580560114,118.8474580560114,118.8474580560114,0.5949272907139845
13.572,6.044482684517645,7.5275173154823545,7.5275173154823545,0.03768128957534743
95.1888,53.220241991239284,41.968558008760716,41.968558008760716,0.21008644963662138
47.994,57.84579955139819,-9.851799551398187,9.851799551398187,-0.049316194991804556
12.208,30.971866034231127,-18.76386603423113,18.76386603423113,-0.09392826877125321
3.0044,-16.151699418240238,19.156099418240238,19.156099418240238,0.09589171290622278
70.1955,163.79557396978828,-93.60007396978828,93.60007396978828,-0.4685437898994095
18.821,31.843905612057476,-13.022905612057475,13.022905612057475,-0.06519013599225577
-4.4928,-160.17453216939452,155.68173216939454,155.68173216939454,0.7793125124270447
42.9914,47.04519091905962,-4.053790919059622,4.053790919059622,-0.020292489953470303
2.7336,18.64635234482412,-15.91275234482412,15.91275234482412,-0.07965614742763086
406.7154,278.05190333952874,128.66349666047125,128.66349666047125,0.6440644733514368
66.5088,48.065629296345634,18.44317070365436,18.44317070365436,0.09232293023658514
12.376,8.609811788578275,3.766188211421724,3.766188211421724,0.018852806661494612
2.3686,-15.019795633571153,17.388395633571154,17.388395633571154,0.08704293110979258
1.45,-13.467388152816358,14.917388152816358,14.917388152816358,0.07467354761682286
1.8522,-29.490818915209452,31.343018915209452,31.343018915209452,0.15689706478395782
3.1382,-14.167267592191902,17.305467592191903,17.305467592191903,0.0866278094421611
19.2384,24.41387735449291,-5.175477354492912,5.175477354492912,-0.02590743437868849
27.5292,47.40161100392679,-19.87241100392679,19.87241100392679,-0.09947742957151905
124.6752,43.2196701509075,81.4555298490925,81.4555298490925,0.4077505609245258
104.7222,54.29073227599449,50.43146772400551,50.43146772400551,0.25245013187940685
-3.0366,-136.55341653658982,133.51681653658983,133.51681653658983,0.6683592499675826
-7.92,-141.12013300481257,133.20013300481259,133.20013300481259,0.6667739937184739
32.4688,87.29581129345242,-54.827011293452415,54.827011293452415,-0.274453369220452
176.8026,148.49429818266142,28.308301817338588,28.308301817338588,0.14170586043974004
0.7425,-20.17809587546717,20.92059587546717,20.92059587546717,0.10472443944445223
-393.602,-131.95333229457822,-261.64866770542176,261.64866770542176,-1.3097624092519382
503.64,782.3014356235932,-278.6614356235932,278.6614356235932,-1.394925020978421
50.328,50.884016806371605,-0.556016806371602,0.556016806371602,-0.00278331213487294
72.432,69.54724938458267,2.8847506154173317,2.8847506154173317,0.014440501261767836
147.0896,51.06170249946966,96.02789750053033,96.02789750053033,0.4806970029264421
21.0128,37.270640106793216,-16.257840106793218,16.257840106793218,-0.08138358973598944
1.598,34.80090093286513,-33.202900932865134,33.202900932865134,-0.16620727291049658
22.992,40.632439112843585,-17.640439112843584,17.640439112843584,-0.088304611811411
222.588,226.42608976930035,-3.8380897693003533,3.8380897693003533,-0.019212731894449008
11.2308,30.211432745605613,-18.98063274560561,18.98063274560561,-0.0950133608247511
8.997,-7.64938986195444,16.64638986195444,16.64638986195444,0.08332859434043546
9.3312,29.584997444929975,-20.253797444929972,20.253797444929972,-0.10138657601665495
-20.724,-131.7385052082933,111.0145052082933,111.0145052082933,0.55571705019048
3.9144,31.564318546041008,-27.649918546041008,27.649918546041008,-0.13841012166457936
6.149,36.26719312394008,-30.11819312394008,30.11819312394008,-0.15076582477667821
44.2425,106.81978066702263,-62.57728066702263,62.57728066702263,-0.3132497123323817
4.1832,-18.454318737745936,22.637518737745935,22.637518737745935,0.11331902180681971
11.673,-15.002444218850535,26.675444218850537,26.675444218850537,0.13353209245950765
7.8064,33.16078938371841,-25.35438938371841,25.35438938371841,-0.12691914854968195
11.5432,33.46882586821004,-21.92562586821004,21.92562586821004,-0.10975542437630512
15.525,41.32547816675198,-25.80047816675198,25.80047816675198,-0.12915218235157433
25.898,22.61377464404046,3.2842253559595385,3.2842253559595385,0.01644019422101852
412.468,285.3341902130436,127.13380978695642,127.13380978695642,0.6364071579810733
-0.6976,-17.01574810882732,16.31814810882732,16.31814810882732,0.08168547988025834
3.8024,-19.656716057904084,23.459116057904083,23.459116057904083,0.11743177840872529
-165.768,89.86735668043066,-255.63535668043068,255.63535668043068,-1.2796609422552065
-82.99,-116.44527384609852,33.45527384609852,33.45527384609852,0.167470602694536
15.49,-8.720880679191307,24.210880679191305,24.210880679191305,0.12119496608402458
-46.9952,-167.24144865418586,120.24624865418586,120.24624865418586,0.6019293647546083
38.7792,44.40659314270661,-5.627393142706609,5.627393142706609,-0.028169637036705292
3.5994,-23.81545909920328,27.41485909920328,27.41485909920328,0.13723345973043863
-16.614,-5.1637393544567125,-11.450260645543288,11.450260645543288,-0.05731778075229492
19.1808,36.240982083843605,-17.060182083843603,17.060182083843603,-0.08539995783035563
125.3,231.24437307453164,-105.94437307453164,105.94437307453164,-0.5303369535250624
11.0808,24.58668709261033,-13.50588709261033,13.50588709261033,-0.0676078474720833
32.098,31.542277780107007,0.5557222198929921,0.5557222198929921,0.00278183749217997
12.098,53.787580427031955,-41.689580427031956,41.689580427031956,-0.20868994204964705
148.5106,88.8895584821323,59.62104151786771,59.62104151786771,0.29845135335628586
10.0632,-15.430148320691139,25.49334832069114,25.49334832069114,0.12761474999750358
32.186,40.853413312866564,-8.667413312866564,8.667413312866564,-0.04338738753076097
6.912,15.422151529601072,-8.510151529601071,8.510151529601071,-0.04260016558944779
4.4892,28.87215727519563,-24.38295727519563,24.38295727519563,-0.12205634810035589
24.8832,20.606443673123586,4.276756326876413,4.276756326876413,0.021408611477355705
7.4655,-13.438516088887908,20.904016088887907,20.904016088887907,0.10464144425320827
4.1756,34.90091613194925,-30.725316131949253,30.725316131949253,-0.15380496463034504
3.4944,33.32042706875038,-29.826027068750378,29.826027068750378,-0.14930329825321917
2.592,27.057655024962752,-24.465655024962754,24.465655024962754,-0.12247031697290772
9.3312,29.584997444929975,-20.253797444929972,20.253797444929972,-0.10138657601665495
11.1664,36.226581272333824,-25.060181272333825,25.060181272333825,-0.12544639988954973
28.5984,40.38560607726854,-11.78720607726854,11.78720607726854,-0.05900446413697685
6.9741,-28.734776310945755,35.708876310945755,35.708876310945755,0.1787516989054962
15.552,25.993575936207417,-10.441575936207418,10.441575936207418,-0.05226850101905068
-24.7716,-152.27834808010954,127.50674808010953,127.50674808010953,0.6382740146389962
7.4872,31.79833173307501,-24.31113173307501,24.31113173307501,-0.12169680338752117
3.3516,-24.410212614557395,27.761812614557396,27.761812614557396,0.13897024163784835
-204.9996,-36.375242242162734,-168.62435775783726,168.62435775783726,-0.8441007822142608
5.2029,28.078312540718745,-22.875412540718745,22.875412540718745,-0.11450987197724204
346.0396,293.9522854201654,52.08731457983458,52.08731457983458,0.26073897961657416
12.4416,27.789286690568694,-15.347686690568695,15.347686690568695,-0.07682753851785282
-13.188,-168.20997366912778,155.0219736691278,155.0219736691278,0.7760098895227817
-2.3232,-157.4643698841619,155.1411698841619,155.1411698841619,0.7766065626231874
-6.4232,-162.89621510383495,156.47301510383494,156.47301510383494,0.7832735211021564
-12.5286,-11.109904867755716,-1.4186951322442845,1.4186951322442845,-0.007101712272023801
106.7808,82.88556276858083,23.895237231419173,23.895237231419173,0.11961491629342498
3.36,24.333091928220355,-20.973091928220356,20.973091928220356,-0.10498722448797342
5.5071,-17.871085871599654,23.378185871599655,23.378185871599655,0.11702665761554534
27.9936,18.810732918762305,9.182867081237696,9.182867081237696,0.04596764897615786
-694.2936,24.20629385245372,-718.4998938524537,718.4998938524537,-3.5966709109291273
31.2444,25.35590174995948,5.88849825004052,5.88849825004052,0.0294766784883158
0.9468,30.346440353509845,-29.399640353509845,29.399640353509845,-0.1471688891758712
68.198,172.8533322048985,-104.6553322048985,104.6553322048985,-0.5238842653082978
5.2332,17.60128389041037,-12.368083890410372,12.368083890410372,-0.06191222564286843
28.4364,81.77100912690301,-53.33460912690301,53.33460912690301,-0.26698269385116913
2.5592,-13.365212832005767,15.924412832005768,15.924412832005768,0.07971451756158957
-3.6892,8.92011342029502,-12.60931342029502,12.60931342029502,-0.0631197738142971
20.5842,-22.232809914277937,42.81700991427793,42.81700991427793,0.21433363507673892
-3.9249,-136.32498366401586,132.40008366401585,132.40008366401585,0.6627691021158837
0.5754,-19.422053271203474,19.997453271203472,19.997453271203472,0.10010336687394407
4.6488,-26.9174643393198,31.5662643393198,31.5662643393198,0.15801458801501986
7.049,18.562558622990377,-11.513558622990377,11.513558622990377,-0.0576346381327239
2.224,30.048633134636162,-27.824633134636162,27.824633134636162,-0.13928470895943035
15.552,25.993575936207417,-10.441575936207418,10.441575936207418,-0.05226850101905068
2.8536,27.856900063755806,-25.003300063755805,25.003300063755805,-0.12516166360771938
0.7228,32.510381421324986,-31.787581421324987,31.787581421324987,-0.15912245834005462
1.365,-14.026210080304892,15.391210080304893,15.391210080304893,0.07704540815311453
220.4825,172.99324048674276,47.489259513257224,47.489259513257224,0.23772200905567784
54.4448,32.12709288095139,22.317707119048613,22.317707119048613,0.11171810696217253
33.64,1.734108476912425,31.905891523087575,31.905891523087575,0.15971469572953703
63.984,56.154275542012854,7.8297244579871474,7.8297244579871474,0.039194079831577036
6.2208,31.380708199291252,-25.15990819929125,25.15990819929125,-0.12594561351545708
15.2225,42.97077088174488,-27.748270881744883,27.748270881744883,-0.1389024543536649
6.8724,28.774951797504585,-21.902551797504586,21.902551797504586,-0.10963992006014153
4.4344,30.783074521635186,-26.348674521635186,26.348674521635186,-0.13189634682530033
53.2704,86.01817754889899,-32.74777754889899,32.74777754889899,-0.1639290136511698
24.393,35.428126715025144,-11.035126715025143,11.035126715025143,-0.0552397009295846
2.5984,40.74123568065134,-38.142835680651345,38.142835680651345,-0.19093562675058673
6.63,30.675858916796173,-24.045858916796174,24.045858916796174,-0.12036889919444657
-2.6997,18.27207085565812,-20.97177085565812,20.97177085565812,-0.10498061145532515
35.0973,96.28415605393678,-61.186856053936786,61.186856053936786,-0.3062895167881459
53.982,45.4020850946396,8.579914905360397,8.579914905360397,0.042949387498022365
-7.782,-135.23304213128645,127.45104213128646,127.45104213128646,0.6379951614792227
24.318,-20.781208114091633,45.09920811409164,45.09920811409164,0.22575787598265393
5.5328,31.668724429486947,-26.13592442948695,26.13592442948695,-0.1308313611874817
6.8388,27.13005368738918,-20.29125368738918,20.29125368738918,-0.10157407469109929
9.6192,29.69300353125336,-20.07380353125336,20.07380353125336,-0.10048556144587494
11.2308,-26.678340427348488,37.90914042734849,37.90914042734849,0.18976579370430766
1453.1238,745.5507055324401,707.5730944675599,707.5730944675599,3.541973475573241
4.4088,27.88930188965282,-23.48050188965282,23.48050188965282,-0.11753883172858633
303.3408,136.88263428294312,166.4581657170569,166.4581657170569,0.8332572456080315
757.4112,310.13080666992425,447.28039333007575,447.28039333007575,2.238998771584478
112.574,60.29248961116727,52.28151038883273,52.28151038883273,0.26171108611683125
13.8528,3.756264176521734,10.096535823478266,10.096535823478266,0.050541297233532116
11.98,-9.01753739629287,20.99753739629287,20.99753739629287,0.10510959375298337
5.1792,-20.699334811212502,25.878534811212504,25.878534811212504,0.12954291875242555
-5.6007,-147.74274532620095,142.14204532620096,142.14204532620096,0.71153546996863
-28.498,30.82968351768907,-59.32768351768907,59.32768351768907,-0.2969828601877294
40.97,58.54783911250019,-17.577839112500193,17.577839112500193,-0.08799124836879167
20.37,32.3839360436744,-12.013936043674402,12.013936043674402,-0.060139430309950795
25.2784,-10.566923832927948,35.845323832927946,35.845323832927946,0.17943472869767943
3.9474,-15.538224847923406,19.485624847923404,19.485624847923404,0.09754125320190479
43.2234,96.81878618123756,-53.59538618123756,53.59538618123756,-0.26828809313318414
4.7712,-11.409582628976999,16.180782628977,16.180782628977,0.08099785496928665
-11.0208,-159.4400907823955,148.41929078239548,148.41929078239548,0.7429581414627099
-84.9615,38.40044057943568,-123.36194057943568,123.36194057943568,-0.6175259133565543
-15.4188,141.4497988937362,-156.8685988937362,156.8685988937362,-0.7852537367182566
22.9877,40.81424935815462,-17.82654935815462,17.82654935815462,-0.08923624355034837
2.8536,27.856900063755806,-25.003300063755805,25.003300063755805,-0.12516166360771938
15.525,32.295950211646954,-16.770950211646955,16.770950211646955,-0.08395211925703933
-0.9452,-154.65556204008726,153.71036204008726,153.71036204008726,0.7694442164684511
20.586,25.083515089697904,-4.497515089697906,4.497515089697906,-0.022513686965001934
5.0286,-18.108699261511106,23.137299261511107,23.137299261511107,0.11582082603400899
-64.9376,-72.73110051856872,7.79350051856872,7.79350051856872,0.03901274982679868
8.2848,-10.18688329088739,18.47168329088739,18.47168329088739,0.0924656587101365
24.4768,20.492746431375807,3.9840535686241942,3.9840535686241942,0.019943398322612133
6.5058,-7.221685760113829,13.72748576011383,13.72748576011383,0.06871712735942892
-6.8992,-156.9416204263567,150.0424204263567,150.0424204263567,0.7510832131920884
-20.245,-27.823092101134385,7.578092101134384,7.578092101134384,0.03793445712893719
6.123,-0.008389715771528472,6.131389715771529,6.131389715771529,0.03069254598778554
0.8856,-19.18876012474496,20.07436012474496,20.07436012474496,0.10048834764478404
5.4432,-17.806282219805624,23.249482219805625,23.249482219805625,0.11638239213339484
-2.2878,-154.48995270772474,152.20215270772474,152.20215270772474,0.7618944134974098
2.184,21.67333248327199,-19.48933248327199,19.48933248327199,-0.09755981290430793
1.9024,30.22864327850847,-28.32624327850847,28.32624327850847,-0.14179567190950002
3.72,31.726327675526086,-28.006327675526087,28.006327675526087,-0.14019423653971919
15.918,31.310285104711067,-15.392285104711068,15.392285104711068,-0.07705078951648467
9.9216,21.778528848202303,-11.856928848202303,11.856928848202303,-0.05935348278568153
45.84,-9.011354426235677,54.85135442623568,54.85135442623568,0.274575226214881
1.7248,-16.756533501651194,18.481333501651193,18.481333501651193,0.09251396579081315
4.7616,-12.13949244979645,16.90109244979645,16.90109244979645,0.08460358602306173
117.1296,89.53873768610138,27.59086231389861,27.59086231389861,0.13811449763725103
46.7908,27.997773021762594,18.793026978237403,18.793026978237403,0.09407424279287797
-27.7158,-45.91523529322719,18.19943529322719,18.19943529322719,0.09110283811388986
-163.4516,114.89294604031682,-278.3445460403168,278.3445460403168,-1.3933387332755298
-2.994,-6.058241071940984,3.0642410719409834,3.0642410719409834,0.015338995623829045
6.4128,31.452712256840176,-25.039912256840175,25.039912256840175,-0.12534493713493705
25.4744,35.18125782313098,-9.706857823130978,9.706857823130978,-0.04859064485282914
31.2664,56.23088942239358,-24.96448942239358,24.96448942239358,-0.12496738507543795
-5.688,-111.94080503133648,106.25280503133648,106.25280503133648,0.5318809039926023
-84.2928,-105.04994628299562,20.75714628299562,20.75714628299562,0.10390624253214154
97.0784,49.26405857759525,47.81434142240475,47.81434142240475,0.23934930595064485
59.4816,89.42929024689768,-29.94769024689768,29.94769024689768,-0.14991232049179928
23.712,-7.472259880384087,31.184259880384086,31.184259880384086,0.1561023478921543
34.8128,37.69704500930061,-2.8842450093006065,2.8842450093006065,-0.014437970295753822
34.1784,64.38915919368394,-30.210759193683934,30.210759193683934,-0.15122919254226222
7.2744,36.68661675916256,-29.41221675916256,29.41221675916256,-0.14723184421979282
15.3952,31.27428307593661,-15.879083075936608,15.879083075936608,-0.07948760560732428
7.3132,31.84873457335926,-24.535534573359257,24.535534573359257,-0.12282012041913924
75.18,134.0589156377805,-58.878915637780494,58.878915637780494,-0.29473641534725464
50.8768,58.34780871433195,-7.471008714331944,7.471008714331944,-0.03739841849392634
6.674,25.67956780438523,-19.00556780438523,19.00556780438523,-0.09513818088574526
-15.7176,35.98074876924043,-51.698348769240425,51.698348769240425,-0.25879189231944333
1.4976,-16.814136747690338,18.311736747690336,18.311736747690336,0.09166499738207978
8.771,23.38342885005893,-14.61242885005893,14.61242885005893,-0.07314698058093391
1.122,-14.142856653534146,15.264856653534146,15.264856653534146,0.07641290744093504
7.0224,-25.880605910615294,32.90300591061529,32.90300591061529,0.164706056679169
68.9631,52.498488658436244,16.464611341563753,16.464611341563753,0.08241864637507755
9.0,23.536437472350393,-14.536437472350393,14.536437472350393,-0.0727665825042964
11.7576,0.5590726986228702,11.19852730137713,11.19852730137713,0.05605765252677947
19.194,-23.240866719962874,42.43486671996287,42.43486671996287,0.2124207004715116
-106.393,8.8576721254814,-115.2506721254814,115.2506721254814,-0.5769224789668126
-4.7625,-142.22989554178534,137.46739554178535,137.46739554178535,0.6881350811275965
-11.5188,-51.00534300317837,39.48654300317837,39.48654300317837,0.1976619646124095
8.2896,-12.217397713767046,20.506997713767046,20.506997713767046,0.10265404738214515
-12.849,112.03067063977576,-124.87967063977577,124.87967063977577,-0.6251233752425944
202.2528,162.97286625885567,39.27993374114433,39.27993374114433,0.19662771877737956
10.9096,36.60100237158822,-25.691402371588225,25.691402371588225,-0.1286061701073018
4.4604,-21.188962402545187,25.649362402545187,25.649362402545187,0.1283957261878981
-20.7846,12.651434123389132,-33.436034123389135,33.436034123389135,-0.16737429237967685
-14.8704,52.699475917023705,-67.56987591702371,67.56987591702371,-0.3382416744180564
3.7128,-18.549364093710516,22.262164093710517,22.262164093710517,0.11144006936571946
9.3312,29.584997444929975,-20.253797444929972,20.253797444929972,-0.10138657601665495
1.0192,29.70301365840133,-28.683813658401327,28.683813658401327,-0.14358559977862592
8.7138,32.38516480209874,-23.671364802098743,23.671364802098743,-0.11849425439606752
15.092,-18.76811554684149,33.86011554684149,33.86011554684149,0.16949716161410117
-99.3453,-10.824057846759189,-88.5212421532408,88.5212421532408,-0.44312014431174734
7.8166,40.286819636608755,-32.47021963660875,32.47021963660875,-0.16253961265365552
0.0,91.40364277661851,-91.40364277661851,91.40364277661851,-0.4575488819698151
10.3194,-23.988339278229574,34.307739278229576,34.307739278229576,0.17173787906931584
0.3906,16.580626374654376,-16.190026374654376,16.190026374654376,-0.08104412736469034
6.4206,30.071024833385213,-23.650424833385213,23.650424833385213,-0.1183894329799586
7.1864,87.80466865759666,-80.61826865759666,80.61826865759666,-0.4035593940251729
5.6644,31.12869399787002,-25.46429399787002,25.46429399787002,-0.12746930970082215
25.68,-5.316528838278192,30.99652883827819,30.99652883827819,0.155162602759277
83.844,319.054480844689,-235.21048084468902,235.21048084468902,-1.1774179810435286
18.2112,35.87736159322154,-17.666161593221542,17.666161593221542,-0.08843337355198176
43.6752,75.22296922087659,-31.547769220876596,31.547769220876596,-0.15792200504448914
-4.1568,-16.085314803477466,11.928514803477466,11.928514803477466,0.05971182817330399
-86.0586,13.122156105878878,-99.18075610587887,99.18075610587887,-0.4964796007098988
2.9145,-25.082871393882098,27.997371393882098,27.997371393882098,0.14014940313343113
52.493,43.139673934389954,9.353326065610048,9.353326065610048,0.04682093354285602
15.9588,28.248093418973106,-12.289293418973106,12.289293418973106,-0.061517815846706375
10.5,38.048283928321595,-27.548283928321595,27.548283928321595,-0.13790135850925747
13.674,31.80992282319172,-18.13592282319172,18.13592282319172,-0.09078490702522538
8.4656,34.90890701918852,-26.443307019188516,26.443307019188516,-0.13237005872712634
2.3868,-16.370591753188965,18.757391753188966,18.757391753188966,0.09389585977788695
15.9348,-12.410298147089279,28.345098147089278,28.345098147089278,0.14189005571934357
6.4784,-3.0196698433764055,9.498069843376406,9.498069843376406,0.04754549278007305
-10.6068,58.72964027033852,-69.33644027033853,69.33644027033853,-0.3470847524424444
0.504,-14.439513370635716,14.943513370635715,14.943513370635715,0.07480432538279963
-1.049,-11.423701676851262,10.374701676851263,10.374701676851263,0.05193374146602338
12.4416,27.789286690568694,-15.347686690568695,15.347686690568695,-0.07682753851785282
33.1584,-13.71177930302942,46.87017930302942,46.87017930302942,0.23462301377020953
37.5624,37.50983445967341,0.05256554032659011,0.05256554032659011,0.0002631328848167414
5.7716,34.22047778811192,-28.448877788111922,28.448877788111922,-0.14240955644468323
152.0232,123.82030776208398,28.202892237916018,28.202892237916018,0.14117820055936114
0.9588,32.377173914859476,-31.418373914859476,31.418373914859476,-0.15727427727564117
14.3075,14.677769184633602,-0.37026918463360303,0.37026918463360303,-0.0018534956191080558
2.5974,-13.242805934172601,15.840205934172602,15.840205934172602,0.07929299418694823
-29.1168,69.40970473144819,-98.52650473144818,98.52650473144818,-0.4932045454078956
157.4875,133.55863740710592,23.92886259289409,23.92886259289409,0.11978323832175246
140.396,119.42924533796149,20.966754662038497,20.966754662038497,0.10495550136438478
-10.0196,126.6467475127854,-136.6663475127854,136.6663475127854,-0.684125190285841
35.3346,30.732233404410977,4.602366595589025,4.602366595589025,0.023038553237679695
8.0548,37.58666747852411,-29.531867478524113,29.531867478524113,-0.14783079248058104
661.4559,251.31003464279846,410.1458653572016,410.1458653572016,2.05311053737056
1.2348,-26.95202628694328,28.18682628694328,28.18682628694328,0.1410977775293587
14.6264,28.725339438704705,-14.098939438704704,14.098939438704704,-0.07057655232521712
0.9612,-16.87462015603143,17.83582015603143,17.83582015603143,0.08928265136380796
-66.2302,-26.686262145408232,-39.54393785459176,39.54393785459176,-0.19794927209050642
286.3836,303.5988098918125,-17.215209891812492,17.215209891812492,-0.0861759969252498
1.683,-25.10447261114678,26.78747261114678,26.78747261114678,0.1340928848315282
156.047,62.50030821029546,93.54669178970454,93.54669178970454,0.4682765690745883
2.64,-16.12289779522067,18.76289779522067,18.76289779522067,0.0939234219548326
171.36,201.1034054153726,-29.743405415372592,29.743405415372592,-0.1488897103044118
3.9831,34.18267565789874,-30.19957565789874,30.19957565789874,-0.1511732099343536
-2.5093,-130.82077436650616,128.31147436650616,128.31147436650616,0.6423023181228338
15.386,-10.703661101362023,26.089661101362022,26.089661101362022,0.13059977595283748
6.5435,4.1648950188552085,2.3786049811447914,2.3786049811447914,0.011906834527704753
0.0,478.20388965583044,-478.20388965583044,478.20388965583044,-2.393795787771519
-11.5872,-156.49087502610044,144.90367502610044,144.90367502610044,0.7253596518416842
15.599,27.284028257572544,-11.685028257572544,11.685028257572544,-0.05849298181806893
8.7906,29.31498222912151,-20.524382229121514,20.524382229121514,-0.10274107088933143
3.2352,27.90550280260133,-24.67030280260133,24.67030280260133,-0.12349474399804256
3.6288,-15.777278318985832,19.406078318985834,19.406078318985834,0.0971430587287489
4.0338,-18.454318737745936,22.488118737745936,22.488118737745936,0.11257115442550156
-38.8212,-154.97734973642207,116.15614973642207,116.15614973642207,0.5814551240119025
-56.0592,-165.60918711046065,109.54998711046065,109.54998711046065,0.5483859570531362
60.4752,79.36916508979755,-18.893965089797547,18.893965089797547,-0.0945795193736523
11.803,27.487660130347585,-15.684660130347584,15.684660130347584,-0.07851436210541113
37.797,33.82494728622565,3.972052713774346,3.972052713774346,0.01988332437421765
4.95,34.186056722306205,-29.236056722306206,29.236056722306206,-0.14635002129170263
420.588,675.2443281941125,-254.65632819411252,254.65632819411252,-1.274760115814118
13.452,26.533606367824348,-13.081606367824348,13.081606367824348,-0.06548398057389412
39.98,56.14527503481925,-16.165275034819253,16.165275034819253,-0.0809202269650477
-69.312,159.58272158809942,-228.8947215880994,228.8947215880994,-1.1458025169453918
82.497,171.47380490317002,-88.97680490317002,88.97680490317002,-0.4454006029517451
-16.2613,-19.39951741862967,3.1382174186296723,3.1382174186296723,0.015709306846570372
1.9926,-16.580843601231823,18.573443601231823,18.573443601231823,0.09297505105832535
-5.264,-12.22891836297487,6.96491836297487,6.96491836297487,0.03486502849540021
12.7008,-25.92229782308479,38.62309782308479,38.62309782308479,0.19333972575197864
1.1556,-18.756735779451418,19.912335779451418,19.912335779451418,0.09967728524301382
-31.6,21.938587906958197,-53.5385879069582,53.5385879069582,-0.26800377200434417
-2.0622,-133.84181417020625,131.77961417020626,131.77961417020626,0.6596631523466522
6.2208,31.380708199291252,-25.15990819929125,25.15990819929125,-0.12594561351545708
-57.1152,-18.852799842843048,-38.262400157156954,38.262400157156954,-0.19153414329638943
2.502,-13.64019789093378,16.14219789093378,16.14219789093378,0.08080470726514187
6.7252,31.679525038119287,-24.954325038119286,24.954325038119286,-0.12491650414203816
6.045,-17.824862392950582,23.86986239295058,23.86986239295058,0.11948789478072834
1.2192,-14.717378591865678,15.936578591865679,15.936578591865679,0.07977541699243414
19.1786,21.81171988385433,-2.633119883854331,2.633119883854331,-0.01318088669501285
34.742,-6.31580427523949,41.05780427523949,41.05780427523949,0.20552739334669995
5.6994,28.315925930630193,-22.616525930630193,22.616525930630193,-0.11321393589193238
16.146,23.657834750229213,-7.511834750229212,7.511834750229212,-0.037602785699790406
138.417,106.08008894499788,32.33691105500212,32.33691105500212,0.1618722957873008
5.9136,25.341148733905285,-19.427548733905287,19.427548733905287,-0.09725053545553354
3.0128,-16.094096172201102,19.1068961722011,19.1068961722011,0.09564541101353441
5.4504,32.8407235321701,-27.3903235321701,27.3903235321701,-0.1371106394475319
55.845,59.59448852988268,-3.749488529882683,3.749488529882683,-0.01876921129936978
26.5824,-14.768939749665378,41.35133974966538,41.35133974966538,0.20699677491686644
13.6851,34.580278937386566,-20.895178937386568,20.895178937386568,-0.10459720718927508
-8.2764,-11.022130358454913,2.745730358454912,2.745730358454912,0.0137445928579883
-1.8295,-68.25211943132068,66.42261943132068,66.42261943132068,0.332498731287782
0.3399,-15.710964145131946,16.050864145131946,16.050864145131946,0.0803475082738514
-10.05,-141.08773117891553,131.03773117891552,131.03773117891552,0.6559494301917588
41.934,52.11506705198822,-10.181067051988222,10.181067051988222,-0.05096444414454516
-2.9985,-11.802724783194122,8.804224783194122,8.804224783194122,0.044072239177669656
17.22,32.28514960301462,-15.065149603014618,15.065149603014618,-0.07541321273609694
20.097,28.390292345159537,-8.293292345159536,8.293292345159536,-0.04151461063373773
168.4704,155.40769732731246,13.06270267268755,13.06270267268755,0.0653893523477951
3.4048,-20.065699104781977,23.47049910478198,23.47049910478198,0.11748875973041199
7.9488,20.30964607420426,-12.36084607420426,12.36084607420426,-0.06187599454077655
1.598,34.80090093286513,-33.202900932865134,33.202900932865134,-0.16620727291049658
55.5822,0.1531811367735827,55.42901886322642,55.42901886322642,0.27746690218390974
-66.6,-34.36333476127449,-32.23666523872551,32.23666523872551,-0.161370484702248
6.2208,31.380708199291252,-25.15990819929125,25.15990819929125,-0.12594561351545708
53.2608,49.021702298777576,4.239097701222427,4.239097701222427,0.021220099711948156
3.9992,47.04519091905962,-43.04599091905962,43.04599091905962,-0.21547986951059223
3.7128,-12.625011120402831,16.337811120402833,16.337811120402833,0.08178390909696388
24.2012,28.765696295521863,-4.564496295521863,4.564496295521863,-0.022848981871274328
38.532,38.41427586339677,0.11772413660322911,0.11772413660322911,0.0005893041617094946
1.9926,-16.580843601231823,18.573443601231823,18.573443601231823,0.09297505105832535
54.215,-1.224906083803937,55.43990608380394,55.43990608380394,0.2775214014954435
-61.872,-101.74510092331776,39.873100923317764,39.873100923317764,0.19959699847761997
-6.237,-160.03844450062704,153.80144450062704,153.80144450062704,0.7699001575745281
4.1125,-24.16121945725588,28.27371945725588,28.27371945725588,0.1415327478622644
-6.5076,-159.99092182264476,153.48332182264477,153.48332182264477,0.7683076972390493
-533.7325,-111.70305984708,-422.02944015291996,422.02944015291996,-2.1125974045939357
1.816,-14.374639277932797,16.190639277932796,16.190639277932796,0.08104719543945495
91.9954,39.95674238618312,52.03865761381688,52.03865761381688,0.2604954122955665
6.4944,20.7416704194978,-14.247270419497802,14.247270419497802,-0.07131906840402627
-137.976,71.38757560947865,-209.36357560947863,209.36357560947863,-1.0480333938050046
9.63,-32.831666303661756,42.46166630366176,42.46166630366176,0.21255485398209598
-76.9536,77.25725022556853,-154.21085022556852,154.21085022556852,-0.7719495631127385
2.1582,27.262866588977182,-25.10466658897718,25.10466658897718,-0.125669084744069
50.12,85.46618691940489,-35.34618691940489,35.34618691940489,-0.1769361462583507
59.115,49.70789315147548,9.40710684852452,9.40710684852452,0.04709014969602528
682.5168,328.6127912583659,353.9040087416341,353.9040087416341,1.7715747272798235
3.1008,27.727292760167742,-24.626492760167743,24.626492760167743,-0.12327543943505564
19.08,15.181728418296547,3.898271581703451,3.898271581703451,0.019513990357935523
350.427,300.96605196844496,49.46094803155506,49.46094803155506,0.24759189880771593
5.346,31.18629724390916,-25.84029724390916,25.84029724390916,-0.12935150891757194
46.8,38.80028805276788,7.9997119472321145,7.9997119472321145,0.04004500418524828
2.3409,33.570641168732884,-31.229741168732883,31.229741168732883,-0.1563300183875786
2.0286,32.80379795583685,-30.77519795583685,30.77519795583685,-0.15405466335193937
82.2906,56.31650380996793,25.97409619003207,25.97409619003207,0.13002128045344927
31.188,17.555052596017955,13.632947403982044,13.632947403982044,0.06824388671127363
11.3148,30.935073523972296,-19.620273523972294,19.620273523972294,-0.09821527832074442
8.01,31.853125257721075,-23.843125257721077,23.843125257721077,-0.11935405387505205
8.3538,14.096267250746521,-5.742467250746522,5.742467250746522,-0.028745675670154642
0.8064,32.52838243571222,-31.721982435712217,31.721982435712217,-0.15879408255968414
272.9825,210.79537069992776,62.18712930007226,62.18712930007226,0.31129669037040797
54.8604,49.201712442649885,5.658687557350113,5.658687557350113,0.028326290797945738
7.476,33.85404757609678,-26.378047576096783,26.378047576096783,-0.13204338263066517
18.09,27.39765505841143,-9.30765505841143,9.30765505841143,-0.04659231335171952
4.5837,28.585941146438657,-24.002241146438656,24.002241146438656,-0.12015055710812654
20.6946,141.37366823408723,-120.67906823408723,120.67906823408723,-0.6040959755029621
15.7194,15.214130244193562,0.5052697558064381,0.5052697558064381,0.0025292822565878698
-13.896,-159.01238668055487,145.11638668055485,145.11638668055485,0.7264244450678734
-6.0196,-5.854259029388501,-0.16534097061149833,0.16534097061149833,-0.0008276647839077936
544.4175,317.13298212808706,227.28451787191295,227.28451787191295,1.1377421498997886
31.8696,-13.101325776832304,44.9709257768323,44.9709257768323,0.22511571951923012
8.8088,-43.431751451469914,52.24055145146991,52.24055145146991,0.26150605363204477
4.0473,-62.440166500705196,66.4874665007052,66.4874665007052,0.33282334312156214
2.5056,-19.361569862862375,21.867169862862376,21.867169862862376,0.10946280496772627
48.9942,57.78933771965846,-8.795137719658463,8.795137719658463,-0.04402675110263428
22.7024,37.71864622656528,-15.016246226565283,15.016246226565283,-0.07516841193233
3.7208,45.792320317708345,-42.07152031770835,42.07152031770835,-0.21060185895634784
36.4473,37.71316639386754,-1.2658663938675403,1.2658663938675403,-0.006336681292372033
5.4432,-17.806282219805624,23.249482219805625,23.249482219805625,0.11638239213339484
-7.7406,-14.73890936822147,6.998309368221471,6.998309368221471,0.035032177381968864
29.372,-11.423701676851262,40.795701676851266,40.795701676851266,0.20421535864861906
39.98,56.14527503481925,-16.165275034819253,16.165275034819253,-0.0809202269650477
-7.0146,-14.99380373194466,7.97920373194466,7.97920373194466,0.03994234404292874
60.4632,1.6047829369598912,58.85841706304011,58.85841706304011,0.2946338034636412
3.0212,-15.970249193216947,18.991449193216948,18.991449193216948,0.09506750586056271
0.9576,-15.34525397369229,16.30285397369229,16.30285397369229,0.08160892041042594
24.2696,38.54511192540917,-14.275511925409166,14.275511925409166,-0.0714604398971348
5.5616,-7.632179329051578,13.193779329051578,13.193779329051578,0.0660454966299029
80.7772,47.13621674830987,33.64098325169012,33.64098325169012,0.16840022790769493
12.6077,21.557906852723733,-8.950206852723733,8.950206852723733,-0.044802997062934155
1.3392,35.07451635155104,-33.73531635155104,33.73531635155104,-0.16887244108282617
3.2832,-15.892484811064111,19.175684811064112,19.175684811064112,0.09598975357853388
-6.8634,-112.3944305938947,105.5310305938947,105.5310305938947,0.5282678413524954
84.294,80.01395194859663,4.280048051403369,4.280048051403369,0.02142508921097013
7.774,23.20341870618662,-15.42941870618662,15.42941870618662,-0.07723667311283296
18.7812,36.240982083843605,-17.459782083843606,17.459782083843606,-0.0874002778141223
16.7972,2.101681374956339,14.695518625043661,14.695518625043661,0.07356291185558013
13.32,-14.21183966696335,27.53183966696335,27.53183966696335,0.13781904173094622
-9.6565,-165.48289043037116,155.82639043037116,155.82639043037116,0.7800366435838226
19.1376,-7.436328292518507,26.573928292518506,26.573928292518506,0.133023923450217
-114.0174,17.838960997017736,-131.85636099701773,131.85636099701773,-0.6600473320547645
0.891,29.404196819573293,-28.513196819573295,28.513196819573295,-0.14273152502318348
35.6636,42.70694645173696,-7.043346451736959,7.043346451736959,-0.03525762427427767
2.14,-16.410914025416364,18.550914025416365,18.550914025416365,0.09286227237782123
-3.855,-133.53939712850075,129.68439712850076,129.68439712850076,0.6491749027999757
90.72,61.046801283171774,29.673198716828225,29.673198716828225,0.14853826920808402
5.193,-18.113019504964036,23.306019504964034,23.306019504964034,0.11666540680138854
43.3188,74.47864950107464,-31.15984950107464,31.15984950107464,-0.1559801542746768
36.4704,50.477765224234574,-14.007365224234576,14.007365224234576,-0.07011814959448055
8.554,-20.136051758453277,28.69005175845328,28.69005175845328,0.14361682649582977
9.779,-13.727831518416824,23.506831518416824,23.506831518416824,0.11767063273604828
0.564,-17.102152977886032,17.666152977886032,17.666152977886032,0.08843333042528559
84.9436,47.47756746889756,37.46603253110244,37.46603253110244,0.18754768164268162
-1.5936,-110.07021005712436,108.47661005712436,108.47661005712436,0.5430128400113315
34.7865,-2.675208684657022,37.46170868465702,37.46170868465702,0.18752603730721737
-44.019,8.687031596563143,-52.70603159656314,52.70603159656314,-0.2638361568259301
10.3936,-8.288856333897765,18.682456333897765,18.682456333897765,0.09352074762398274
-75.5958,57.15426193207695,-132.75006193207696,132.75006193207696,-0.6645210253478324
-164.9538,-96.84335880850224,-68.11044119149776,68.11044119149776,-0.34094763918547566
2.1,-16.56356262742008,18.66356262742008,18.66356262742008,0.0934261693991711
5.7624,31.16469602664448,-25.402296026644482,25.402296026644482,-0.12715895989903178
98.4802,170.14475088263464,-71.66455088263464,71.66455088263464,-0.3587388219674572
-10.116,-140.98242524475023,130.86642524475025,130.86642524475025,0.6550919059589043
1.0584,-16.917822590560785,17.976222590560784,17.976222590560784,0.08998547868002056
22.3888,37.51703486542829,-15.128234865428293,15.128234865428293,-0.07572900530638532
-4.488,-145.00900171212106,140.52100171212106,140.52100171212106,0.7034208404996578
1.6784,-11.601042981148257,13.279442981148257,13.279442981148257,0.06647431223343499
5.544,-14.792262811716558,20.33626281171656,20.33626281171656,0.10179938162514307
7.9378,-10.284879250062815,18.222679250062814,18.222679250062814,0.09121919284702326
1.926,-23.44837928752153,25.374379287521528,25.374379287521528,0.12701921412538503
10.4148,31.766720388662364,-21.351920388662364,21.351920388662364,-0.10688356617926896
-28.6862,-19.002595051391225,-9.683604948608775,9.683604948608775,-0.04847424547948885
-79.908,7.586229166728508,-87.4942291667285,87.4942291667285,-0.4379791167829475
-4.497,-30.987388666774063,26.490388666774063,26.490388666774063,0.13260574031004432
323.955,220.4695541085656,103.48544589143438,103.48544589143438,0.5180280416557519
3.549,44.78707323341649,-41.23807323341649,41.23807323341649,-0.20642978473682572
8.6855,25.55255108372026,-16.867051083720263,16.867051083720263,-0.08443318155650288
-6.549,102.91532606184246,-109.46432606184247,109.46432606184247,-0.5479571544821118
3.4974,-27.75559156918927,31.25299156918927,31.25299156918927,0.15644640537622595
-5.0098,57.46373849771957,-62.47353849771957,62.47353849771957,-0.31273039918319195
13.9672,32.7935686902189,-18.8263686902189,18.8263686902189,-0.09424114492693597
11.2404,-9.099692462807525,20.340092462807526,20.340092462807526,0.10181855211465286
22.156,-15.527932957139914,37.683932957139916,37.683932957139916,0.18863844885157557
-43.9056,11.558482970705343,-55.46408297070534,55.46408297070534,-0.2776424262952787
15.192,-1.6902636182966297,16.88226361829663,16.88226361829663,0.08450933254978829
5.6784,-17.460662743570794,23.139062743570793,23.139062743570793,0.11582965368267016
-172.557,-159.6275987271449,-12.929401272855074,12.929401272855074,-0.06472207143200688
-9.88,-115.46670284768953,105.58670284768954,105.58670284768954,0.5285465258415023
-378.4,-65.42028264831006,-312.97971735168994,312.97971735168994,-1.566715673504061
3.852,30.588663566253093,-26.736663566253092,26.736663566253092,-0.13383854462167602
5.6644,31.12869399787002,-25.46429399787002,25.46429399787002,-0.12746930970082215
6.7236,30.740662568590203,-24.0170625685902,24.0170625685902,-0.12022475026858094
89.9548,32.180304170899355,57.77449582910065,57.77449582910065,0.2892079043017841
8.2764,-0.741320580710692,9.017720580710693,9.017720580710693,0.04514095767172019
19.4688,37.03741740124359,-17.568617401243586,17.568617401243586,-0.0879450862734185
2.6406,-8.343649858543827,10.984249858543826,10.984249858543826,0.0549850212680961
14.5152,-27.95130172390458,42.466501723904585,42.466501723904585,0.2125790591566246
114.96,63.2736767321627,51.686323267837295,51.686323267837295,0.25873169499519033
9.234,26.317594195177577,-17.083594195177575,17.083594195177575,-0.08551715431224631
-213.5574,0.5425026779139266,-214.09990267791392,214.09990267791392,-1.0717425271499645
55.3616,58.71502940783146,-3.353429407831456,3.353429407831456,-0.016786616262852903
-6.188,-10.837659089311906,4.649659089311906,4.649659089311906,0.023275290275407517
-43.7292,14.379531504563305,-58.1087315045633,58.1087315045633,-0.2908810231729445
9.936,21.087289895732635,-11.151289895732635,11.151289895732635,-0.05582119124927202
5.2029,28.078312540718745,-22.875412540718745,22.875412540718745,-0.11450987197724204
19.7988,74.03749285424243,-54.23869285424243,54.23869285424243,-0.27150836138569184
13.3056,13.302422516269637,0.0031774837303633063,0.0031774837303633063,1.5905866376224022e-05
5.256,25.22594224182701,-19.96994224182701,19.96994224182701,-0.09996565200448529
23.9984,25.55593087639837,-1.5575308763983706,1.5575308763983706,-0.007796697040523631
6.894,36.146586327545634,-29.252586327545636,29.252586327545636,-0.14643276528490637
15.3195,32.62133029511587,-17.30183029511587,17.30183029511587,-0.08660960183948821
762.594,348.4221249257726,414.17187507422744,414.17187507422744,2.0732639600227256
1.6704,30.084635163410624,-28.414235163410623,28.414235163410623,-0.14223614219423245
74.9985,94.70868909982093,-19.710189099820923,19.710189099820923,-0.09866537822870712
5.397,-5.061564033646118,10.458564033646118,10.458564033646118,0.0523535401351488
-1.7495,-1.3359332142470421,-0.4135667857529579,0.4135667857529579,-0.0020702350004098645
1.2528,-26.48543999402625,27.73823999402625,27.73823999402625,0.1388522416780931
0.4728,-17.07623151716842,17.54903151716842,17.54903151716842,0.08784704314199886
11.1024,-17.646362771138136,28.748762771138136,28.748762771138136,0.1439107224216073
-54.5496,-153.86704716901767,99.31744716901767,99.31744716901767,0.4971638496218079
-39.5118,11.3681372639871,-50.8799372639871,50.8799372639871,-0.25469508328815516
-96.4704,25.18337486700794,-121.65377486700794,121.65377486700794,-0.6089751675853976
3.3524,-15.978889680122823,19.331289680122822,19.331289680122822,0.09676868132915833
6.7482,28.72634905865906,-21.97814905865906,21.97814905865906,-0.11001834526586056
13.0928,-25.720686461947807,38.813486461947804,38.813486461947804,0.19429277429802422
-2.5212,-133.75324917942106,131.23204917942107,131.23204917942107,0.656922148358968
2.3244,-19.318367428333026,21.642767428333027,21.642767428333027,0.10833948996723843
88.053,49.546893641944756,38.50610635805524,38.50610635805524,0.19275408920185663
38.9752,27.59083725536919,11.38436274463081,11.38436274463081,0.056987908659993855
30.09,57.94739571345105,-27.85739571345105,27.85739571345105,-0.13944871206534415
22.246,28.53870023209189,-6.292700232091892,6.292700232091892,-0.03150003510036647
260.6112,301.51666387022425,-40.90546387022425,40.90546387022425,-0.20476480686900456
55.016,53.80637192290356,1.2096280770964398,1.2096280770964398,0.006055163202055138
94.926,154.5668308169588,-59.6408308169588,59.6408308169588,-0.2985504147437649
5.6644,31.12869399787002,-25.46429399787002,25.46429399787002,-0.12746930970082215
-1862.3124,676.7005496827612,-2539.0129496827612,2539.0129496827612,-12.709805661393224
9.499,23.878456745707783,-14.379456745707783,14.379456745707783,-0.0719807674778464
0.0,57.045325754180794,-57.045325754180794,57.045325754180794,-0.2855578205369523
21.8352,49.1188204323437,-27.283620432343703,27.283620432343703,-0.13657650445525818
54.1764,69.04350147364637,-14.867101473646372,14.867101473646372,-0.0744218222683219
12.3123,-16.335677601021082,28.647977601021083,28.647977601021083,0.14340621143599053
-8.3524,-11.313026750952563,2.9606267509525637,2.9606267509525637,0.014820322458469816
-48.392,-121.30554773065087,72.91354773065086,72.91354773065086,0.3649910575899507
57.5016,62.93446718019839,-5.432867180198386,5.432867180198386,-0.02719587785210409
78.9516,76.84306051572737,2.108539484272626,2.108539484272626,0.010554939106485379
160.3136,589.4902444103802,-429.1766444103802,429.1766444103802,-2.1483749208708622
10.4076,15.00351837586296,-4.59591837586296,4.59591837586296,-0.023006274702199795
19.488,40.74123568065134,-21.253235680651343,21.253235680651343,-0.10638956969897212
297.69,124.37351024678634,173.31648975321366,173.31648975321366,0.86758868360771
11.998,-0.36552984121419385,12.363529841214193,12.363529841214193,0.06188942895714728
-3.6212,-133.4832339636126,129.86203396361262,129.86203396361262,0.6500641182932873
35.0784,43.62578866697011,-8.547388666970107,8.547388666970107,-0.04278656746636858
1.3944,-13.964286590812819,15.35868659081282,15.35868659081282,0.07688260188191127
5.7376,25.47075603749335,-19.733156037493348,19.733156037493348,-0.09878034625771633
83.7096,104.09864230675015,-20.389042306750156,20.389042306750156,-0.10206358552566563
9.0,23.536437472350393,-14.536437472350393,14.536437472350393,-0.0727665825042964
226.7946,505.9588554422741,-279.1642554422741,279.1642554422741,-1.3974420393256215
3.7744,33.90085021350359,-30.12645021350359,30.12645021350359,-0.15080715816321885
161.19,65.3670447361072,95.8229552638928,95.8229552638928,0.47967110189675266
9.6975,60.99856765208669,-51.301067652086694,51.301067652086694,-0.2568031802127973
6.2208,31.380708199291252,-25.15990819929125,25.15990819929125,-0.12594561351545708
23.988,47.67601690409707,-23.68801690409707,23.68801690409707,-0.11857761158425313
4.4712,28.321326234946362,-23.850126234946362,23.850126234946362,-0.1193890994072083
6.5569,-29.19848244156082,35.75538244156082,35.75538244156082,0.17898449956224538
35.985,39.04093030254239,-3.055930302542393,3.055930302542393,-0.015297393526460486
6.8724,28.774951797504585,-21.902551797504586,21.902551797504586,-0.10963992006014153
8.085,-20.811449818262183,28.896449818262184,28.896449818262184,0.14465001509354353
1.375,-22.56992978542466,23.94492978542466,23.94492978542466,0.11986366756675225
2.6892,-16.209302664279374,18.898502664279373,18.898502664279373,0.09460223359015336
-374.9925,196.78826232817246,-571.7807623281725,571.7807623281725,-2.8622234364824126
1.3316,-9.887416852392754,11.219016852392754,11.219016852392754,0.05616021923937946
14.144,30.61184574648651,-16.46784574648651,16.46784574648651,-0.08243483717788683
29.4492,28.723320198796,0.7258798012040018,0.7258798012040018,0.0036336132936960136
2.0271,27.343871153719725,-25.316771153719724,25.316771153719724,-0.1267308389970786
1.8468,33.24122260544656,-31.394422605446557,31.394422605446557,-0.15715438167289833
61.389,87.2090542198493,-25.820054219849304,25.820054219849304,-0.12925017627102842
75.168,81.89671883249142,-6.72871883249141,6.72871883249141,-0.033682659523972876
4.2336,27.640887891109035,-23.407287891109036,23.407287891109036,-0.11717233667258384
18.6624,24.19786518184614,-5.5354651818461384,5.5354651818461384,-0.027709463520248542
54.2808,47.463957138872146,6.816842861127853,6.816842861127853,0.03412379129457223
6.3504,31.380708199291252,-25.03030819929125,25.03030819929125,-0.12529686108828952
5.8065,34.996321508201575,-29.189821508201575,29.189821508201575,-0.14611857679038326
10.179,23.517426838008813,-13.338426838008813,13.338426838008813,-0.06676957396416021
-17.469,-176.3566614377741,158.8876614377741,158.8876614377741,0.7953607716414642
15.552,25.993575936207417,-10.441575936207418,10.441575936207418,-0.05226850101905068
125.99,113.84133586728748,12.148664132712511,12.148664132712511,0.060813852954789686
2.0416,24.390695174259495,-22.349095174259496,22.349095174259496,-0.11187522946990502
-18.0588,61.90544421695907,-79.96424421695907,79.96424421695907,-0.4002854747096595
122.2936,87.057759626601,35.235840373399,35.235840373399,0.17638377288218648
15.2292,22.793786059642127,-7.564586059642126,7.564586059642126,-0.03786684850857046
2.19,30.36185078497398,-28.17185078497398,28.17185078497398,-0.1410228130752643
9.192,-10.330750524167478,19.522750524167478,19.522750524167478,0.09772709712608364
240.8595,108.6452334951783,132.2142665048217,132.2142665048217,0.6618389375091199
9.48,-18.107188739451246,27.587188739451246,27.587188739451246,0.1380961084371036
10.7301,30.195231832657104,-19.465131832657104,19.465131832657104,-0.09743866914793878
16.296,32.90157477654228,-16.605574776542284,16.605574776542284,-0.0831242819505729
14.7582,14.815876093309784,-0.05767609330978374,0.05767609330978374,-0.0002887153204032791
1.1946,29.69941345552388,-28.50481345552388,28.50481345552388,-0.1426895595310933
5.5392,34.08727028164642,-28.548070281646417,28.548070281646417,-0.14290609480068095
390.977,173.160869059014,217.81613094098597,217.81613094098597,1.0903452440139823
5.3949,28.067511932086408,-22.672611932086408,22.672611932086408,-0.1134946915213679
13.8684,-13.473078036511389,27.34147803651139,27.34147803651139,0.1368661283837604
12.1068,22.98113621935773,-10.87433621935773,10.87433621935773,-0.05443481493938623
5.6994,28.315925930630193,-22.616525930630193,22.616525930630193,-0.11321393589193238
5.5888,32.64077920639742,-27.05197920639742,27.05197920639742,-0.13541695347096247
3.4092,87.45465849700001,-84.04545849700001,84.04545849700001,-0.4207152406816307
-34.196,31.60139154820601,-65.79739154820601,65.79739154820601,-0.3293689619459341
-8.796,-131.9970702158028,123.20107021580282,123.20107021580282,0.616720627562834
-94.5084,164.93590691863662,-259.4443069186366,259.4443069186366,-1.2987278073169084
-6.445,-17.248829932559193,10.803829932559193,10.803829932559193,0.05408187416244855
16.7946,-7.128150926209113,23.922750926209112,23.922750926209112,0.11975264450542591
20.1544,-7.277919365910872,27.43231936591087,27.43231936591087,0.1373208624341851
2.7984,-16.85143797579802,19.64983797579802,19.64983797579802,0.09836327222413808
7.996,-12.136541846585612,20.13254184658561,20.13254184658561,0.10077959404340217
11.198,13.784918871026951,-2.586918871026951,2.586918871026951,-0.012949613398644314
-55.256,22.14293854857938,-77.39893854857938,77.39893854857938,-0.3874440528054308
7.584,32.46076906252511,-24.87676906252511,24.87676906252511,-0.12452827399228454
39.9234,61.53949359068664,-21.61609359068664,21.61609359068664,-0.10820596591696861
39.5868,42.28111289224396,-2.694312892243964,2.694312892243964,-0.013487207009198495
100.1403,3.183604964794457,96.95669503520554,96.95669503520554,0.4853463829802059
4.4312,-15.443179491958826,19.874379491958827,19.874379491958827,0.0994872834402585
37.7874,42.28111289224396,-4.493712892243963,4.493712892243963,-0.02249465390306663
80.3208,65.8746041726476,14.446195827352412,14.446195827352412,0.07231485035750602
284.1855,196.56218776241423,87.62331223758576,87.62331223758576,0.4386252815632321
0.1744,29.83262096198939,-29.658220961989393,29.658220961989393,-0.14846329347656234
3.14,-15.834881565024975,18.974881565024976,18.974881565024976,0.09498457153184396
153.4725,165.56444098760255,-12.091940987602555,12.091940987602555,-0.060529907907979026
9.9296,17.438265140970937,-7.508665140970937,7.508665140970937,-0.037586919251491956
145.0696,86.51210975219792,58.55749024780209,58.55749024780209,0.293127422277025
9.2552,32.66958082941699,-23.414380829416984,23.414380829416984,-0.11720784254405785
421.5853,193.4772521733828,228.10804782661722,228.10804782661722,1.141864580894847
1.9845,-13.622987358030919,15.60748735803092,15.60748735803092,0.0781280501968333
72.8946,77.64691537735223,-4.752315377352232,4.752315377352232,-0.023789167713911943
80.6312,84.87252255238673,-4.24132255238672,4.24132255238672,-0.021231236884733044
22.9008,-16.8080946594509,39.708894659450905,39.708894659450905,0.1987750138152763
6.888,-22.98755331920842,29.87555331920842,29.87555331920842,0.14955121704328989
54.8613,51.407627186570046,3.4536728134299537,3.4536728134299537,0.017288415280519324
1013.127,813.0879300178804,200.0390699821196,200.0390699821196,1.0013567297781005
29.4455,31.438882788344777,-1.9933827883447783,1.9933827883447783,-0.00997848705411047
4.536,27.786696107645604,-23.250696107645602,23.250696107645602,-0.11638846862014249
90.6444,24.778427936687756,65.86597206331226,65.86597206331226,0.32971226268383214
9.102,47.89446969037648,-38.79246969037648,38.79246969037648,-0.19418756842172696
-1.7772,-4.847062383059207,3.069862383059207,3.069862383059207,0.01536713481543253
-7.9634,-109.0491925210806,101.0857925210806,101.0857925210806,0.506015842979997
-56.996,96.72433766540442,-153.72033766540443,153.72033766540443,-0.7694941525111751
57.5928,57.84579955139819,-0.2529995513981902,0.2529995513981902,-0.0012664666129774706
0.668,-16.681649281800315,17.349649281800314,17.349649281800314,0.08684897439871836
3.465,-15.615918789167367,19.080918789167367,19.080918789167367,0.09551537327977981
0.9048,-14.232141684894813,15.136941684894813,15.136941684894813,0.07577258995346722
3.7996,30.534660523091397,-26.7350605230914,26.7350605230914,-0.13383052009897536
8.88,32.24475688987834,-23.364756889878336,23.364756889878336,-0.11695943474142426
9.9882,86.01817754889899,-76.02997754889898,76.02997754889898,-0.38059129994092167
58.42,81.62873975980771,-23.208739759807713,23.208739759807713,-0.1161784432922496
55.647,57.261337926827565,-1.6143379268275666,1.6143379268275666,-0.008081062101065075
8.1144,26.298802699305973,-18.184402699305974,18.184402699305974,-0.0910275878685734
70.196,226.18968823459718,-155.9936882345972,155.9936882345972,-0.7808741038967195
1.419,29.821820353357055,-28.402820353357054,28.402820353357054,-0.14217900187225782
86.3892,69.28263447309038,17.10656552690962,17.10656552690962,0.08563214433706448
22.9488,43.8014081264806,-20.852608126480604,20.852608126480604,-0.10438410597861354
4.7724,72.0017972655166,-67.2293972655166,67.2293972655166,-0.33653730442142077
12.2325,-1.3647348372666102,13.59723483726661,13.59723483726661,0.06806511653892007
4.7232,30.819076550409648,-26.09587655040965,26.09587655040965,-0.13063088928351327
3.501,33.41043214068653,-29.90943214068653,29.90943214068653,-0.14972080784316258
26.901,30.04380417333438,-3.1428041733343797,3.1428041733343797,-0.01573226724971467
25.02,26.206778387461114,-1.1867783874611142,1.1867783874611142,-0.00594078209394601
8.498,34.658895154459955,-26.160895154459958,26.160895154459958,-0.13095635978651238
3.4216,-21.672829669273952,25.094429669273953,25.094429669273953,0.12561784071240087
4.2384,-10.014073552769975,14.252473552769976,14.252473552769976,0.07134511427855714
38.725,-4.223295921958886,42.94829592195889,42.94829592195889,0.21499082733087596
39.4255,56.48233228080043,-17.05683228080043,17.05683228080043,-0.08538318936696988
-3701.8928,216.4963260473818,-3918.389126047382,3918.389126047382,-19.614694877393674
-10.0602,-110.83914295083795,100.77894295083796,100.77894295083796,0.5044798136322328
-26.8544,-160.62088688528897,133.76648688528897,133.76648688528897,0.6696090512384957
-26.946,39.229994491301156,-66.17599449130115,66.17599449130115,-0.33126417474119463
-13.32,-165.00586354910953,151.68586354910954,151.68586354910954,0.759309970250713
-12.09,-156.84729511096762,144.75729511096762,144.75729511096762,0.7246269024186055
131.355,104.90304174254297,26.451958257457022,26.451958257457022,0.1324133651455268
252.588,103.60544909712978,148.98255090287023,148.98255090287023,0.7457777122210794
134.652,69.62803481085523,65.02396518914476,65.02396518914476,0.32549733981880175
16.7886,43.20298396734017,-26.414383967340168,26.414383967340168,-0.1322252755474372
2.9808,30.538260725968843,-27.557460725968845,27.557460725968845,-0.13794729577582598
23.9169,34.871895370459704,-10.954995370459706,10.954995370459706,-0.05483857898298717
40.473,47.14476784120377,-6.671767841203774,6.671767841203774,-0.03339757392345241
-30.098,129.66514746330665,-159.76314746330667,159.76314746330667,-0.7997432846354112
-8.5794,64.1550318936786,-72.73443189367859,72.73443189367859,-0.3640944385005996
6.9986,-7.4824813302587,14.4810813302587,14.4810813302587,0.07248948040907559
-66.3916,-2.962900750884085,-63.42869924911591,63.42869924911591,-0.31751174837920715
21.024,-19.400240731212158,40.42424073121216,40.42424073121216,0.20235589730539894
-29.2524,-21.58927037792743,-7.663129622072571,7.663129622072571,-0.03836013844150633
1.6308,-13.811637988809096,15.442437988809097,15.442437988809097,0.07730184511284308
-31.008,-157.39661562915703,126.38861562915703,126.38861562915703,0.6326768607697814
-5.8869,-159.99632212696093,154.10942212696094,154.10942212696094,0.7714418337519773
1.5552,-15.777278318985832,17.33247831898583,17.33247831898583,0.0867630198940679
-43.1178,-21.9987979989733,-21.119002001026704,21.119002001026704,-0.10571762197162553
2.6376,-65.51142913454566,68.14902913454567,68.14902913454567,0.34114080293325144
2.2066,-15.774398156683876,17.980998156683874,17.980998156683874,0.09000938423645152
-21.4236,-48.0148736113538,26.5912736113538,26.5912736113538,0.1331107507472416
28.217,31.751881300212617,-3.534881300212618,3.534881300212618,-0.017694929191837672
1.2064,-17.044549731846896,18.250949731846895,18.250949731846895,0.09136070938772248
36.7173,56.48953268655532,-19.77223268655532,19.77223268655532,-0.09897595637287473
2.1402,33.33842808313761,-31.198228083137607,31.198228083137607,-0.1561722700020271
9.6832,-9.440921254680543,19.124121254680542,19.124121254680542,0.09573163643071574
-21.0848,-146.9695313173605,125.88473131736049,125.88473131736049,0.6301545137768055
12.178,11.506640049270127,0.6713599507298742,0.6713599507298742,0.0033606975118757763
-3.3792,-157.3376427428758,153.9584427428758,153.9584427428758,0.7706860602807004
9.072,-21.86429002144521,30.93629002144521,30.93629002144521,0.15486105894268673
9.0576,-1.8285114087905612,10.886111408790562,10.886111408790562,0.054493759250535206
12.4416,27.789286690568694,-15.347686690568695,15.347686690568695,-0.07682753851785282
9.702,32.322951733227804,-22.620951733227805,22.620951733227805,-0.11323609060009107
100.4255,57.05432626137441,43.371173738625586,43.371173738625586,0.21710767154351363
38.376,34.55305827733574,3.822941722664261,3.822941722664261,0.019136903715266815
54.215,-1.224906083803937,55.43990608380394,55.43990608380394,0.2775214014954435
-6.462,69.49006751226746,-75.95206751226746,75.95206751226746,-0.38020129743038605
45.4671,-1.2753089240881827,46.74240892408818,46.74240892408818,0.233983420070686
0.3336,-16.842938370709906,17.176538370709906,17.176538370709906,0.08598241480196611
3.15,-18.985708682456995,22.135708682456993,22.135708682456993,0.11080705813902814
13.2,-33.737406906718334,46.93740690671834,46.93740690671834,0.23495954209633488
-13.3936,-131.0844187863702,117.69081878637022,117.69081878637022,0.5891373791897789
42.8148,53.610951347567116,-10.796151347567118,10.796151347567118,-0.05404343665742678
41.823,42.81574301954472,-0.9927430195447187,0.9927430195447187,-0.004969478730580945
6.2496,-20.35371533497767,26.603315334977673,26.603315334977673,0.13317102927678073
15.093,-12.246128895877732,27.33912889587773,27.33912889587773,0.13685436904203319
-12.196,11.558482970705343,-23.754482970705343,23.754482970705343,-0.1189103278036698
6.465,52.32308833739573,-45.85808833739573,45.85808833739573,-0.22955668297955198
3.7596,-18.523442632992904,22.283042632992903,22.283042632992903,0.1115445832780278
15.147,23.020018410434155,-7.873018410434154,7.873018410434154,-0.03941080094833377
95.9904,34.029509250573476,61.96089074942652,61.96089074942652,0.31016418412927915
-2.5872,-124.28489889388848,121.69769889388849,121.69769889388849,0.6091950427323862
1.4442,-13.964286590812819,15.408486590812819,15.408486590812819,0.07713189100901732
190.3881,128.82450241760927,61.56359758239074,61.56359758239074,0.3081754117032641
-6.3,-114.43063490046939,108.13063490046939,108.13063490046939,0.5412809555775384
-26.2272,-154.76709788837923,128.53989788837922,128.53989788837922,0.643445761905529
5.123,22.123357842952764,-17.000357842952763,17.000357842952763,-0.08510048930040663
14.8,34.37607699332648,-19.576076993326478,19.576076993326478,-0.09799403907283656
2.2908,32.906403737844066,-30.615603737844065,30.615603737844065,-0.1532557656954214
161.9919,65.79474883794781,96.19715116205218,96.19715116205218,0.48154425388106625
4.4736,-27.36374861430536,31.837348614305363,31.837348614305363,0.1593715832415927
1.6704,30.084635163410624,-28.414235163410623,28.414235163410623,-0.14223614219423245
60.392,63.401404405930464,-3.0094044059304608,3.0094044059304608,-0.015064493924970222
5.1792,-20.699334811212502,25.878534811212504,25.878534811212504,0.12954291875242555
-40.0036,-114.75876208016587,74.75516208016586,74.75516208016586,0.37420982131799446
9.9522,3.2808260739721895,6.67137392602781,6.67137392602781,0.033395602060593575
11.206,27.91968447564113,-16.71368447564113,16.71368447564113,-0.08366545810559399
132.99,112.23643586543086,20.753564134569146,20.753564134569146,0.10388831099289654
46.225,0.0969475309765393,46.12805246902346,46.12805246902346,0.23090807098604638
16.2688,36.19057924355936,-19.921779243559364,19.921779243559364,-0.09972455739008866
4.0192,31.30870414174233,-27.289504141742327,27.289504141742327,-0.13660595716168647
33.93,-4.318482159741226,38.24848215974123,38.24848215974123,0.191464472504686
6.0168,31.40230941655593,-25.38550941655593,25.38550941655593,-0.12707492938947265
83.733,58.80942516412942,24.923574835870582,24.923574835870582,0.1247625746023411
21.1344,32.18153420105305,-11.047134201053048,11.047134201053048,-0.05529980807236843
11.5432,33.46882586821004,-21.92562586821004,21.92562586821004,-0.10975542437630512
20.9664,25.061913872433227,-4.0955138724332265,4.0955138724332265,-0.0205013469540083
610.8624,622.1715428713621,-11.309142871362155,11.309142871362155,-0.056611372584729376
17.524,32.29393097173825,-14.769930971738248,14.769930971738248,-0.0739354056096646
0.1008,29.50140229726434,-29.400602297264342,29.400602297264342,-0.14717370447946324
1.356,35.32811151594102,-33.972111515941016,33.972111515941016,-0.1700577916818967
5.2528,32.42476703375065,-27.171967033750647,27.171967033750647,-0.1360175892288789
2.5452,25.305146705130824,-22.759946705130822,22.759946705130822,-0.11393187243177447
5.5566,34.05126825287196,-28.494668252871957,28.494668252871957,-0.14263877461716937
70.312,51.889044752193485,18.422955247806513,18.422955247806513,0.0922217355911562
8.532,32.46076906252511,-23.92876906252511,23.92876906252511,-0.11978277012689219
282.2092,209.623504663319,72.585695336681,72.585695336681,0.3633498921860877
3.4086,28.445533234218257,-25.036933234218257,25.036933234218257,-0.12533002472632165
16.3172,-5.276206566050792,21.593406566050792,21.593406566050792,0.10809239907825167
-2.61,-133.808332283446,131.19833228344598,131.19833228344598,0.6567533681267118
-17.9424,-133.29703303393975,115.35463303393976,115.35463303393976,0.5774428870817271
32.6628,34.619801640656895,-1.9570016406568982,1.9570016406568982,-0.00979637009527055
1.197,-14.19606921521147,15.393069215211469,15.393069215211469,0.07705471462134812
3.1104,33.17641895365253,-30.06601895365253,30.06601895365253,-0.15050465101425922
19.99,-6.128734607430051,26.11873460743005,26.11873460743005,0.13074531227712685
0.0636,30.19264124973401,-30.12904124973401,30.12904124973401,-0.15082012838731887
-21.2136,129.1785510580233,-150.39215105802327,150.39215105802327,-0.7528338968043456
-6.38,-141.6925652623265,135.3125652623265,135.3125652623265,0.6773484192916931
-24.4764,-45.267198775286865,20.790798775286863,20.790798775286863,0.10407470037206577
63.686,94.06832839262395,-30.382328392623954,30.382328392623954,-0.1520880346274438
28.7064,-5.294857180104632,34.00125718010463,34.00125718010463,0.17020368921559698
6.7392,28.612942668019503,-21.873742668019503,21.873742668019503,-0.10949570715367524
98.1396,45.53640070254412,52.60319929745588,52.60319929745588,0.26332139831021206
5.58,31.056689940321096,-25.476689940321094,25.476689940321094,-0.1275313613810086
22.4316,37.30203231273588,-14.870432312735883,14.870432312735883,-0.07443849580183906
57.5928,57.84579955139819,-0.2529995513981902,0.2529995513981902,-0.0012664666129774706
0.0,27.154860502653797,-27.154860502653797,27.154860502653797,-0.13593195725689203
4.6812,30.840677767674325,-26.159477767674325,26.159477767674325,-0.13094926462356937
28.7964,46.40896462970599,-17.612564629705993,17.612564629705993,-0.08816507756301939
2.4138,27.694890934270727,-25.28109093427073,25.28109093427073,-0.12655223074885785
9.6914,32.75958590135314,-23.06818590135314,23.06818590135314,-0.11547485797727915
48.4575,36.603154677571354,11.85434532242865,11.85434532242865,0.059340550157469286
83.314,73.72326558395027,9.590734416049727,9.590734416049727,0.048009353632189264
96.8544,95.76831742250764,1.0860825774923626,1.0860825774923626,0.005436718427874782
27.608,37.29821297138845,-9.690212971388451,9.690212971388451,-0.04850732395801581
38.456,-16.613331499524403,55.06933149952441,55.06933149952441,0.2756663771050272
22.4808,-6.4801144082688005,28.9609144082688,28.9609144082688,0.14497271230984873
34.974,63.336530313227556,-28.36253031322756,28.36253031322756,-0.14197731775709818
0.0,-2.7675852010462876,2.7675852010462876,2.7675852010462876,0.013853993955029347
-143.2548,-1.863653786901125,-141.39114621309886,141.39114621309886,-0.7077766148591936
20.7459,22.073885094241298,-1.3279850942412992,1.3279850942412992,-0.0066476354408285965
7.11,-16.510209183925,23.620209183925,23.620209183925,0.11823817930769195
2.085,-13.480419324084046,15.565419324084047,15.565419324084047,0.07791746578997218
-6.9102,-109.46530553280448,102.55510553280448,102.55510553280448,0.513370938524941
25.5968,5.394794762699707,20.202005237300295,20.202005237300295,0.1011273142851108
55.3896,37.97663207531707,17.41296792468293,17.41296792468293,0.08716593522630364
7.8225,-16.099786055896132,23.92228605589613,23.92228605589613,0.11975031745493313
71.772,108.59108048272614,-36.819080482726136,36.819080482726136,-0.18430916534912334
24.882,57.486350606667955,-32.60435060666795,32.60435060666795,-0.16321104623686727
12.0609,34.126653374828344,-22.065753374828343,22.065753374828343,-0.11045687545679557
100.656,66.79590390472941,33.86009609527059,33.86009609527059,0.16949706424331543
56.5264,35.00286449854652,21.52353550145348,21.52353550145348,0.10774263810027106
-54.3204,44.58235348403487,-98.90275348403486,98.90275348403486,-0.49508797358273643
14.904,31.674915215287488,-16.770915215287488,16.770915215287488,-0.08395194407206134
6.2208,31.380708199291252,-25.15990819929125,25.15990819929125,-0.12594561351545708
45.528,37.23520942103314,8.292790578966859,8.292790578966859,0.04151209888963765
3.5048,34.43648996075869,-30.931689960758693,30.931689960758693,-0.154838031932382
4.6221,28.769551493188413,-24.147451493188413,24.147451493188413,-0.12087745189905051
17.991,39.206758773374894,-21.215758773374894,21.215758773374894,-0.10620196758046647
-143.431,45.24690726314897,-188.677907263149,188.677907263149,-0.944484955940309
-35.8176,-168.49899951927782,132.68139951927782,132.68139951927782,0.6641773146459912
-4.5936,-136.30068229459312,131.7070822945931,131.7070822945931,0.6593000718655485
28.7952,10.988210834917867,17.806989165082136,17.806989165082136,0.08913832902309808
16.8237,-11.6326543255609,28.4563543255609,28.4563543255609,0.1424469825389489
11.995,36.32839657285667,-24.33339657285667,24.33339657285667,-0.12180825685086108
353.5792,160.4228334732878,193.15636652671222,193.15636652671222,0.9669032531409857
53.9946,65.04620530629056,-11.051605306290561,11.051605306290561,-0.05532218955674311
20.1408,38.22987503516264,-18.089075035162644,18.089075035162644,-0.09055039609782341
8.7372,30.45444643983323,-21.717246439833232,21.717246439833232,-0.1087123174323912
944.9865,477.4910494860961,467.4954505139039,467.4954505139039,2.3401914213787647
3.4552,-15.8665633503465,19.3217633503465,19.3217633503465,0.096720994372643
-40.196,111.11156522493133,-151.30756522493132,151.30756522493132,-0.757416282318583
13.482,19.629998211851298,-6.147998211851299,6.147998211851299,-0.03077568489321265
47.8065,55.760272465402494,-7.953772465402494,7.953772465402494,-0.03981504006225609
2.5146,-14.570419873556993,17.085019873556995,17.085019873556995,0.0855242909812973
3.6744,-13.991507250863641,17.66590725086364,17.66590725086364,0.08843210036354024
48.3771,44.61404435682909,3.763055643170908,3.763055643170908,0.01883712563328485
-1.7772,-4.847062383059207,3.069862383059207,3.069862383059207,0.01536713481543253
19.9155,31.024859457438467,-11.109359457438465,11.109359457438465,-0.055611295619522466
9.9456,29.517384071742867,-19.57178407174287,19.57178407174287,-0.09797254954122385
4.816,16.253007912806773,-11.437007912806774,11.437007912806774,-0.05725144014635806
87.1962,33.74832686183095,53.44787313816906,53.44787313816906,0.26754967149175235
29.9646,188.11027323066932,-158.14567323066933,158.14567323066933,-0.7916465227966423
13.299,29.368766133813217,-16.069766133813218,16.069766133813218,-0.08044212795776551
0.4074,33.41921350941017,-33.01181350941017,33.01181350941017,-0.16525072638451196
1.07,-14.06509227138131,15.13509227138131,15.13509227138131,0.07576333214863913
32.13,6.611733776185403,25.5182662238146,25.5182662238146,0.12773948418061523
539.2464,363.87700666889407,175.36939333110593,175.36939333110593,0.8778651201732854
793.716,444.2351158564617,349.48088414353833,349.48088414353833,1.7494334246665584
15.9543,41.2010520290101,-25.2467520290101,25.2467520290101,-0.12638033685893416
14.7593,39.19055786042639,-24.43125786042639,24.43125786042639,-0.12229813144836568
8.69,32.17635303520686,-23.48635303520686,23.48635303520686,-0.11756812142673366
20.724,-7.695542899694633,28.419542899694633,28.419542899694633,0.142262711691123
3.1104,33.17641895365253,-30.06601895365253,30.06601895365253,-0.15050465101425922
11.5587,-14.440812569968926,25.99951256996893,25.99951256996893,0.13014850991466725
10.2588,31.60139154820601,-21.34259154820601,21.34259154820601,-0.10683686781593009
21.7845,28.504717443226134,-6.720217443226133,6.720217443226133,-0.0336401032205767
109.7208,63.43129517728596,46.289504822714036,46.289504822714036,0.23171627010895285
2.19,30.36185078497398,-28.17185078497398,28.17185078497398,-0.1410228130752643
1.8688,-15.961608706311079,17.83040870631108,17.83040870631108,0.08925556269759984
3.24,35.25013581106153,-32.01013581106153,32.01013581106153,-0.16023652238726432
23.7742,-5.8378382149324,29.6120382149324,29.6120382149324,0.1482321116150925
-67.6704,17.444881226903803,-85.1152812269038,85.1152812269038,-0.42607056547070565
3.6288,-15.777278318985832,19.406078318985834,19.406078318985834,0.0971430587287489
6.432,34.42208914924891,-27.99008914924891,27.99008914924891,-0.14011294963126283
2.3406,32.906403737844066,-30.565803737844067,30.565803737844067,-0.15300647656831537
51.5543,33.98220698279053,17.57209301720947,17.57209301720947,0.08796248453185808
18.09,27.39765505841143,-9.30765505841143,9.30765505841143,-0.04659231335171952
331.191,161.53164242184843,169.65935757815154,169.65935757815154,0.8492817902817522
6.5975,18.332125074531945,-11.734625074531944,11.734625074531944,-0.058741253850338966
54.9976,50.56978953607944,4.427810463920558,4.427810463920558,0.02216475914742585
42.225,45.49767502477215,-3.2726750247721483,3.2726750247721483,-0.01638237550657092
33.6042,0.27962651442416586,33.32457348557583,33.32457348557583,0.16681634207632018
27.196,22.425405776897804,4.770594223102197,4.770594223102197,0.023880668065347988
5.2332,17.60128389041037,-12.368083890410372,12.368083890410372,-0.06191222564286843
6.4128,31.452712256840176,-25.039912256840175,25.039912256840175,-0.12534493713493705
31.198,27.284028257572544,3.9139717424274565,3.9139717424274565,0.01959258231300203
0.0,16.731834895507117,-16.731834895507117,16.731834895507117,-0.08375631558199961
4.6816,-21.16016077952562,25.841760779525618,25.841760779525618,0.12935883509259838
153.1152,25.55965632960689,127.55554367039309,127.55554367039309,0.6385182758861531
22.3548,47.48722539150113,-25.132425391501126,25.132425391501126,-0.1258080399177779
5.369,-23.556385373844915,28.925385373844914,28.925385373844914,0.1447948608644983
16.7132,20.63805501753623,-3.924855017536231,3.924855017536231,-0.019647061874285596
27.4344,46.685170631315,-19.250770631315003,19.250770631315003,-0.0963656186104292
15.12,11.020684373453124,4.0993156265468755,4.0993156265468755,0.02052037779666821
16.124,33.13198776069884,-17.007987760698843,17.007987760698843,-0.08513868318664783
15.2208,38.53352083529246,-23.312720835292456,23.312720835292456,-0.11669895235938094
28.7964,46.40896462970599,-17.612564629705993,17.612564629705993,-0.08816507756301939
55.647,57.261337926827565,-1.6143379268275666,1.6143379268275666,-0.008081062101065075
4.1028,-16.060903864819714,20.163703864819716,20.163703864819716,0.10093558505393316
15.6332,45.6015095652037,-29.968309565203697,29.968309565203697,-0.15001553679424967
19.3932,28.902679471272346,-9.509479471272346,9.509479471272346,-0.04760260716117312
13.32,28.451724020018794,-15.131724020018794,15.131724020018794,-0.07574647133655006
72.948,72.81904331869688,0.12895668130310867,0.12895668130310867,0.0006455320987258139
